Copyright 1986-2018 Xilinx, Inc. All Rights Reserved.
-----------------------------------------------------------------------------------------------------------------------------------------------------------------------------------------------------------------------------------------
| Tool Version : Vivado v.2018.3 (win64) Build 2405991 Thu Dec  6 23:38:27 MST 2018
| Date         : Tue Apr  8 16:06:46 2025
| Host         : U211170 running 64-bit major release  (build 9200)
| Command      : report_timing_summary -max_paths 10 -file h2_blockDesign_wrapper_timing_summary_routed.rpt -pb h2_blockDesign_wrapper_timing_summary_routed.pb -rpx h2_blockDesign_wrapper_timing_summary_routed.rpx -warn_on_violation
| Design       : h2_blockDesign_wrapper
| Device       : 7z020-clg484
| Speed File   : -1  PRODUCTION 1.11 2014-09-11
-----------------------------------------------------------------------------------------------------------------------------------------------------------------------------------------------------------------------------------------

Timing Summary Report

------------------------------------------------------------------------------------------------
| Timer Settings
| --------------
------------------------------------------------------------------------------------------------

  Enable Multi Corner Analysis               :  Yes
  Enable Pessimism Removal                   :  Yes
  Pessimism Removal Resolution               :  Nearest Common Node
  Enable Input Delay Default Clock           :  No
  Enable Preset / Clear Arcs                 :  No
  Disable Flight Delays                      :  No
  Ignore I/O Paths                           :  No
  Timing Early Launch at Borrowing Latches   :  false

  Corner  Analyze    Analyze    
  Name    Max Paths  Min Paths  
  ------  ---------  ---------  
  Slow    Yes        Yes        
  Fast    Yes        Yes        



check_timing report

Table of Contents
-----------------
1. checking no_clock
2. checking constant_clock
3. checking pulse_width_clock
4. checking unconstrained_internal_endpoints
5. checking no_input_delay
6. checking no_output_delay
7. checking multiple_clock
8. checking generated_clocks
9. checking loops
10. checking partial_input_delay
11. checking partial_output_delay
12. checking latch_loops

1. checking no_clock
--------------------
 There are 0 register/latch pins with no clock.


2. checking constant_clock
--------------------------
 There are 0 register/latch pins with constant_clock.


3. checking pulse_width_clock
-----------------------------
 There are 0 register/latch pins which need pulse_width check


4. checking unconstrained_internal_endpoints
--------------------------------------------
 There are 0 pins that are not constrained for maximum delay.

 There are 0 pins that are not constrained for maximum delay due to constant clock.


5. checking no_input_delay
--------------------------
 There are 12 input ports with no input delay specified. (HIGH)

 There are 0 input ports with no input delay but user has a false path constraint.


6. checking no_output_delay
---------------------------
 There are 4 ports with no output delay specified. (HIGH)

 There are 0 ports with no output delay but user has a false path constraint

 There are 0 ports with no output delay but with a timing clock defined on it or propagating through it


7. checking multiple_clock
--------------------------
 There are 0 register/latch pins with multiple clocks.


8. checking generated_clocks
----------------------------
 There are 0 generated clocks that are not connected to a clock source.


9. checking loops
-----------------
 There are 0 combinational loops in the design.


10. checking partial_input_delay
--------------------------------
 There are 0 input ports with partial input delay specified.


11. checking partial_output_delay
---------------------------------
 There are 0 ports with partial output delay specified.


12. checking latch_loops
------------------------
 There are 0 combinational latch loops in the design through latch input



------------------------------------------------------------------------------------------------
| Design Timing Summary
| ---------------------
------------------------------------------------------------------------------------------------

    WNS(ns)      TNS(ns)  TNS Failing Endpoints  TNS Total Endpoints      WHS(ns)      THS(ns)  THS Failing Endpoints  THS Total Endpoints     WPWS(ns)     TPWS(ns)  TPWS Failing Endpoints  TPWS Total Endpoints  
    -------      -------  ---------------------  -------------------      -------      -------  ---------------------  -------------------     --------     --------  ----------------------  --------------------  
     -4.031     -834.011                    265                 3526        0.055        0.000                      0                 3526        3.895        0.000                       0                  1706  


Timing constraints are not met.


------------------------------------------------------------------------------------------------
| Clock Summary
| -------------
------------------------------------------------------------------------------------------------

Clock       Waveform(ns)         Period(ns)      Frequency(MHz)
-----       ------------         ----------      --------------
clk_fpga_0  {0.000 4.875}        9.750           102.564         
clk_fpga_1  {0.000 10.500}       21.000          47.619          


------------------------------------------------------------------------------------------------
| Intra Clock Table
| -----------------
------------------------------------------------------------------------------------------------

Clock             WNS(ns)      TNS(ns)  TNS Failing Endpoints  TNS Total Endpoints      WHS(ns)      THS(ns)  THS Failing Endpoints  THS Total Endpoints     WPWS(ns)     TPWS(ns)  TPWS Failing Endpoints  TPWS Total Endpoints  
-----             -------      -------  ---------------------  -------------------      -------      -------  ---------------------  -------------------     --------     --------  ----------------------  --------------------  
clk_fpga_0          3.043        0.000                      0                 2237        0.055        0.000                      0                 2237        3.895        0.000                       0                  1060  
clk_fpga_1         12.536        0.000                      0                 1289        0.062        0.000                      0                 1289        9.520        0.000                       0                   646  


------------------------------------------------------------------------------------------------
| Inter Clock Table
| -----------------
------------------------------------------------------------------------------------------------

From Clock    To Clock          WNS(ns)      TNS(ns)  TNS Failing Endpoints  TNS Total Endpoints      WHS(ns)      THS(ns)  THS Failing Endpoints  THS Total Endpoints  
----------    --------          -------      -------  ---------------------  -------------------      -------      -------  ---------------------  -------------------  
clk_fpga_0    clk_fpga_1         -4.031     -834.011                    265                  265        0.081        0.000                      0                  265  


------------------------------------------------------------------------------------------------
| Other Path Groups Table
| -----------------------
------------------------------------------------------------------------------------------------

Path Group    From Clock    To Clock          WNS(ns)      TNS(ns)  TNS Failing Endpoints  TNS Total Endpoints      WHS(ns)      THS(ns)  THS Failing Endpoints  THS Total Endpoints  
----------    ----------    --------          -------      -------  ---------------------  -------------------      -------      -------  ---------------------  -------------------  


------------------------------------------------------------------------------------------------
| Timing Details
| --------------
------------------------------------------------------------------------------------------------


---------------------------------------------------------------------------------------------------
From Clock:  clk_fpga_0
  To Clock:  clk_fpga_0

Setup :            0  Failing Endpoints,  Worst Slack        3.043ns,  Total Violation        0.000ns
Hold  :            0  Failing Endpoints,  Worst Slack        0.055ns,  Total Violation        0.000ns
PW    :            0  Failing Endpoints,  Worst Slack        3.895ns,  Total Violation        0.000ns
---------------------------------------------------------------------------------------------------


Max Delay Paths
--------------------------------------------------------------------------------------
Slack (MET) :             3.043ns  (required time - arrival time)
  Source:                 h2_blockDesign_i/processing_system7_0/inst/PS7_i/MAXIGP0ACLK
                            (rising edge-triggered cell PS7 clocked by clk_fpga_0  {rise@0.000ns fall@4.875ns period=9.750ns})
  Destination:            h2_blockDesign_i/AudioCodec/U0/audio_ip_v1_1_S00_AXI_inst/slv_reg2_reg[19]/CE
                            (rising edge-triggered cell FDRE clocked by clk_fpga_0  {rise@0.000ns fall@4.875ns period=9.750ns})
  Path Group:             clk_fpga_0
  Path Type:              Setup (Max at Slow Process Corner)
  Requirement:            9.750ns  (clk_fpga_0 rise@9.750ns - clk_fpga_0 rise@0.000ns)
  Data Path Delay:        6.267ns  (logic 1.706ns (27.220%)  route 4.561ns (72.780%))
  Logic Levels:           3  (LUT4=1 LUT5=2)
  Clock Path Skew:        -0.084ns (DCD - SCD + CPR)
    Destination Clock Delay (DCD):    2.818ns = ( 12.568 - 9.750 ) 
    Source Clock Delay      (SCD):    3.031ns
    Clock Pessimism Removal (CPR):    0.129ns
  Clock Uncertainty:      0.151ns  ((TSJ^2 + TIJ^2)^1/2 + DJ) / 2 + PE
    Total System Jitter     (TSJ):    0.071ns
    Total Input Jitter      (TIJ):    0.293ns
    Discrete Jitter          (DJ):    0.000ns
    Phase Error              (PE):    0.000ns

    Location             Delay type                Incr(ns)  Path(ns)    Netlist Resource(s)
  -------------------------------------------------------------------    -------------------
                         (clock clk_fpga_0 rise edge)
                                                      0.000     0.000 r  
    PS7_X0Y0             PS7                          0.000     0.000 r  h2_blockDesign_i/processing_system7_0/inst/PS7_i/FCLKCLK[0]
                         net (fo=1, routed)           1.193     1.193    h2_blockDesign_i/processing_system7_0/inst/FCLK_CLK_unbuffered[0]
    BUFGCTRL_X0Y16       BUFG (Prop_bufg_I_O)         0.101     1.294 r  h2_blockDesign_i/processing_system7_0/inst/buffer_fclk_clk_0.FCLK_CLK_0_BUFG/O
                         net (fo=1060, routed)        1.737     3.031    h2_blockDesign_i/processing_system7_0/inst/M_AXI_GP0_ACLK
    PS7_X0Y0             PS7                                          r  h2_blockDesign_i/processing_system7_0/inst/PS7_i/MAXIGP0ACLK
  -------------------------------------------------------------------    -------------------
    PS7_X0Y0             PS7 (Prop_ps7_MAXIGP0ACLK_MAXIGP0WVALID)
                                                      1.334     4.365 r  h2_blockDesign_i/processing_system7_0/inst/PS7_i/MAXIGP0WVALID
                         net (fo=8, routed)           1.511     5.876    h2_blockDesign_i/ps7_0_axi_periph/xbar/inst/gen_sasd.crossbar_sasd_0/addr_arbiter_inst/s_axi_wvalid[0]
    SLICE_X31Y100        LUT5 (Prop_lut5_I1_O)        0.124     6.000 r  h2_blockDesign_i/ps7_0_axi_periph/xbar/inst/gen_sasd.crossbar_sasd_0/addr_arbiter_inst/m_axi_wvalid[0]_INST_0/O
                         net (fo=8, routed)           0.769     6.769    h2_blockDesign_i/AudioCodec/U0/audio_ip_v1_1_S00_AXI_inst/s00_axi_wvalid
    SLICE_X32Y100        LUT4 (Prop_lut4_I3_O)        0.124     6.893 r  h2_blockDesign_i/AudioCodec/U0/audio_ip_v1_1_S00_AXI_inst/slv_reg0[31]_i_2/O
                         net (fo=20, routed)          0.569     7.462    h2_blockDesign_i/AudioCodec/U0/audio_ip_v1_1_S00_AXI_inst/slv_reg_wren__2
    SLICE_X34Y105        LUT5 (Prop_lut5_I0_O)        0.124     7.586 r  h2_blockDesign_i/AudioCodec/U0/audio_ip_v1_1_S00_AXI_inst/slv_reg2[23]_i_1/O
                         net (fo=8, routed)           1.713     9.298    h2_blockDesign_i/AudioCodec/U0/audio_ip_v1_1_S00_AXI_inst/slv_reg2[23]_i_1_n_0
    SLICE_X53Y107        FDRE                                         r  h2_blockDesign_i/AudioCodec/U0/audio_ip_v1_1_S00_AXI_inst/slv_reg2_reg[19]/CE
  -------------------------------------------------------------------    -------------------

                         (clock clk_fpga_0 rise edge)
                                                      9.750     9.750 r  
    PS7_X0Y0             PS7                          0.000     9.750 r  h2_blockDesign_i/processing_system7_0/inst/PS7_i/FCLKCLK[0]
                         net (fo=1, routed)           1.088    10.838    h2_blockDesign_i/processing_system7_0/inst/FCLK_CLK_unbuffered[0]
    BUFGCTRL_X0Y16       BUFG (Prop_bufg_I_O)         0.091    10.929 r  h2_blockDesign_i/processing_system7_0/inst/buffer_fclk_clk_0.FCLK_CLK_0_BUFG/O
                         net (fo=1060, routed)        1.639    12.568    h2_blockDesign_i/AudioCodec/U0/audio_ip_v1_1_S00_AXI_inst/s00_axi_aclk
    SLICE_X53Y107        FDRE                                         r  h2_blockDesign_i/AudioCodec/U0/audio_ip_v1_1_S00_AXI_inst/slv_reg2_reg[19]/C
                         clock pessimism              0.129    12.697    
                         clock uncertainty           -0.151    12.546    
    SLICE_X53Y107        FDRE (Setup_fdre_C_CE)      -0.205    12.341    h2_blockDesign_i/AudioCodec/U0/audio_ip_v1_1_S00_AXI_inst/slv_reg2_reg[19]
  -------------------------------------------------------------------
                         required time                         12.341    
                         arrival time                          -9.298    
  -------------------------------------------------------------------
                         slack                                  3.043    

Slack (MET) :             3.080ns  (required time - arrival time)
  Source:                 h2_blockDesign_i/processing_system7_0/inst/PS7_i/MAXIGP0ACLK
                            (rising edge-triggered cell PS7 clocked by clk_fpga_0  {rise@0.000ns fall@4.875ns period=9.750ns})
  Destination:            h2_blockDesign_i/AudioCodec/U0/audio_ip_v1_1_S00_AXI_inst/slv_reg2_reg[23]/CE
                            (rising edge-triggered cell FDRE clocked by clk_fpga_0  {rise@0.000ns fall@4.875ns period=9.750ns})
  Path Group:             clk_fpga_0
  Path Type:              Setup (Max at Slow Process Corner)
  Requirement:            9.750ns  (clk_fpga_0 rise@9.750ns - clk_fpga_0 rise@0.000ns)
  Data Path Delay:        6.230ns  (logic 1.706ns (27.381%)  route 4.524ns (72.619%))
  Logic Levels:           3  (LUT4=1 LUT5=2)
  Clock Path Skew:        -0.084ns (DCD - SCD + CPR)
    Destination Clock Delay (DCD):    2.818ns = ( 12.568 - 9.750 ) 
    Source Clock Delay      (SCD):    3.031ns
    Clock Pessimism Removal (CPR):    0.129ns
  Clock Uncertainty:      0.151ns  ((TSJ^2 + TIJ^2)^1/2 + DJ) / 2 + PE
    Total System Jitter     (TSJ):    0.071ns
    Total Input Jitter      (TIJ):    0.293ns
    Discrete Jitter          (DJ):    0.000ns
    Phase Error              (PE):    0.000ns

    Location             Delay type                Incr(ns)  Path(ns)    Netlist Resource(s)
  -------------------------------------------------------------------    -------------------
                         (clock clk_fpga_0 rise edge)
                                                      0.000     0.000 r  
    PS7_X0Y0             PS7                          0.000     0.000 r  h2_blockDesign_i/processing_system7_0/inst/PS7_i/FCLKCLK[0]
                         net (fo=1, routed)           1.193     1.193    h2_blockDesign_i/processing_system7_0/inst/FCLK_CLK_unbuffered[0]
    BUFGCTRL_X0Y16       BUFG (Prop_bufg_I_O)         0.101     1.294 r  h2_blockDesign_i/processing_system7_0/inst/buffer_fclk_clk_0.FCLK_CLK_0_BUFG/O
                         net (fo=1060, routed)        1.737     3.031    h2_blockDesign_i/processing_system7_0/inst/M_AXI_GP0_ACLK
    PS7_X0Y0             PS7                                          r  h2_blockDesign_i/processing_system7_0/inst/PS7_i/MAXIGP0ACLK
  -------------------------------------------------------------------    -------------------
    PS7_X0Y0             PS7 (Prop_ps7_MAXIGP0ACLK_MAXIGP0WVALID)
                                                      1.334     4.365 r  h2_blockDesign_i/processing_system7_0/inst/PS7_i/MAXIGP0WVALID
                         net (fo=8, routed)           1.511     5.876    h2_blockDesign_i/ps7_0_axi_periph/xbar/inst/gen_sasd.crossbar_sasd_0/addr_arbiter_inst/s_axi_wvalid[0]
    SLICE_X31Y100        LUT5 (Prop_lut5_I1_O)        0.124     6.000 r  h2_blockDesign_i/ps7_0_axi_periph/xbar/inst/gen_sasd.crossbar_sasd_0/addr_arbiter_inst/m_axi_wvalid[0]_INST_0/O
                         net (fo=8, routed)           0.769     6.769    h2_blockDesign_i/AudioCodec/U0/audio_ip_v1_1_S00_AXI_inst/s00_axi_wvalid
    SLICE_X32Y100        LUT4 (Prop_lut4_I3_O)        0.124     6.893 r  h2_blockDesign_i/AudioCodec/U0/audio_ip_v1_1_S00_AXI_inst/slv_reg0[31]_i_2/O
                         net (fo=20, routed)          0.569     7.462    h2_blockDesign_i/AudioCodec/U0/audio_ip_v1_1_S00_AXI_inst/slv_reg_wren__2
    SLICE_X34Y105        LUT5 (Prop_lut5_I0_O)        0.124     7.586 r  h2_blockDesign_i/AudioCodec/U0/audio_ip_v1_1_S00_AXI_inst/slv_reg2[23]_i_1/O
                         net (fo=8, routed)           1.676     9.261    h2_blockDesign_i/AudioCodec/U0/audio_ip_v1_1_S00_AXI_inst/slv_reg2[23]_i_1_n_0
    SLICE_X52Y108        FDRE                                         r  h2_blockDesign_i/AudioCodec/U0/audio_ip_v1_1_S00_AXI_inst/slv_reg2_reg[23]/CE
  -------------------------------------------------------------------    -------------------

                         (clock clk_fpga_0 rise edge)
                                                      9.750     9.750 r  
    PS7_X0Y0             PS7                          0.000     9.750 r  h2_blockDesign_i/processing_system7_0/inst/PS7_i/FCLKCLK[0]
                         net (fo=1, routed)           1.088    10.838    h2_blockDesign_i/processing_system7_0/inst/FCLK_CLK_unbuffered[0]
    BUFGCTRL_X0Y16       BUFG (Prop_bufg_I_O)         0.091    10.929 r  h2_blockDesign_i/processing_system7_0/inst/buffer_fclk_clk_0.FCLK_CLK_0_BUFG/O
                         net (fo=1060, routed)        1.639    12.568    h2_blockDesign_i/AudioCodec/U0/audio_ip_v1_1_S00_AXI_inst/s00_axi_aclk
    SLICE_X52Y108        FDRE                                         r  h2_blockDesign_i/AudioCodec/U0/audio_ip_v1_1_S00_AXI_inst/slv_reg2_reg[23]/C
                         clock pessimism              0.129    12.697    
                         clock uncertainty           -0.151    12.546    
    SLICE_X52Y108        FDRE (Setup_fdre_C_CE)      -0.205    12.341    h2_blockDesign_i/AudioCodec/U0/audio_ip_v1_1_S00_AXI_inst/slv_reg2_reg[23]
  -------------------------------------------------------------------
                         required time                         12.341    
                         arrival time                          -9.261    
  -------------------------------------------------------------------
                         slack                                  3.080    

Slack (MET) :             3.173ns  (required time - arrival time)
  Source:                 h2_blockDesign_i/ps7_0_axi_periph/s00_couplers/auto_pc/inst/gen_axilite.gen_b2s_conv.axilite_b2s/WR.b_channel_0/bid_fifo_0/cnt_read_reg[0]/C
                            (rising edge-triggered cell FDSE clocked by clk_fpga_0  {rise@0.000ns fall@4.875ns period=9.750ns})
  Destination:            h2_blockDesign_i/ps7_0_axi_periph/s00_couplers/auto_pc/inst/gen_axilite.gen_b2s_conv.axilite_b2s/WR.aw_channel_0/cmd_translator_0/incr_cmd_0/axaddr_incr_reg[9]/D
                            (rising edge-triggered cell FDRE clocked by clk_fpga_0  {rise@0.000ns fall@4.875ns period=9.750ns})
  Path Group:             clk_fpga_0
  Path Type:              Setup (Max at Slow Process Corner)
  Requirement:            9.750ns  (clk_fpga_0 rise@9.750ns - clk_fpga_0 rise@0.000ns)
  Data Path Delay:        6.437ns  (logic 2.434ns (37.815%)  route 4.003ns (62.185%))
  Logic Levels:           7  (CARRY4=3 LUT2=1 LUT3=1 LUT4=1 LUT5=1)
  Clock Path Skew:        -0.065ns (DCD - SCD + CPR)
    Destination Clock Delay (DCD):    2.699ns = ( 12.449 - 9.750 ) 
    Source Clock Delay      (SCD):    2.993ns
    Clock Pessimism Removal (CPR):    0.229ns
  Clock Uncertainty:      0.151ns  ((TSJ^2 + TIJ^2)^1/2 + DJ) / 2 + PE
    Total System Jitter     (TSJ):    0.071ns
    Total Input Jitter      (TIJ):    0.293ns
    Discrete Jitter          (DJ):    0.000ns
    Phase Error              (PE):    0.000ns

    Location             Delay type                Incr(ns)  Path(ns)    Netlist Resource(s)
  -------------------------------------------------------------------    -------------------
                         (clock clk_fpga_0 rise edge)
                                                      0.000     0.000 r  
    PS7_X0Y0             PS7                          0.000     0.000 r  h2_blockDesign_i/processing_system7_0/inst/PS7_i/FCLKCLK[0]
                         net (fo=1, routed)           1.193     1.193    h2_blockDesign_i/processing_system7_0/inst/FCLK_CLK_unbuffered[0]
    BUFGCTRL_X0Y16       BUFG (Prop_bufg_I_O)         0.101     1.294 r  h2_blockDesign_i/processing_system7_0/inst/buffer_fclk_clk_0.FCLK_CLK_0_BUFG/O
                         net (fo=1060, routed)        1.699     2.993    h2_blockDesign_i/ps7_0_axi_periph/s00_couplers/auto_pc/inst/gen_axilite.gen_b2s_conv.axilite_b2s/WR.b_channel_0/bid_fifo_0/aclk
    SLICE_X31Y95         FDSE                                         r  h2_blockDesign_i/ps7_0_axi_periph/s00_couplers/auto_pc/inst/gen_axilite.gen_b2s_conv.axilite_b2s/WR.b_channel_0/bid_fifo_0/cnt_read_reg[0]/C
  -------------------------------------------------------------------    -------------------
    SLICE_X31Y95         FDSE (Prop_fdse_C_Q)         0.456     3.449 r  h2_blockDesign_i/ps7_0_axi_periph/s00_couplers/auto_pc/inst/gen_axilite.gen_b2s_conv.axilite_b2s/WR.b_channel_0/bid_fifo_0/cnt_read_reg[0]/Q
                         net (fo=23, routed)          1.222     4.671    h2_blockDesign_i/ps7_0_axi_periph/s00_couplers/auto_pc/inst/gen_axilite.gen_b2s_conv.axilite_b2s/WR.b_channel_0/bid_fifo_0/addr[0]
    SLICE_X30Y100        LUT2 (Prop_lut2_I1_O)        0.150     4.821 f  h2_blockDesign_i/ps7_0_axi_periph/s00_couplers/auto_pc/inst/gen_axilite.gen_b2s_conv.axilite_b2s/WR.b_channel_0/bid_fifo_0/memory_reg[3][0]_srl4_i_3/O
                         net (fo=4, routed)           0.961     5.782    h2_blockDesign_i/ps7_0_axi_periph/s00_couplers/auto_pc/inst/gen_axilite.gen_b2s_conv.axilite_b2s/WR.aw_channel_0/aw_cmd_fsm_0/state_reg[0]_0
    SLICE_X29Y95         LUT5 (Prop_lut5_I2_O)        0.324     6.106 r  h2_blockDesign_i/ps7_0_axi_periph/s00_couplers/auto_pc/inst/gen_axilite.gen_b2s_conv.axilite_b2s/WR.aw_channel_0/aw_cmd_fsm_0/next_pending_r_i_2__0/O
                         net (fo=21, routed)          0.997     7.103    h2_blockDesign_i/ps7_0_axi_periph/s00_couplers/auto_pc/inst/gen_axilite.gen_b2s_conv.axilite_b2s/WR.aw_channel_0/cmd_translator_0/incr_cmd_0/next
    SLICE_X28Y90         LUT4 (Prop_lut4_I3_O)        0.327     7.430 r  h2_blockDesign_i/ps7_0_axi_periph/s00_couplers/auto_pc/inst/gen_axilite.gen_b2s_conv.axilite_b2s/WR.aw_channel_0/cmd_translator_0/incr_cmd_0/axaddr_incr[3]_i_8/O
                         net (fo=1, routed)           0.000     7.430    h2_blockDesign_i/ps7_0_axi_periph/s00_couplers/auto_pc/inst/gen_axilite.gen_b2s_conv.axilite_b2s/SI_REG/aw.aw_pipe/axaddr_incr_reg[3][2]
    SLICE_X28Y90         CARRY4 (Prop_carry4_S[2]_CO[3])
                                                      0.398     7.828 r  h2_blockDesign_i/ps7_0_axi_periph/s00_couplers/auto_pc/inst/gen_axilite.gen_b2s_conv.axilite_b2s/SI_REG/aw.aw_pipe/axaddr_incr_reg[3]_i_2/CO[3]
                         net (fo=1, routed)           0.000     7.828    h2_blockDesign_i/ps7_0_axi_periph/s00_couplers/auto_pc/inst/gen_axilite.gen_b2s_conv.axilite_b2s/SI_REG/aw.aw_pipe/axaddr_incr_reg[3]_i_2_n_0
    SLICE_X28Y91         CARRY4 (Prop_carry4_CI_CO[3])
                                                      0.114     7.942 r  h2_blockDesign_i/ps7_0_axi_periph/s00_couplers/auto_pc/inst/gen_axilite.gen_b2s_conv.axilite_b2s/SI_REG/aw.aw_pipe/axaddr_incr_reg[7]_i_2/CO[3]
                         net (fo=1, routed)           0.000     7.942    h2_blockDesign_i/ps7_0_axi_periph/s00_couplers/auto_pc/inst/gen_axilite.gen_b2s_conv.axilite_b2s/SI_REG/aw.aw_pipe/axaddr_incr_reg[7]_i_2_n_0
    SLICE_X28Y92         CARRY4 (Prop_carry4_CI_O[1])
                                                      0.334     8.276 r  h2_blockDesign_i/ps7_0_axi_periph/s00_couplers/auto_pc/inst/gen_axilite.gen_b2s_conv.axilite_b2s/SI_REG/aw.aw_pipe/axaddr_incr_reg[11]_i_3/O[1]
                         net (fo=1, routed)           0.823     9.099    h2_blockDesign_i/ps7_0_axi_periph/s00_couplers/auto_pc/inst/gen_axilite.gen_b2s_conv.axilite_b2s/WR.aw_channel_0/cmd_translator_0/incr_cmd_0/axaddr_incr[9]
    SLICE_X27Y92         LUT3 (Prop_lut3_I0_O)        0.331     9.430 r  h2_blockDesign_i/ps7_0_axi_periph/s00_couplers/auto_pc/inst/gen_axilite.gen_b2s_conv.axilite_b2s/WR.aw_channel_0/cmd_translator_0/incr_cmd_0/axaddr_incr[9]_i_1/O
                         net (fo=1, routed)           0.000     9.430    h2_blockDesign_i/ps7_0_axi_periph/s00_couplers/auto_pc/inst/gen_axilite.gen_b2s_conv.axilite_b2s/WR.aw_channel_0/cmd_translator_0/incr_cmd_0/p_1_in[9]
    SLICE_X27Y92         FDRE                                         r  h2_blockDesign_i/ps7_0_axi_periph/s00_couplers/auto_pc/inst/gen_axilite.gen_b2s_conv.axilite_b2s/WR.aw_channel_0/cmd_translator_0/incr_cmd_0/axaddr_incr_reg[9]/D
  -------------------------------------------------------------------    -------------------

                         (clock clk_fpga_0 rise edge)
                                                      9.750     9.750 r  
    PS7_X0Y0             PS7                          0.000     9.750 r  h2_blockDesign_i/processing_system7_0/inst/PS7_i/FCLKCLK[0]
                         net (fo=1, routed)           1.088    10.838    h2_blockDesign_i/processing_system7_0/inst/FCLK_CLK_unbuffered[0]
    BUFGCTRL_X0Y16       BUFG (Prop_bufg_I_O)         0.091    10.929 r  h2_blockDesign_i/processing_system7_0/inst/buffer_fclk_clk_0.FCLK_CLK_0_BUFG/O
                         net (fo=1060, routed)        1.520    12.449    h2_blockDesign_i/ps7_0_axi_periph/s00_couplers/auto_pc/inst/gen_axilite.gen_b2s_conv.axilite_b2s/WR.aw_channel_0/cmd_translator_0/incr_cmd_0/aclk
    SLICE_X27Y92         FDRE                                         r  h2_blockDesign_i/ps7_0_axi_periph/s00_couplers/auto_pc/inst/gen_axilite.gen_b2s_conv.axilite_b2s/WR.aw_channel_0/cmd_translator_0/incr_cmd_0/axaddr_incr_reg[9]/C
                         clock pessimism              0.229    12.678    
                         clock uncertainty           -0.151    12.527    
    SLICE_X27Y92         FDRE (Setup_fdre_C_D)        0.075    12.602    h2_blockDesign_i/ps7_0_axi_periph/s00_couplers/auto_pc/inst/gen_axilite.gen_b2s_conv.axilite_b2s/WR.aw_channel_0/cmd_translator_0/incr_cmd_0/axaddr_incr_reg[9]
  -------------------------------------------------------------------
                         required time                         12.602    
                         arrival time                          -9.430    
  -------------------------------------------------------------------
                         slack                                  3.173    

Slack (MET) :             3.232ns  (required time - arrival time)
  Source:                 h2_blockDesign_i/processing_system7_0/inst/PS7_i/MAXIGP0ACLK
                            (rising edge-triggered cell PS7 clocked by clk_fpga_0  {rise@0.000ns fall@4.875ns period=9.750ns})
  Destination:            h2_blockDesign_i/AudioCodec/U0/audio_ip_v1_1_S00_AXI_inst/slv_reg2_reg[20]/CE
                            (rising edge-triggered cell FDRE clocked by clk_fpga_0  {rise@0.000ns fall@4.875ns period=9.750ns})
  Path Group:             clk_fpga_0
  Path Type:              Setup (Max at Slow Process Corner)
  Requirement:            9.750ns  (clk_fpga_0 rise@9.750ns - clk_fpga_0 rise@0.000ns)
  Data Path Delay:        6.078ns  (logic 1.706ns (28.067%)  route 4.372ns (71.933%))
  Logic Levels:           3  (LUT4=1 LUT5=2)
  Clock Path Skew:        -0.084ns (DCD - SCD + CPR)
    Destination Clock Delay (DCD):    2.818ns = ( 12.568 - 9.750 ) 
    Source Clock Delay      (SCD):    3.031ns
    Clock Pessimism Removal (CPR):    0.129ns
  Clock Uncertainty:      0.151ns  ((TSJ^2 + TIJ^2)^1/2 + DJ) / 2 + PE
    Total System Jitter     (TSJ):    0.071ns
    Total Input Jitter      (TIJ):    0.293ns
    Discrete Jitter          (DJ):    0.000ns
    Phase Error              (PE):    0.000ns

    Location             Delay type                Incr(ns)  Path(ns)    Netlist Resource(s)
  -------------------------------------------------------------------    -------------------
                         (clock clk_fpga_0 rise edge)
                                                      0.000     0.000 r  
    PS7_X0Y0             PS7                          0.000     0.000 r  h2_blockDesign_i/processing_system7_0/inst/PS7_i/FCLKCLK[0]
                         net (fo=1, routed)           1.193     1.193    h2_blockDesign_i/processing_system7_0/inst/FCLK_CLK_unbuffered[0]
    BUFGCTRL_X0Y16       BUFG (Prop_bufg_I_O)         0.101     1.294 r  h2_blockDesign_i/processing_system7_0/inst/buffer_fclk_clk_0.FCLK_CLK_0_BUFG/O
                         net (fo=1060, routed)        1.737     3.031    h2_blockDesign_i/processing_system7_0/inst/M_AXI_GP0_ACLK
    PS7_X0Y0             PS7                                          r  h2_blockDesign_i/processing_system7_0/inst/PS7_i/MAXIGP0ACLK
  -------------------------------------------------------------------    -------------------
    PS7_X0Y0             PS7 (Prop_ps7_MAXIGP0ACLK_MAXIGP0WVALID)
                                                      1.334     4.365 r  h2_blockDesign_i/processing_system7_0/inst/PS7_i/MAXIGP0WVALID
                         net (fo=8, routed)           1.511     5.876    h2_blockDesign_i/ps7_0_axi_periph/xbar/inst/gen_sasd.crossbar_sasd_0/addr_arbiter_inst/s_axi_wvalid[0]
    SLICE_X31Y100        LUT5 (Prop_lut5_I1_O)        0.124     6.000 r  h2_blockDesign_i/ps7_0_axi_periph/xbar/inst/gen_sasd.crossbar_sasd_0/addr_arbiter_inst/m_axi_wvalid[0]_INST_0/O
                         net (fo=8, routed)           0.769     6.769    h2_blockDesign_i/AudioCodec/U0/audio_ip_v1_1_S00_AXI_inst/s00_axi_wvalid
    SLICE_X32Y100        LUT4 (Prop_lut4_I3_O)        0.124     6.893 r  h2_blockDesign_i/AudioCodec/U0/audio_ip_v1_1_S00_AXI_inst/slv_reg0[31]_i_2/O
                         net (fo=20, routed)          0.569     7.462    h2_blockDesign_i/AudioCodec/U0/audio_ip_v1_1_S00_AXI_inst/slv_reg_wren__2
    SLICE_X34Y105        LUT5 (Prop_lut5_I0_O)        0.124     7.586 r  h2_blockDesign_i/AudioCodec/U0/audio_ip_v1_1_S00_AXI_inst/slv_reg2[23]_i_1/O
                         net (fo=8, routed)           1.523     9.109    h2_blockDesign_i/AudioCodec/U0/audio_ip_v1_1_S00_AXI_inst/slv_reg2[23]_i_1_n_0
    SLICE_X52Y107        FDRE                                         r  h2_blockDesign_i/AudioCodec/U0/audio_ip_v1_1_S00_AXI_inst/slv_reg2_reg[20]/CE
  -------------------------------------------------------------------    -------------------

                         (clock clk_fpga_0 rise edge)
                                                      9.750     9.750 r  
    PS7_X0Y0             PS7                          0.000     9.750 r  h2_blockDesign_i/processing_system7_0/inst/PS7_i/FCLKCLK[0]
                         net (fo=1, routed)           1.088    10.838    h2_blockDesign_i/processing_system7_0/inst/FCLK_CLK_unbuffered[0]
    BUFGCTRL_X0Y16       BUFG (Prop_bufg_I_O)         0.091    10.929 r  h2_blockDesign_i/processing_system7_0/inst/buffer_fclk_clk_0.FCLK_CLK_0_BUFG/O
                         net (fo=1060, routed)        1.639    12.568    h2_blockDesign_i/AudioCodec/U0/audio_ip_v1_1_S00_AXI_inst/s00_axi_aclk
    SLICE_X52Y107        FDRE                                         r  h2_blockDesign_i/AudioCodec/U0/audio_ip_v1_1_S00_AXI_inst/slv_reg2_reg[20]/C
                         clock pessimism              0.129    12.697    
                         clock uncertainty           -0.151    12.546    
    SLICE_X52Y107        FDRE (Setup_fdre_C_CE)      -0.205    12.341    h2_blockDesign_i/AudioCodec/U0/audio_ip_v1_1_S00_AXI_inst/slv_reg2_reg[20]
  -------------------------------------------------------------------
                         required time                         12.341    
                         arrival time                          -9.109    
  -------------------------------------------------------------------
                         slack                                  3.232    

Slack (MET) :             3.232ns  (required time - arrival time)
  Source:                 h2_blockDesign_i/processing_system7_0/inst/PS7_i/MAXIGP0ACLK
                            (rising edge-triggered cell PS7 clocked by clk_fpga_0  {rise@0.000ns fall@4.875ns period=9.750ns})
  Destination:            h2_blockDesign_i/AudioCodec/U0/audio_ip_v1_1_S00_AXI_inst/slv_reg2_reg[21]/CE
                            (rising edge-triggered cell FDRE clocked by clk_fpga_0  {rise@0.000ns fall@4.875ns period=9.750ns})
  Path Group:             clk_fpga_0
  Path Type:              Setup (Max at Slow Process Corner)
  Requirement:            9.750ns  (clk_fpga_0 rise@9.750ns - clk_fpga_0 rise@0.000ns)
  Data Path Delay:        6.078ns  (logic 1.706ns (28.067%)  route 4.372ns (71.933%))
  Logic Levels:           3  (LUT4=1 LUT5=2)
  Clock Path Skew:        -0.084ns (DCD - SCD + CPR)
    Destination Clock Delay (DCD):    2.818ns = ( 12.568 - 9.750 ) 
    Source Clock Delay      (SCD):    3.031ns
    Clock Pessimism Removal (CPR):    0.129ns
  Clock Uncertainty:      0.151ns  ((TSJ^2 + TIJ^2)^1/2 + DJ) / 2 + PE
    Total System Jitter     (TSJ):    0.071ns
    Total Input Jitter      (TIJ):    0.293ns
    Discrete Jitter          (DJ):    0.000ns
    Phase Error              (PE):    0.000ns

    Location             Delay type                Incr(ns)  Path(ns)    Netlist Resource(s)
  -------------------------------------------------------------------    -------------------
                         (clock clk_fpga_0 rise edge)
                                                      0.000     0.000 r  
    PS7_X0Y0             PS7                          0.000     0.000 r  h2_blockDesign_i/processing_system7_0/inst/PS7_i/FCLKCLK[0]
                         net (fo=1, routed)           1.193     1.193    h2_blockDesign_i/processing_system7_0/inst/FCLK_CLK_unbuffered[0]
    BUFGCTRL_X0Y16       BUFG (Prop_bufg_I_O)         0.101     1.294 r  h2_blockDesign_i/processing_system7_0/inst/buffer_fclk_clk_0.FCLK_CLK_0_BUFG/O
                         net (fo=1060, routed)        1.737     3.031    h2_blockDesign_i/processing_system7_0/inst/M_AXI_GP0_ACLK
    PS7_X0Y0             PS7                                          r  h2_blockDesign_i/processing_system7_0/inst/PS7_i/MAXIGP0ACLK
  -------------------------------------------------------------------    -------------------
    PS7_X0Y0             PS7 (Prop_ps7_MAXIGP0ACLK_MAXIGP0WVALID)
                                                      1.334     4.365 r  h2_blockDesign_i/processing_system7_0/inst/PS7_i/MAXIGP0WVALID
                         net (fo=8, routed)           1.511     5.876    h2_blockDesign_i/ps7_0_axi_periph/xbar/inst/gen_sasd.crossbar_sasd_0/addr_arbiter_inst/s_axi_wvalid[0]
    SLICE_X31Y100        LUT5 (Prop_lut5_I1_O)        0.124     6.000 r  h2_blockDesign_i/ps7_0_axi_periph/xbar/inst/gen_sasd.crossbar_sasd_0/addr_arbiter_inst/m_axi_wvalid[0]_INST_0/O
                         net (fo=8, routed)           0.769     6.769    h2_blockDesign_i/AudioCodec/U0/audio_ip_v1_1_S00_AXI_inst/s00_axi_wvalid
    SLICE_X32Y100        LUT4 (Prop_lut4_I3_O)        0.124     6.893 r  h2_blockDesign_i/AudioCodec/U0/audio_ip_v1_1_S00_AXI_inst/slv_reg0[31]_i_2/O
                         net (fo=20, routed)          0.569     7.462    h2_blockDesign_i/AudioCodec/U0/audio_ip_v1_1_S00_AXI_inst/slv_reg_wren__2
    SLICE_X34Y105        LUT5 (Prop_lut5_I0_O)        0.124     7.586 r  h2_blockDesign_i/AudioCodec/U0/audio_ip_v1_1_S00_AXI_inst/slv_reg2[23]_i_1/O
                         net (fo=8, routed)           1.523     9.109    h2_blockDesign_i/AudioCodec/U0/audio_ip_v1_1_S00_AXI_inst/slv_reg2[23]_i_1_n_0
    SLICE_X52Y107        FDRE                                         r  h2_blockDesign_i/AudioCodec/U0/audio_ip_v1_1_S00_AXI_inst/slv_reg2_reg[21]/CE
  -------------------------------------------------------------------    -------------------

                         (clock clk_fpga_0 rise edge)
                                                      9.750     9.750 r  
    PS7_X0Y0             PS7                          0.000     9.750 r  h2_blockDesign_i/processing_system7_0/inst/PS7_i/FCLKCLK[0]
                         net (fo=1, routed)           1.088    10.838    h2_blockDesign_i/processing_system7_0/inst/FCLK_CLK_unbuffered[0]
    BUFGCTRL_X0Y16       BUFG (Prop_bufg_I_O)         0.091    10.929 r  h2_blockDesign_i/processing_system7_0/inst/buffer_fclk_clk_0.FCLK_CLK_0_BUFG/O
                         net (fo=1060, routed)        1.639    12.568    h2_blockDesign_i/AudioCodec/U0/audio_ip_v1_1_S00_AXI_inst/s00_axi_aclk
    SLICE_X52Y107        FDRE                                         r  h2_blockDesign_i/AudioCodec/U0/audio_ip_v1_1_S00_AXI_inst/slv_reg2_reg[21]/C
                         clock pessimism              0.129    12.697    
                         clock uncertainty           -0.151    12.546    
    SLICE_X52Y107        FDRE (Setup_fdre_C_CE)      -0.205    12.341    h2_blockDesign_i/AudioCodec/U0/audio_ip_v1_1_S00_AXI_inst/slv_reg2_reg[21]
  -------------------------------------------------------------------
                         required time                         12.341    
                         arrival time                          -9.109    
  -------------------------------------------------------------------
                         slack                                  3.232    

Slack (MET) :             3.232ns  (required time - arrival time)
  Source:                 h2_blockDesign_i/processing_system7_0/inst/PS7_i/MAXIGP0ACLK
                            (rising edge-triggered cell PS7 clocked by clk_fpga_0  {rise@0.000ns fall@4.875ns period=9.750ns})
  Destination:            h2_blockDesign_i/AudioCodec/U0/audio_ip_v1_1_S00_AXI_inst/slv_reg2_reg[22]/CE
                            (rising edge-triggered cell FDRE clocked by clk_fpga_0  {rise@0.000ns fall@4.875ns period=9.750ns})
  Path Group:             clk_fpga_0
  Path Type:              Setup (Max at Slow Process Corner)
  Requirement:            9.750ns  (clk_fpga_0 rise@9.750ns - clk_fpga_0 rise@0.000ns)
  Data Path Delay:        6.078ns  (logic 1.706ns (28.067%)  route 4.372ns (71.933%))
  Logic Levels:           3  (LUT4=1 LUT5=2)
  Clock Path Skew:        -0.084ns (DCD - SCD + CPR)
    Destination Clock Delay (DCD):    2.818ns = ( 12.568 - 9.750 ) 
    Source Clock Delay      (SCD):    3.031ns
    Clock Pessimism Removal (CPR):    0.129ns
  Clock Uncertainty:      0.151ns  ((TSJ^2 + TIJ^2)^1/2 + DJ) / 2 + PE
    Total System Jitter     (TSJ):    0.071ns
    Total Input Jitter      (TIJ):    0.293ns
    Discrete Jitter          (DJ):    0.000ns
    Phase Error              (PE):    0.000ns

    Location             Delay type                Incr(ns)  Path(ns)    Netlist Resource(s)
  -------------------------------------------------------------------    -------------------
                         (clock clk_fpga_0 rise edge)
                                                      0.000     0.000 r  
    PS7_X0Y0             PS7                          0.000     0.000 r  h2_blockDesign_i/processing_system7_0/inst/PS7_i/FCLKCLK[0]
                         net (fo=1, routed)           1.193     1.193    h2_blockDesign_i/processing_system7_0/inst/FCLK_CLK_unbuffered[0]
    BUFGCTRL_X0Y16       BUFG (Prop_bufg_I_O)         0.101     1.294 r  h2_blockDesign_i/processing_system7_0/inst/buffer_fclk_clk_0.FCLK_CLK_0_BUFG/O
                         net (fo=1060, routed)        1.737     3.031    h2_blockDesign_i/processing_system7_0/inst/M_AXI_GP0_ACLK
    PS7_X0Y0             PS7                                          r  h2_blockDesign_i/processing_system7_0/inst/PS7_i/MAXIGP0ACLK
  -------------------------------------------------------------------    -------------------
    PS7_X0Y0             PS7 (Prop_ps7_MAXIGP0ACLK_MAXIGP0WVALID)
                                                      1.334     4.365 r  h2_blockDesign_i/processing_system7_0/inst/PS7_i/MAXIGP0WVALID
                         net (fo=8, routed)           1.511     5.876    h2_blockDesign_i/ps7_0_axi_periph/xbar/inst/gen_sasd.crossbar_sasd_0/addr_arbiter_inst/s_axi_wvalid[0]
    SLICE_X31Y100        LUT5 (Prop_lut5_I1_O)        0.124     6.000 r  h2_blockDesign_i/ps7_0_axi_periph/xbar/inst/gen_sasd.crossbar_sasd_0/addr_arbiter_inst/m_axi_wvalid[0]_INST_0/O
                         net (fo=8, routed)           0.769     6.769    h2_blockDesign_i/AudioCodec/U0/audio_ip_v1_1_S00_AXI_inst/s00_axi_wvalid
    SLICE_X32Y100        LUT4 (Prop_lut4_I3_O)        0.124     6.893 r  h2_blockDesign_i/AudioCodec/U0/audio_ip_v1_1_S00_AXI_inst/slv_reg0[31]_i_2/O
                         net (fo=20, routed)          0.569     7.462    h2_blockDesign_i/AudioCodec/U0/audio_ip_v1_1_S00_AXI_inst/slv_reg_wren__2
    SLICE_X34Y105        LUT5 (Prop_lut5_I0_O)        0.124     7.586 r  h2_blockDesign_i/AudioCodec/U0/audio_ip_v1_1_S00_AXI_inst/slv_reg2[23]_i_1/O
                         net (fo=8, routed)           1.523     9.109    h2_blockDesign_i/AudioCodec/U0/audio_ip_v1_1_S00_AXI_inst/slv_reg2[23]_i_1_n_0
    SLICE_X52Y107        FDRE                                         r  h2_blockDesign_i/AudioCodec/U0/audio_ip_v1_1_S00_AXI_inst/slv_reg2_reg[22]/CE
  -------------------------------------------------------------------    -------------------

                         (clock clk_fpga_0 rise edge)
                                                      9.750     9.750 r  
    PS7_X0Y0             PS7                          0.000     9.750 r  h2_blockDesign_i/processing_system7_0/inst/PS7_i/FCLKCLK[0]
                         net (fo=1, routed)           1.088    10.838    h2_blockDesign_i/processing_system7_0/inst/FCLK_CLK_unbuffered[0]
    BUFGCTRL_X0Y16       BUFG (Prop_bufg_I_O)         0.091    10.929 r  h2_blockDesign_i/processing_system7_0/inst/buffer_fclk_clk_0.FCLK_CLK_0_BUFG/O
                         net (fo=1060, routed)        1.639    12.568    h2_blockDesign_i/AudioCodec/U0/audio_ip_v1_1_S00_AXI_inst/s00_axi_aclk
    SLICE_X52Y107        FDRE                                         r  h2_blockDesign_i/AudioCodec/U0/audio_ip_v1_1_S00_AXI_inst/slv_reg2_reg[22]/C
                         clock pessimism              0.129    12.697    
                         clock uncertainty           -0.151    12.546    
    SLICE_X52Y107        FDRE (Setup_fdre_C_CE)      -0.205    12.341    h2_blockDesign_i/AudioCodec/U0/audio_ip_v1_1_S00_AXI_inst/slv_reg2_reg[22]
  -------------------------------------------------------------------
                         required time                         12.341    
                         arrival time                          -9.109    
  -------------------------------------------------------------------
                         slack                                  3.232    

Slack (MET) :             3.239ns  (required time - arrival time)
  Source:                 h2_blockDesign_i/processing_system7_0/inst/PS7_i/MAXIGP0ACLK
                            (rising edge-triggered cell PS7 clocked by clk_fpga_0  {rise@0.000ns fall@4.875ns period=9.750ns})
  Destination:            h2_blockDesign_i/AudioCodec/U0/audio_ip_v1_1_S00_AXI_inst/slv_reg0_reg[0]/CE
                            (rising edge-triggered cell FDRE clocked by clk_fpga_0  {rise@0.000ns fall@4.875ns period=9.750ns})
  Path Group:             clk_fpga_0
  Path Type:              Setup (Max at Slow Process Corner)
  Requirement:            9.750ns  (clk_fpga_0 rise@9.750ns - clk_fpga_0 rise@0.000ns)
  Data Path Delay:        6.037ns  (logic 1.706ns (28.257%)  route 4.331ns (71.743%))
  Logic Levels:           3  (LUT4=1 LUT5=2)
  Clock Path Skew:        -0.154ns (DCD - SCD + CPR)
    Destination Clock Delay (DCD):    2.648ns = ( 12.398 - 9.750 ) 
    Source Clock Delay      (SCD):    3.031ns
    Clock Pessimism Removal (CPR):    0.229ns
  Clock Uncertainty:      0.151ns  ((TSJ^2 + TIJ^2)^1/2 + DJ) / 2 + PE
    Total System Jitter     (TSJ):    0.071ns
    Total Input Jitter      (TIJ):    0.293ns
    Discrete Jitter          (DJ):    0.000ns
    Phase Error              (PE):    0.000ns

    Location             Delay type                Incr(ns)  Path(ns)    Netlist Resource(s)
  -------------------------------------------------------------------    -------------------
                         (clock clk_fpga_0 rise edge)
                                                      0.000     0.000 r  
    PS7_X0Y0             PS7                          0.000     0.000 r  h2_blockDesign_i/processing_system7_0/inst/PS7_i/FCLKCLK[0]
                         net (fo=1, routed)           1.193     1.193    h2_blockDesign_i/processing_system7_0/inst/FCLK_CLK_unbuffered[0]
    BUFGCTRL_X0Y16       BUFG (Prop_bufg_I_O)         0.101     1.294 r  h2_blockDesign_i/processing_system7_0/inst/buffer_fclk_clk_0.FCLK_CLK_0_BUFG/O
                         net (fo=1060, routed)        1.737     3.031    h2_blockDesign_i/processing_system7_0/inst/M_AXI_GP0_ACLK
    PS7_X0Y0             PS7                                          r  h2_blockDesign_i/processing_system7_0/inst/PS7_i/MAXIGP0ACLK
  -------------------------------------------------------------------    -------------------
    PS7_X0Y0             PS7 (Prop_ps7_MAXIGP0ACLK_MAXIGP0WVALID)
                                                      1.334     4.365 r  h2_blockDesign_i/processing_system7_0/inst/PS7_i/MAXIGP0WVALID
                         net (fo=8, routed)           1.511     5.876    h2_blockDesign_i/ps7_0_axi_periph/xbar/inst/gen_sasd.crossbar_sasd_0/addr_arbiter_inst/s_axi_wvalid[0]
    SLICE_X31Y100        LUT5 (Prop_lut5_I1_O)        0.124     6.000 r  h2_blockDesign_i/ps7_0_axi_periph/xbar/inst/gen_sasd.crossbar_sasd_0/addr_arbiter_inst/m_axi_wvalid[0]_INST_0/O
                         net (fo=8, routed)           0.769     6.769    h2_blockDesign_i/AudioCodec/U0/audio_ip_v1_1_S00_AXI_inst/s00_axi_wvalid
    SLICE_X32Y100        LUT4 (Prop_lut4_I3_O)        0.124     6.893 r  h2_blockDesign_i/AudioCodec/U0/audio_ip_v1_1_S00_AXI_inst/slv_reg0[31]_i_2/O
                         net (fo=20, routed)          0.696     7.589    h2_blockDesign_i/AudioCodec/U0/audio_ip_v1_1_S00_AXI_inst/slv_reg_wren__2
    SLICE_X42Y98         LUT5 (Prop_lut5_I0_O)        0.124     7.713 r  h2_blockDesign_i/AudioCodec/U0/audio_ip_v1_1_S00_AXI_inst/slv_reg0[7]_i_1/O
                         net (fo=9, routed)           1.356     9.068    h2_blockDesign_i/AudioCodec/U0/audio_ip_v1_1_S00_AXI_inst/p_1_in[7]
    SLICE_X34Y79         FDRE                                         r  h2_blockDesign_i/AudioCodec/U0/audio_ip_v1_1_S00_AXI_inst/slv_reg0_reg[0]/CE
  -------------------------------------------------------------------    -------------------

                         (clock clk_fpga_0 rise edge)
                                                      9.750     9.750 r  
    PS7_X0Y0             PS7                          0.000     9.750 r  h2_blockDesign_i/processing_system7_0/inst/PS7_i/FCLKCLK[0]
                         net (fo=1, routed)           1.088    10.838    h2_blockDesign_i/processing_system7_0/inst/FCLK_CLK_unbuffered[0]
    BUFGCTRL_X0Y16       BUFG (Prop_bufg_I_O)         0.091    10.929 r  h2_blockDesign_i/processing_system7_0/inst/buffer_fclk_clk_0.FCLK_CLK_0_BUFG/O
                         net (fo=1060, routed)        1.469    12.398    h2_blockDesign_i/AudioCodec/U0/audio_ip_v1_1_S00_AXI_inst/s00_axi_aclk
    SLICE_X34Y79         FDRE                                         r  h2_blockDesign_i/AudioCodec/U0/audio_ip_v1_1_S00_AXI_inst/slv_reg0_reg[0]/C
                         clock pessimism              0.229    12.627    
                         clock uncertainty           -0.151    12.476    
    SLICE_X34Y79         FDRE (Setup_fdre_C_CE)      -0.169    12.307    h2_blockDesign_i/AudioCodec/U0/audio_ip_v1_1_S00_AXI_inst/slv_reg0_reg[0]
  -------------------------------------------------------------------
                         required time                         12.307    
                         arrival time                          -9.068    
  -------------------------------------------------------------------
                         slack                                  3.239    

Slack (MET) :             3.239ns  (required time - arrival time)
  Source:                 h2_blockDesign_i/processing_system7_0/inst/PS7_i/MAXIGP0ACLK
                            (rising edge-triggered cell PS7 clocked by clk_fpga_0  {rise@0.000ns fall@4.875ns period=9.750ns})
  Destination:            h2_blockDesign_i/AudioCodec/U0/audio_ip_v1_1_S00_AXI_inst/slv_reg0_reg[1]/CE
                            (rising edge-triggered cell FDRE clocked by clk_fpga_0  {rise@0.000ns fall@4.875ns period=9.750ns})
  Path Group:             clk_fpga_0
  Path Type:              Setup (Max at Slow Process Corner)
  Requirement:            9.750ns  (clk_fpga_0 rise@9.750ns - clk_fpga_0 rise@0.000ns)
  Data Path Delay:        6.037ns  (logic 1.706ns (28.257%)  route 4.331ns (71.743%))
  Logic Levels:           3  (LUT4=1 LUT5=2)
  Clock Path Skew:        -0.154ns (DCD - SCD + CPR)
    Destination Clock Delay (DCD):    2.648ns = ( 12.398 - 9.750 ) 
    Source Clock Delay      (SCD):    3.031ns
    Clock Pessimism Removal (CPR):    0.229ns
  Clock Uncertainty:      0.151ns  ((TSJ^2 + TIJ^2)^1/2 + DJ) / 2 + PE
    Total System Jitter     (TSJ):    0.071ns
    Total Input Jitter      (TIJ):    0.293ns
    Discrete Jitter          (DJ):    0.000ns
    Phase Error              (PE):    0.000ns

    Location             Delay type                Incr(ns)  Path(ns)    Netlist Resource(s)
  -------------------------------------------------------------------    -------------------
                         (clock clk_fpga_0 rise edge)
                                                      0.000     0.000 r  
    PS7_X0Y0             PS7                          0.000     0.000 r  h2_blockDesign_i/processing_system7_0/inst/PS7_i/FCLKCLK[0]
                         net (fo=1, routed)           1.193     1.193    h2_blockDesign_i/processing_system7_0/inst/FCLK_CLK_unbuffered[0]
    BUFGCTRL_X0Y16       BUFG (Prop_bufg_I_O)         0.101     1.294 r  h2_blockDesign_i/processing_system7_0/inst/buffer_fclk_clk_0.FCLK_CLK_0_BUFG/O
                         net (fo=1060, routed)        1.737     3.031    h2_blockDesign_i/processing_system7_0/inst/M_AXI_GP0_ACLK
    PS7_X0Y0             PS7                                          r  h2_blockDesign_i/processing_system7_0/inst/PS7_i/MAXIGP0ACLK
  -------------------------------------------------------------------    -------------------
    PS7_X0Y0             PS7 (Prop_ps7_MAXIGP0ACLK_MAXIGP0WVALID)
                                                      1.334     4.365 r  h2_blockDesign_i/processing_system7_0/inst/PS7_i/MAXIGP0WVALID
                         net (fo=8, routed)           1.511     5.876    h2_blockDesign_i/ps7_0_axi_periph/xbar/inst/gen_sasd.crossbar_sasd_0/addr_arbiter_inst/s_axi_wvalid[0]
    SLICE_X31Y100        LUT5 (Prop_lut5_I1_O)        0.124     6.000 r  h2_blockDesign_i/ps7_0_axi_periph/xbar/inst/gen_sasd.crossbar_sasd_0/addr_arbiter_inst/m_axi_wvalid[0]_INST_0/O
                         net (fo=8, routed)           0.769     6.769    h2_blockDesign_i/AudioCodec/U0/audio_ip_v1_1_S00_AXI_inst/s00_axi_wvalid
    SLICE_X32Y100        LUT4 (Prop_lut4_I3_O)        0.124     6.893 r  h2_blockDesign_i/AudioCodec/U0/audio_ip_v1_1_S00_AXI_inst/slv_reg0[31]_i_2/O
                         net (fo=20, routed)          0.696     7.589    h2_blockDesign_i/AudioCodec/U0/audio_ip_v1_1_S00_AXI_inst/slv_reg_wren__2
    SLICE_X42Y98         LUT5 (Prop_lut5_I0_O)        0.124     7.713 r  h2_blockDesign_i/AudioCodec/U0/audio_ip_v1_1_S00_AXI_inst/slv_reg0[7]_i_1/O
                         net (fo=9, routed)           1.356     9.068    h2_blockDesign_i/AudioCodec/U0/audio_ip_v1_1_S00_AXI_inst/p_1_in[7]
    SLICE_X34Y79         FDRE                                         r  h2_blockDesign_i/AudioCodec/U0/audio_ip_v1_1_S00_AXI_inst/slv_reg0_reg[1]/CE
  -------------------------------------------------------------------    -------------------

                         (clock clk_fpga_0 rise edge)
                                                      9.750     9.750 r  
    PS7_X0Y0             PS7                          0.000     9.750 r  h2_blockDesign_i/processing_system7_0/inst/PS7_i/FCLKCLK[0]
                         net (fo=1, routed)           1.088    10.838    h2_blockDesign_i/processing_system7_0/inst/FCLK_CLK_unbuffered[0]
    BUFGCTRL_X0Y16       BUFG (Prop_bufg_I_O)         0.091    10.929 r  h2_blockDesign_i/processing_system7_0/inst/buffer_fclk_clk_0.FCLK_CLK_0_BUFG/O
                         net (fo=1060, routed)        1.469    12.398    h2_blockDesign_i/AudioCodec/U0/audio_ip_v1_1_S00_AXI_inst/s00_axi_aclk
    SLICE_X34Y79         FDRE                                         r  h2_blockDesign_i/AudioCodec/U0/audio_ip_v1_1_S00_AXI_inst/slv_reg0_reg[1]/C
                         clock pessimism              0.229    12.627    
                         clock uncertainty           -0.151    12.476    
    SLICE_X34Y79         FDRE (Setup_fdre_C_CE)      -0.169    12.307    h2_blockDesign_i/AudioCodec/U0/audio_ip_v1_1_S00_AXI_inst/slv_reg0_reg[1]
  -------------------------------------------------------------------
                         required time                         12.307    
                         arrival time                          -9.068    
  -------------------------------------------------------------------
                         slack                                  3.239    

Slack (MET) :             3.279ns  (required time - arrival time)
  Source:                 h2_blockDesign_i/ps7_0_axi_periph/s00_couplers/auto_pc/inst/gen_axilite.gen_b2s_conv.axilite_b2s/WR.b_channel_0/bid_fifo_0/cnt_read_reg[0]/C
                            (rising edge-triggered cell FDSE clocked by clk_fpga_0  {rise@0.000ns fall@4.875ns period=9.750ns})
  Destination:            h2_blockDesign_i/ps7_0_axi_periph/s00_couplers/auto_pc/inst/gen_axilite.gen_b2s_conv.axilite_b2s/WR.aw_channel_0/cmd_translator_0/incr_cmd_0/axaddr_incr_reg[2]/D
                            (rising edge-triggered cell FDRE clocked by clk_fpga_0  {rise@0.000ns fall@4.875ns period=9.750ns})
  Path Group:             clk_fpga_0
  Path Type:              Setup (Max at Slow Process Corner)
  Requirement:            9.750ns  (clk_fpga_0 rise@9.750ns - clk_fpga_0 rise@0.000ns)
  Data Path Delay:        6.370ns  (logic 2.167ns (34.018%)  route 4.203ns (65.982%))
  Logic Levels:           5  (CARRY4=1 LUT2=1 LUT3=1 LUT4=1 LUT5=1)
  Clock Path Skew:        -0.025ns (DCD - SCD + CPR)
    Destination Clock Delay (DCD):    2.704ns = ( 12.454 - 9.750 ) 
    Source Clock Delay      (SCD):    2.993ns
    Clock Pessimism Removal (CPR):    0.264ns
  Clock Uncertainty:      0.151ns  ((TSJ^2 + TIJ^2)^1/2 + DJ) / 2 + PE
    Total System Jitter     (TSJ):    0.071ns
    Total Input Jitter      (TIJ):    0.293ns
    Discrete Jitter          (DJ):    0.000ns
    Phase Error              (PE):    0.000ns

    Location             Delay type                Incr(ns)  Path(ns)    Netlist Resource(s)
  -------------------------------------------------------------------    -------------------
                         (clock clk_fpga_0 rise edge)
                                                      0.000     0.000 r  
    PS7_X0Y0             PS7                          0.000     0.000 r  h2_blockDesign_i/processing_system7_0/inst/PS7_i/FCLKCLK[0]
                         net (fo=1, routed)           1.193     1.193    h2_blockDesign_i/processing_system7_0/inst/FCLK_CLK_unbuffered[0]
    BUFGCTRL_X0Y16       BUFG (Prop_bufg_I_O)         0.101     1.294 r  h2_blockDesign_i/processing_system7_0/inst/buffer_fclk_clk_0.FCLK_CLK_0_BUFG/O
                         net (fo=1060, routed)        1.699     2.993    h2_blockDesign_i/ps7_0_axi_periph/s00_couplers/auto_pc/inst/gen_axilite.gen_b2s_conv.axilite_b2s/WR.b_channel_0/bid_fifo_0/aclk
    SLICE_X31Y95         FDSE                                         r  h2_blockDesign_i/ps7_0_axi_periph/s00_couplers/auto_pc/inst/gen_axilite.gen_b2s_conv.axilite_b2s/WR.b_channel_0/bid_fifo_0/cnt_read_reg[0]/C
  -------------------------------------------------------------------    -------------------
    SLICE_X31Y95         FDSE (Prop_fdse_C_Q)         0.456     3.449 r  h2_blockDesign_i/ps7_0_axi_periph/s00_couplers/auto_pc/inst/gen_axilite.gen_b2s_conv.axilite_b2s/WR.b_channel_0/bid_fifo_0/cnt_read_reg[0]/Q
                         net (fo=23, routed)          1.222     4.671    h2_blockDesign_i/ps7_0_axi_periph/s00_couplers/auto_pc/inst/gen_axilite.gen_b2s_conv.axilite_b2s/WR.b_channel_0/bid_fifo_0/addr[0]
    SLICE_X30Y100        LUT2 (Prop_lut2_I1_O)        0.150     4.821 f  h2_blockDesign_i/ps7_0_axi_periph/s00_couplers/auto_pc/inst/gen_axilite.gen_b2s_conv.axilite_b2s/WR.b_channel_0/bid_fifo_0/memory_reg[3][0]_srl4_i_3/O
                         net (fo=4, routed)           0.961     5.782    h2_blockDesign_i/ps7_0_axi_periph/s00_couplers/auto_pc/inst/gen_axilite.gen_b2s_conv.axilite_b2s/WR.aw_channel_0/aw_cmd_fsm_0/state_reg[0]_0
    SLICE_X29Y95         LUT5 (Prop_lut5_I2_O)        0.324     6.106 r  h2_blockDesign_i/ps7_0_axi_periph/s00_couplers/auto_pc/inst/gen_axilite.gen_b2s_conv.axilite_b2s/WR.aw_channel_0/aw_cmd_fsm_0/next_pending_r_i_2__0/O
                         net (fo=21, routed)          0.686     6.792    h2_blockDesign_i/ps7_0_axi_periph/s00_couplers/auto_pc/inst/gen_axilite.gen_b2s_conv.axilite_b2s/WR.aw_channel_0/cmd_translator_0/incr_cmd_0/next
    SLICE_X28Y90         LUT4 (Prop_lut4_I3_O)        0.327     7.119 r  h2_blockDesign_i/ps7_0_axi_periph/s00_couplers/auto_pc/inst/gen_axilite.gen_b2s_conv.axilite_b2s/WR.aw_channel_0/cmd_translator_0/incr_cmd_0/axaddr_incr[3]_i_9/O
                         net (fo=1, routed)           0.000     7.119    h2_blockDesign_i/ps7_0_axi_periph/s00_couplers/auto_pc/inst/gen_axilite.gen_b2s_conv.axilite_b2s/SI_REG/aw.aw_pipe/axaddr_incr_reg[3][1]
    SLICE_X28Y90         CARRY4 (Prop_carry4_S[1]_O[2])
                                                      0.580     7.699 r  h2_blockDesign_i/ps7_0_axi_periph/s00_couplers/auto_pc/inst/gen_axilite.gen_b2s_conv.axilite_b2s/SI_REG/aw.aw_pipe/axaddr_incr_reg[3]_i_2/O[2]
                         net (fo=1, routed)           1.334     9.033    h2_blockDesign_i/ps7_0_axi_periph/s00_couplers/auto_pc/inst/gen_axilite.gen_b2s_conv.axilite_b2s/WR.aw_channel_0/cmd_translator_0/incr_cmd_0/axaddr_incr[2]
    SLICE_X28Y93         LUT3 (Prop_lut3_I0_O)        0.330     9.363 r  h2_blockDesign_i/ps7_0_axi_periph/s00_couplers/auto_pc/inst/gen_axilite.gen_b2s_conv.axilite_b2s/WR.aw_channel_0/cmd_translator_0/incr_cmd_0/axaddr_incr[2]_i_1/O
                         net (fo=1, routed)           0.000     9.363    h2_blockDesign_i/ps7_0_axi_periph/s00_couplers/auto_pc/inst/gen_axilite.gen_b2s_conv.axilite_b2s/WR.aw_channel_0/cmd_translator_0/incr_cmd_0/p_1_in[2]
    SLICE_X28Y93         FDRE                                         r  h2_blockDesign_i/ps7_0_axi_periph/s00_couplers/auto_pc/inst/gen_axilite.gen_b2s_conv.axilite_b2s/WR.aw_channel_0/cmd_translator_0/incr_cmd_0/axaddr_incr_reg[2]/D
  -------------------------------------------------------------------    -------------------

                         (clock clk_fpga_0 rise edge)
                                                      9.750     9.750 r  
    PS7_X0Y0             PS7                          0.000     9.750 r  h2_blockDesign_i/processing_system7_0/inst/PS7_i/FCLKCLK[0]
                         net (fo=1, routed)           1.088    10.838    h2_blockDesign_i/processing_system7_0/inst/FCLK_CLK_unbuffered[0]
    BUFGCTRL_X0Y16       BUFG (Prop_bufg_I_O)         0.091    10.929 r  h2_blockDesign_i/processing_system7_0/inst/buffer_fclk_clk_0.FCLK_CLK_0_BUFG/O
                         net (fo=1060, routed)        1.525    12.454    h2_blockDesign_i/ps7_0_axi_periph/s00_couplers/auto_pc/inst/gen_axilite.gen_b2s_conv.axilite_b2s/WR.aw_channel_0/cmd_translator_0/incr_cmd_0/aclk
    SLICE_X28Y93         FDRE                                         r  h2_blockDesign_i/ps7_0_axi_periph/s00_couplers/auto_pc/inst/gen_axilite.gen_b2s_conv.axilite_b2s/WR.aw_channel_0/cmd_translator_0/incr_cmd_0/axaddr_incr_reg[2]/C
                         clock pessimism              0.264    12.718    
                         clock uncertainty           -0.151    12.567    
    SLICE_X28Y93         FDRE (Setup_fdre_C_D)        0.075    12.642    h2_blockDesign_i/ps7_0_axi_periph/s00_couplers/auto_pc/inst/gen_axilite.gen_b2s_conv.axilite_b2s/WR.aw_channel_0/cmd_translator_0/incr_cmd_0/axaddr_incr_reg[2]
  -------------------------------------------------------------------
                         required time                         12.642    
                         arrival time                          -9.363    
  -------------------------------------------------------------------
                         slack                                  3.279    

Slack (MET) :             3.299ns  (required time - arrival time)
  Source:                 h2_blockDesign_i/ps7_0_axi_periph/xbar/inst/gen_sasd.crossbar_sasd_0/addr_arbiter_inst/gen_no_arbiter.grant_rnw_reg/C
                            (rising edge-triggered cell FDRE clocked by clk_fpga_0  {rise@0.000ns fall@4.875ns period=9.750ns})
  Destination:            h2_blockDesign_i/ps7_0_axi_periph/s00_couplers/auto_pc/inst/gen_axilite.gen_b2s_conv.axilite_b2s/WR.aw_channel_0/cmd_translator_0/incr_cmd_0/axlen_cnt_reg[5]/R
                            (rising edge-triggered cell FDRE clocked by clk_fpga_0  {rise@0.000ns fall@4.875ns period=9.750ns})
  Path Group:             clk_fpga_0
  Path Type:              Setup (Max at Slow Process Corner)
  Requirement:            9.750ns  (clk_fpga_0 rise@9.750ns - clk_fpga_0 rise@0.000ns)
  Data Path Delay:        5.714ns  (logic 1.123ns (19.654%)  route 4.591ns (80.346%))
  Logic Levels:           3  (LUT2=2 LUT6=1)
  Clock Path Skew:        -0.062ns (DCD - SCD + CPR)
    Destination Clock Delay (DCD):    2.656ns = ( 12.406 - 9.750 ) 
    Source Clock Delay      (SCD):    2.947ns
    Clock Pessimism Removal (CPR):    0.229ns
  Clock Uncertainty:      0.151ns  ((TSJ^2 + TIJ^2)^1/2 + DJ) / 2 + PE
    Total System Jitter     (TSJ):    0.071ns
    Total Input Jitter      (TIJ):    0.293ns
    Discrete Jitter          (DJ):    0.000ns
    Phase Error              (PE):    0.000ns

    Location             Delay type                Incr(ns)  Path(ns)    Netlist Resource(s)
  -------------------------------------------------------------------    -------------------
                         (clock clk_fpga_0 rise edge)
                                                      0.000     0.000 r  
    PS7_X0Y0             PS7                          0.000     0.000 r  h2_blockDesign_i/processing_system7_0/inst/PS7_i/FCLKCLK[0]
                         net (fo=1, routed)           1.193     1.193    h2_blockDesign_i/processing_system7_0/inst/FCLK_CLK_unbuffered[0]
    BUFGCTRL_X0Y16       BUFG (Prop_bufg_I_O)         0.101     1.294 r  h2_blockDesign_i/processing_system7_0/inst/buffer_fclk_clk_0.FCLK_CLK_0_BUFG/O
                         net (fo=1060, routed)        1.653     2.947    h2_blockDesign_i/ps7_0_axi_periph/xbar/inst/gen_sasd.crossbar_sasd_0/addr_arbiter_inst/aclk
    SLICE_X32Y97         FDRE                                         r  h2_blockDesign_i/ps7_0_axi_periph/xbar/inst/gen_sasd.crossbar_sasd_0/addr_arbiter_inst/gen_no_arbiter.grant_rnw_reg/C
  -------------------------------------------------------------------    -------------------
    SLICE_X32Y97         FDRE (Prop_fdre_C_Q)         0.518     3.465 f  h2_blockDesign_i/ps7_0_axi_periph/xbar/inst/gen_sasd.crossbar_sasd_0/addr_arbiter_inst/gen_no_arbiter.grant_rnw_reg/Q
                         net (fo=28, routed)          1.168     4.633    h2_blockDesign_i/ps7_0_axi_periph/xbar/inst/gen_sasd.crossbar_sasd_0/addr_arbiter_inst/aa_grant_rnw
    SLICE_X29Y97         LUT2 (Prop_lut2_I1_O)        0.149     4.782 r  h2_blockDesign_i/ps7_0_axi_periph/xbar/inst/gen_sasd.crossbar_sasd_0/addr_arbiter_inst/s_axi_awready[0]_INST_0/O
                         net (fo=5, routed)           0.965     5.747    h2_blockDesign_i/ps7_0_axi_periph/s00_couplers/auto_pc/inst/gen_axilite.gen_b2s_conv.axilite_b2s/WR.aw_channel_0/aw_cmd_fsm_0/m_axi_awready
    SLICE_X31Y95         LUT6 (Prop_lut6_I0_O)        0.332     6.079 r  h2_blockDesign_i/ps7_0_axi_periph/s00_couplers/auto_pc/inst/gen_axilite.gen_b2s_conv.axilite_b2s/WR.aw_channel_0/aw_cmd_fsm_0/axlen_cnt[3]_i_1/O
                         net (fo=28, routed)          1.746     7.825    h2_blockDesign_i/ps7_0_axi_periph/s00_couplers/auto_pc/inst/gen_axilite.gen_b2s_conv.axilite_b2s/WR.aw_channel_0/aw_cmd_fsm_0/m_axi_awready_1
    SLICE_X38Y90         LUT2 (Prop_lut2_I0_O)        0.124     7.949 r  h2_blockDesign_i/ps7_0_axi_periph/s00_couplers/auto_pc/inst/gen_axilite.gen_b2s_conv.axilite_b2s/WR.aw_channel_0/aw_cmd_fsm_0/axlen_cnt[5]_i_1/O
                         net (fo=1, routed)           0.712     8.661    h2_blockDesign_i/ps7_0_axi_periph/s00_couplers/auto_pc/inst/gen_axilite.gen_b2s_conv.axilite_b2s/WR.aw_channel_0/cmd_translator_0/incr_cmd_0/axlen_cnt_reg[5]_0
    SLICE_X38Y90         FDRE                                         r  h2_blockDesign_i/ps7_0_axi_periph/s00_couplers/auto_pc/inst/gen_axilite.gen_b2s_conv.axilite_b2s/WR.aw_channel_0/cmd_translator_0/incr_cmd_0/axlen_cnt_reg[5]/R
  -------------------------------------------------------------------    -------------------

                         (clock clk_fpga_0 rise edge)
                                                      9.750     9.750 r  
    PS7_X0Y0             PS7                          0.000     9.750 r  h2_blockDesign_i/processing_system7_0/inst/PS7_i/FCLKCLK[0]
                         net (fo=1, routed)           1.088    10.838    h2_blockDesign_i/processing_system7_0/inst/FCLK_CLK_unbuffered[0]
    BUFGCTRL_X0Y16       BUFG (Prop_bufg_I_O)         0.091    10.929 r  h2_blockDesign_i/processing_system7_0/inst/buffer_fclk_clk_0.FCLK_CLK_0_BUFG/O
                         net (fo=1060, routed)        1.477    12.406    h2_blockDesign_i/ps7_0_axi_periph/s00_couplers/auto_pc/inst/gen_axilite.gen_b2s_conv.axilite_b2s/WR.aw_channel_0/cmd_translator_0/incr_cmd_0/aclk
    SLICE_X38Y90         FDRE                                         r  h2_blockDesign_i/ps7_0_axi_periph/s00_couplers/auto_pc/inst/gen_axilite.gen_b2s_conv.axilite_b2s/WR.aw_channel_0/cmd_translator_0/incr_cmd_0/axlen_cnt_reg[5]/C
                         clock pessimism              0.229    12.635    
                         clock uncertainty           -0.151    12.484    
    SLICE_X38Y90         FDRE (Setup_fdre_C_R)       -0.524    11.960    h2_blockDesign_i/ps7_0_axi_periph/s00_couplers/auto_pc/inst/gen_axilite.gen_b2s_conv.axilite_b2s/WR.aw_channel_0/cmd_translator_0/incr_cmd_0/axlen_cnt_reg[5]
  -------------------------------------------------------------------
                         required time                         11.960    
                         arrival time                          -8.661    
  -------------------------------------------------------------------
                         slack                                  3.299    





Min Delay Paths
--------------------------------------------------------------------------------------
Slack (MET) :             0.055ns  (arrival time - required time)
  Source:                 h2_blockDesign_i/ps7_0_axi_periph/xbar/inst/gen_sasd.crossbar_sasd_0/reg_slice_r/m_payload_i_reg[11]/C
                            (rising edge-triggered cell FDRE clocked by clk_fpga_0  {rise@0.000ns fall@4.875ns period=9.750ns})
  Destination:            h2_blockDesign_i/ps7_0_axi_periph/s00_couplers/auto_pc/inst/gen_axilite.gen_b2s_conv.axilite_b2s/RD.r_channel_0/rd_data_fifo_0/memory_reg[31][8]_srl32/D
                            (rising edge-triggered cell SRLC32E clocked by clk_fpga_0  {rise@0.000ns fall@4.875ns period=9.750ns})
  Path Group:             clk_fpga_0
  Path Type:              Hold (Min at Fast Process Corner)
  Requirement:            0.000ns  (clk_fpga_0 rise@0.000ns - clk_fpga_0 rise@0.000ns)
  Data Path Delay:        0.251ns  (logic 0.141ns (56.174%)  route 0.110ns (43.826%))
  Logic Levels:           0  
  Clock Path Skew:        0.013ns (DCD - SCD - CPR)
    Destination Clock Delay (DCD):    1.191ns
    Source Clock Delay      (SCD):    0.894ns
    Clock Pessimism Removal (CPR):    0.284ns

    Location             Delay type                Incr(ns)  Path(ns)    Netlist Resource(s)
  -------------------------------------------------------------------    -------------------
                         (clock clk_fpga_0 rise edge)
                                                      0.000     0.000 r  
    PS7_X0Y0             PS7                          0.000     0.000 r  h2_blockDesign_i/processing_system7_0/inst/PS7_i/FCLKCLK[0]
                         net (fo=1, routed)           0.310     0.310    h2_blockDesign_i/processing_system7_0/inst/FCLK_CLK_unbuffered[0]
    BUFGCTRL_X0Y16       BUFG (Prop_bufg_I_O)         0.026     0.336 r  h2_blockDesign_i/processing_system7_0/inst/buffer_fclk_clk_0.FCLK_CLK_0_BUFG/O
                         net (fo=1060, routed)        0.558     0.894    h2_blockDesign_i/ps7_0_axi_periph/xbar/inst/gen_sasd.crossbar_sasd_0/reg_slice_r/aclk
    SLICE_X35Y94         FDRE                                         r  h2_blockDesign_i/ps7_0_axi_periph/xbar/inst/gen_sasd.crossbar_sasd_0/reg_slice_r/m_payload_i_reg[11]/C
  -------------------------------------------------------------------    -------------------
    SLICE_X35Y94         FDRE (Prop_fdre_C_Q)         0.141     1.035 r  h2_blockDesign_i/ps7_0_axi_periph/xbar/inst/gen_sasd.crossbar_sasd_0/reg_slice_r/m_payload_i_reg[11]/Q
                         net (fo=1, routed)           0.110     1.145    h2_blockDesign_i/ps7_0_axi_periph/s00_couplers/auto_pc/inst/gen_axilite.gen_b2s_conv.axilite_b2s/RD.r_channel_0/rd_data_fifo_0/in[8]
    SLICE_X34Y94         SRLC32E                                      r  h2_blockDesign_i/ps7_0_axi_periph/s00_couplers/auto_pc/inst/gen_axilite.gen_b2s_conv.axilite_b2s/RD.r_channel_0/rd_data_fifo_0/memory_reg[31][8]_srl32/D
  -------------------------------------------------------------------    -------------------

                         (clock clk_fpga_0 rise edge)
                                                      0.000     0.000 r  
    PS7_X0Y0             PS7                          0.000     0.000 r  h2_blockDesign_i/processing_system7_0/inst/PS7_i/FCLKCLK[0]
                         net (fo=1, routed)           0.337     0.337    h2_blockDesign_i/processing_system7_0/inst/FCLK_CLK_unbuffered[0]
    BUFGCTRL_X0Y16       BUFG (Prop_bufg_I_O)         0.029     0.366 r  h2_blockDesign_i/processing_system7_0/inst/buffer_fclk_clk_0.FCLK_CLK_0_BUFG/O
                         net (fo=1060, routed)        0.825     1.191    h2_blockDesign_i/ps7_0_axi_periph/s00_couplers/auto_pc/inst/gen_axilite.gen_b2s_conv.axilite_b2s/RD.r_channel_0/rd_data_fifo_0/aclk
    SLICE_X34Y94         SRLC32E                                      r  h2_blockDesign_i/ps7_0_axi_periph/s00_couplers/auto_pc/inst/gen_axilite.gen_b2s_conv.axilite_b2s/RD.r_channel_0/rd_data_fifo_0/memory_reg[31][8]_srl32/CLK
                         clock pessimism             -0.284     0.907    
    SLICE_X34Y94         SRLC32E (Hold_srlc32e_CLK_D)
                                                      0.183     1.090    h2_blockDesign_i/ps7_0_axi_periph/s00_couplers/auto_pc/inst/gen_axilite.gen_b2s_conv.axilite_b2s/RD.r_channel_0/rd_data_fifo_0/memory_reg[31][8]_srl32
  -------------------------------------------------------------------
                         required time                         -1.090    
                         arrival time                           1.145    
  -------------------------------------------------------------------
                         slack                                  0.055    

Slack (MET) :             0.072ns  (arrival time - required time)
  Source:                 h2_blockDesign_i/ps7_0_axi_periph/s00_couplers/auto_pc/inst/gen_axilite.gen_b2s_conv.axilite_b2s/SI_REG/aw.aw_pipe/m_payload_i_reg[28]/C
                            (rising edge-triggered cell FDRE clocked by clk_fpga_0  {rise@0.000ns fall@4.875ns period=9.750ns})
  Destination:            h2_blockDesign_i/ps7_0_axi_periph/xbar/inst/gen_sasd.crossbar_sasd_0/addr_arbiter_inst/gen_no_arbiter.m_amesg_i_reg[29]/D
                            (rising edge-triggered cell FDRE clocked by clk_fpga_0  {rise@0.000ns fall@4.875ns period=9.750ns})
  Path Group:             clk_fpga_0
  Path Type:              Hold (Min at Fast Process Corner)
  Requirement:            0.000ns  (clk_fpga_0 rise@0.000ns - clk_fpga_0 rise@0.000ns)
  Data Path Delay:        0.347ns  (logic 0.227ns (65.332%)  route 0.120ns (34.668%))
  Logic Levels:           1  (LUT4=1)
  Clock Path Skew:        0.184ns (DCD - SCD - CPR)
    Destination Clock Delay (DCD):    1.211ns
    Source Clock Delay      (SCD):    0.992ns
    Clock Pessimism Removal (CPR):    0.035ns

    Location             Delay type                Incr(ns)  Path(ns)    Netlist Resource(s)
  -------------------------------------------------------------------    -------------------
                         (clock clk_fpga_0 rise edge)
                                                      0.000     0.000 r  
    PS7_X0Y0             PS7                          0.000     0.000 r  h2_blockDesign_i/processing_system7_0/inst/PS7_i/FCLKCLK[0]
                         net (fo=1, routed)           0.310     0.310    h2_blockDesign_i/processing_system7_0/inst/FCLK_CLK_unbuffered[0]
    BUFGCTRL_X0Y16       BUFG (Prop_bufg_I_O)         0.026     0.336 r  h2_blockDesign_i/processing_system7_0/inst/buffer_fclk_clk_0.FCLK_CLK_0_BUFG/O
                         net (fo=1060, routed)        0.656     0.992    h2_blockDesign_i/ps7_0_axi_periph/s00_couplers/auto_pc/inst/gen_axilite.gen_b2s_conv.axilite_b2s/SI_REG/aw.aw_pipe/aclk
    SLICE_X27Y100        FDRE                                         r  h2_blockDesign_i/ps7_0_axi_periph/s00_couplers/auto_pc/inst/gen_axilite.gen_b2s_conv.axilite_b2s/SI_REG/aw.aw_pipe/m_payload_i_reg[28]/C
  -------------------------------------------------------------------    -------------------
    SLICE_X27Y100        FDRE (Prop_fdre_C_Q)         0.128     1.120 r  h2_blockDesign_i/ps7_0_axi_periph/s00_couplers/auto_pc/inst/gen_axilite.gen_b2s_conv.axilite_b2s/SI_REG/aw.aw_pipe/m_payload_i_reg[28]/Q
                         net (fo=1, routed)           0.120     1.240    h2_blockDesign_i/ps7_0_axi_periph/xbar/inst/gen_sasd.crossbar_sasd_0/addr_arbiter_inst/s_axi_awaddr[28]
    SLICE_X28Y99         LUT4 (Prop_lut4_I3_O)        0.099     1.339 r  h2_blockDesign_i/ps7_0_axi_periph/xbar/inst/gen_sasd.crossbar_sasd_0/addr_arbiter_inst/gen_no_arbiter.m_amesg_i[29]_i_1/O
                         net (fo=1, routed)           0.000     1.339    h2_blockDesign_i/ps7_0_axi_periph/xbar/inst/gen_sasd.crossbar_sasd_0/addr_arbiter_inst/s_amesg[29]
    SLICE_X28Y99         FDRE                                         r  h2_blockDesign_i/ps7_0_axi_periph/xbar/inst/gen_sasd.crossbar_sasd_0/addr_arbiter_inst/gen_no_arbiter.m_amesg_i_reg[29]/D
  -------------------------------------------------------------------    -------------------

                         (clock clk_fpga_0 rise edge)
                                                      0.000     0.000 r  
    PS7_X0Y0             PS7                          0.000     0.000 r  h2_blockDesign_i/processing_system7_0/inst/PS7_i/FCLKCLK[0]
                         net (fo=1, routed)           0.337     0.337    h2_blockDesign_i/processing_system7_0/inst/FCLK_CLK_unbuffered[0]
    BUFGCTRL_X0Y16       BUFG (Prop_bufg_I_O)         0.029     0.366 r  h2_blockDesign_i/processing_system7_0/inst/buffer_fclk_clk_0.FCLK_CLK_0_BUFG/O
                         net (fo=1060, routed)        0.845     1.211    h2_blockDesign_i/ps7_0_axi_periph/xbar/inst/gen_sasd.crossbar_sasd_0/addr_arbiter_inst/aclk
    SLICE_X28Y99         FDRE                                         r  h2_blockDesign_i/ps7_0_axi_periph/xbar/inst/gen_sasd.crossbar_sasd_0/addr_arbiter_inst/gen_no_arbiter.m_amesg_i_reg[29]/C
                         clock pessimism             -0.035     1.176    
    SLICE_X28Y99         FDRE (Hold_fdre_C_D)         0.092     1.268    h2_blockDesign_i/ps7_0_axi_periph/xbar/inst/gen_sasd.crossbar_sasd_0/addr_arbiter_inst/gen_no_arbiter.m_amesg_i_reg[29]
  -------------------------------------------------------------------
                         required time                         -1.268    
                         arrival time                           1.339    
  -------------------------------------------------------------------
                         slack                                  0.072    

Slack (MET) :             0.078ns  (arrival time - required time)
  Source:                 h2_blockDesign_i/ps7_0_axi_periph/s00_couplers/auto_pc/inst/gen_axilite.gen_b2s_conv.axilite_b2s/SI_REG/aw.aw_pipe/m_payload_i_reg[31]/C
                            (rising edge-triggered cell FDRE clocked by clk_fpga_0  {rise@0.000ns fall@4.875ns period=9.750ns})
  Destination:            h2_blockDesign_i/ps7_0_axi_periph/xbar/inst/gen_sasd.crossbar_sasd_0/addr_arbiter_inst/gen_no_arbiter.m_amesg_i_reg[32]/D
                            (rising edge-triggered cell FDRE clocked by clk_fpga_0  {rise@0.000ns fall@4.875ns period=9.750ns})
  Path Group:             clk_fpga_0
  Path Type:              Hold (Min at Fast Process Corner)
  Requirement:            0.000ns  (clk_fpga_0 rise@0.000ns - clk_fpga_0 rise@0.000ns)
  Data Path Delay:        0.353ns  (logic 0.186ns (52.761%)  route 0.167ns (47.239%))
  Logic Levels:           1  (LUT4=1)
  Clock Path Skew:        0.183ns (DCD - SCD - CPR)
    Destination Clock Delay (DCD):    1.210ns
    Source Clock Delay      (SCD):    0.992ns
    Clock Pessimism Removal (CPR):    0.035ns

    Location             Delay type                Incr(ns)  Path(ns)    Netlist Resource(s)
  -------------------------------------------------------------------    -------------------
                         (clock clk_fpga_0 rise edge)
                                                      0.000     0.000 r  
    PS7_X0Y0             PS7                          0.000     0.000 r  h2_blockDesign_i/processing_system7_0/inst/PS7_i/FCLKCLK[0]
                         net (fo=1, routed)           0.310     0.310    h2_blockDesign_i/processing_system7_0/inst/FCLK_CLK_unbuffered[0]
    BUFGCTRL_X0Y16       BUFG (Prop_bufg_I_O)         0.026     0.336 r  h2_blockDesign_i/processing_system7_0/inst/buffer_fclk_clk_0.FCLK_CLK_0_BUFG/O
                         net (fo=1060, routed)        0.656     0.992    h2_blockDesign_i/ps7_0_axi_periph/s00_couplers/auto_pc/inst/gen_axilite.gen_b2s_conv.axilite_b2s/SI_REG/aw.aw_pipe/aclk
    SLICE_X27Y100        FDRE                                         r  h2_blockDesign_i/ps7_0_axi_periph/s00_couplers/auto_pc/inst/gen_axilite.gen_b2s_conv.axilite_b2s/SI_REG/aw.aw_pipe/m_payload_i_reg[31]/C
  -------------------------------------------------------------------    -------------------
    SLICE_X27Y100        FDRE (Prop_fdre_C_Q)         0.141     1.133 r  h2_blockDesign_i/ps7_0_axi_periph/s00_couplers/auto_pc/inst/gen_axilite.gen_b2s_conv.axilite_b2s/SI_REG/aw.aw_pipe/m_payload_i_reg[31]/Q
                         net (fo=1, routed)           0.167     1.300    h2_blockDesign_i/ps7_0_axi_periph/xbar/inst/gen_sasd.crossbar_sasd_0/addr_arbiter_inst/s_axi_awaddr[31]
    SLICE_X27Y99         LUT4 (Prop_lut4_I3_O)        0.045     1.345 r  h2_blockDesign_i/ps7_0_axi_periph/xbar/inst/gen_sasd.crossbar_sasd_0/addr_arbiter_inst/gen_no_arbiter.m_amesg_i[32]_i_3/O
                         net (fo=1, routed)           0.000     1.345    h2_blockDesign_i/ps7_0_axi_periph/xbar/inst/gen_sasd.crossbar_sasd_0/addr_arbiter_inst/s_amesg[32]
    SLICE_X27Y99         FDRE                                         r  h2_blockDesign_i/ps7_0_axi_periph/xbar/inst/gen_sasd.crossbar_sasd_0/addr_arbiter_inst/gen_no_arbiter.m_amesg_i_reg[32]/D
  -------------------------------------------------------------------    -------------------

                         (clock clk_fpga_0 rise edge)
                                                      0.000     0.000 r  
    PS7_X0Y0             PS7                          0.000     0.000 r  h2_blockDesign_i/processing_system7_0/inst/PS7_i/FCLKCLK[0]
                         net (fo=1, routed)           0.337     0.337    h2_blockDesign_i/processing_system7_0/inst/FCLK_CLK_unbuffered[0]
    BUFGCTRL_X0Y16       BUFG (Prop_bufg_I_O)         0.029     0.366 r  h2_blockDesign_i/processing_system7_0/inst/buffer_fclk_clk_0.FCLK_CLK_0_BUFG/O
                         net (fo=1060, routed)        0.844     1.210    h2_blockDesign_i/ps7_0_axi_periph/xbar/inst/gen_sasd.crossbar_sasd_0/addr_arbiter_inst/aclk
    SLICE_X27Y99         FDRE                                         r  h2_blockDesign_i/ps7_0_axi_periph/xbar/inst/gen_sasd.crossbar_sasd_0/addr_arbiter_inst/gen_no_arbiter.m_amesg_i_reg[32]/C
                         clock pessimism             -0.035     1.175    
    SLICE_X27Y99         FDRE (Hold_fdre_C_D)         0.092     1.267    h2_blockDesign_i/ps7_0_axi_periph/xbar/inst/gen_sasd.crossbar_sasd_0/addr_arbiter_inst/gen_no_arbiter.m_amesg_i_reg[32]
  -------------------------------------------------------------------
                         required time                         -1.267    
                         arrival time                           1.345    
  -------------------------------------------------------------------
                         slack                                  0.078    

Slack (MET) :             0.083ns  (arrival time - required time)
  Source:                 h2_blockDesign_i/ps7_0_axi_periph/xbar/inst/gen_sasd.crossbar_sasd_0/reg_slice_r/m_payload_i_reg[31]/C
                            (rising edge-triggered cell FDRE clocked by clk_fpga_0  {rise@0.000ns fall@4.875ns period=9.750ns})
  Destination:            h2_blockDesign_i/ps7_0_axi_periph/s00_couplers/auto_pc/inst/gen_axilite.gen_b2s_conv.axilite_b2s/RD.r_channel_0/rd_data_fifo_0/memory_reg[31][28]_srl32/D
                            (rising edge-triggered cell SRLC32E clocked by clk_fpga_0  {rise@0.000ns fall@4.875ns period=9.750ns})
  Path Group:             clk_fpga_0
  Path Type:              Hold (Min at Fast Process Corner)
  Requirement:            0.000ns  (clk_fpga_0 rise@0.000ns - clk_fpga_0 rise@0.000ns)
  Data Path Delay:        0.379ns  (logic 0.141ns (37.249%)  route 0.238ns (62.751%))
  Logic Levels:           0  
  Clock Path Skew:        0.181ns (DCD - SCD - CPR)
    Destination Clock Delay (DCD):    1.211ns
    Source Clock Delay      (SCD):    0.995ns
    Clock Pessimism Removal (CPR):    0.035ns

    Location             Delay type                Incr(ns)  Path(ns)    Netlist Resource(s)
  -------------------------------------------------------------------    -------------------
                         (clock clk_fpga_0 rise edge)
                                                      0.000     0.000 r  
    PS7_X0Y0             PS7                          0.000     0.000 r  h2_blockDesign_i/processing_system7_0/inst/PS7_i/FCLKCLK[0]
                         net (fo=1, routed)           0.310     0.310    h2_blockDesign_i/processing_system7_0/inst/FCLK_CLK_unbuffered[0]
    BUFGCTRL_X0Y16       BUFG (Prop_bufg_I_O)         0.026     0.336 r  h2_blockDesign_i/processing_system7_0/inst/buffer_fclk_clk_0.FCLK_CLK_0_BUFG/O
                         net (fo=1060, routed)        0.659     0.995    h2_blockDesign_i/ps7_0_axi_periph/xbar/inst/gen_sasd.crossbar_sasd_0/reg_slice_r/aclk
    SLICE_X31Y102        FDRE                                         r  h2_blockDesign_i/ps7_0_axi_periph/xbar/inst/gen_sasd.crossbar_sasd_0/reg_slice_r/m_payload_i_reg[31]/C
  -------------------------------------------------------------------    -------------------
    SLICE_X31Y102        FDRE (Prop_fdre_C_Q)         0.141     1.136 r  h2_blockDesign_i/ps7_0_axi_periph/xbar/inst/gen_sasd.crossbar_sasd_0/reg_slice_r/m_payload_i_reg[31]/Q
                         net (fo=1, routed)           0.238     1.374    h2_blockDesign_i/ps7_0_axi_periph/s00_couplers/auto_pc/inst/gen_axilite.gen_b2s_conv.axilite_b2s/RD.r_channel_0/rd_data_fifo_0/in[28]
    SLICE_X30Y98         SRLC32E                                      r  h2_blockDesign_i/ps7_0_axi_periph/s00_couplers/auto_pc/inst/gen_axilite.gen_b2s_conv.axilite_b2s/RD.r_channel_0/rd_data_fifo_0/memory_reg[31][28]_srl32/D
  -------------------------------------------------------------------    -------------------

                         (clock clk_fpga_0 rise edge)
                                                      0.000     0.000 r  
    PS7_X0Y0             PS7                          0.000     0.000 r  h2_blockDesign_i/processing_system7_0/inst/PS7_i/FCLKCLK[0]
                         net (fo=1, routed)           0.337     0.337    h2_blockDesign_i/processing_system7_0/inst/FCLK_CLK_unbuffered[0]
    BUFGCTRL_X0Y16       BUFG (Prop_bufg_I_O)         0.029     0.366 r  h2_blockDesign_i/processing_system7_0/inst/buffer_fclk_clk_0.FCLK_CLK_0_BUFG/O
                         net (fo=1060, routed)        0.845     1.211    h2_blockDesign_i/ps7_0_axi_periph/s00_couplers/auto_pc/inst/gen_axilite.gen_b2s_conv.axilite_b2s/RD.r_channel_0/rd_data_fifo_0/aclk
    SLICE_X30Y98         SRLC32E                                      r  h2_blockDesign_i/ps7_0_axi_periph/s00_couplers/auto_pc/inst/gen_axilite.gen_b2s_conv.axilite_b2s/RD.r_channel_0/rd_data_fifo_0/memory_reg[31][28]_srl32/CLK
                         clock pessimism             -0.035     1.176    
    SLICE_X30Y98         SRLC32E (Hold_srlc32e_CLK_D)
                                                      0.115     1.291    h2_blockDesign_i/ps7_0_axi_periph/s00_couplers/auto_pc/inst/gen_axilite.gen_b2s_conv.axilite_b2s/RD.r_channel_0/rd_data_fifo_0/memory_reg[31][28]_srl32
  -------------------------------------------------------------------
                         required time                         -1.291    
                         arrival time                           1.374    
  -------------------------------------------------------------------
                         slack                                  0.083    

Slack (MET) :             0.086ns  (arrival time - required time)
  Source:                 h2_blockDesign_i/ps7_0_axi_periph/xbar/inst/gen_sasd.crossbar_sasd_0/reg_slice_r/m_payload_i_reg[10]/C
                            (rising edge-triggered cell FDRE clocked by clk_fpga_0  {rise@0.000ns fall@4.875ns period=9.750ns})
  Destination:            h2_blockDesign_i/ps7_0_axi_periph/s00_couplers/auto_pc/inst/gen_axilite.gen_b2s_conv.axilite_b2s/RD.r_channel_0/rd_data_fifo_0/memory_reg[31][7]_srl32/D
                            (rising edge-triggered cell SRLC32E clocked by clk_fpga_0  {rise@0.000ns fall@4.875ns period=9.750ns})
  Path Group:             clk_fpga_0
  Path Type:              Hold (Min at Fast Process Corner)
  Requirement:            0.000ns  (clk_fpga_0 rise@0.000ns - clk_fpga_0 rise@0.000ns)
  Data Path Delay:        0.284ns  (logic 0.141ns (49.624%)  route 0.143ns (50.376%))
  Logic Levels:           0  
  Clock Path Skew:        0.015ns (DCD - SCD - CPR)
    Destination Clock Delay (DCD):    1.190ns
    Source Clock Delay      (SCD):    0.894ns
    Clock Pessimism Removal (CPR):    0.281ns

    Location             Delay type                Incr(ns)  Path(ns)    Netlist Resource(s)
  -------------------------------------------------------------------    -------------------
                         (clock clk_fpga_0 rise edge)
                                                      0.000     0.000 r  
    PS7_X0Y0             PS7                          0.000     0.000 r  h2_blockDesign_i/processing_system7_0/inst/PS7_i/FCLKCLK[0]
                         net (fo=1, routed)           0.310     0.310    h2_blockDesign_i/processing_system7_0/inst/FCLK_CLK_unbuffered[0]
    BUFGCTRL_X0Y16       BUFG (Prop_bufg_I_O)         0.026     0.336 r  h2_blockDesign_i/processing_system7_0/inst/buffer_fclk_clk_0.FCLK_CLK_0_BUFG/O
                         net (fo=1060, routed)        0.558     0.894    h2_blockDesign_i/ps7_0_axi_periph/xbar/inst/gen_sasd.crossbar_sasd_0/reg_slice_r/aclk
    SLICE_X35Y94         FDRE                                         r  h2_blockDesign_i/ps7_0_axi_periph/xbar/inst/gen_sasd.crossbar_sasd_0/reg_slice_r/m_payload_i_reg[10]/C
  -------------------------------------------------------------------    -------------------
    SLICE_X35Y94         FDRE (Prop_fdre_C_Q)         0.141     1.035 r  h2_blockDesign_i/ps7_0_axi_periph/xbar/inst/gen_sasd.crossbar_sasd_0/reg_slice_r/m_payload_i_reg[10]/Q
                         net (fo=1, routed)           0.143     1.178    h2_blockDesign_i/ps7_0_axi_periph/s00_couplers/auto_pc/inst/gen_axilite.gen_b2s_conv.axilite_b2s/RD.r_channel_0/rd_data_fifo_0/in[7]
    SLICE_X34Y92         SRLC32E                                      r  h2_blockDesign_i/ps7_0_axi_periph/s00_couplers/auto_pc/inst/gen_axilite.gen_b2s_conv.axilite_b2s/RD.r_channel_0/rd_data_fifo_0/memory_reg[31][7]_srl32/D
  -------------------------------------------------------------------    -------------------

                         (clock clk_fpga_0 rise edge)
                                                      0.000     0.000 r  
    PS7_X0Y0             PS7                          0.000     0.000 r  h2_blockDesign_i/processing_system7_0/inst/PS7_i/FCLKCLK[0]
                         net (fo=1, routed)           0.337     0.337    h2_blockDesign_i/processing_system7_0/inst/FCLK_CLK_unbuffered[0]
    BUFGCTRL_X0Y16       BUFG (Prop_bufg_I_O)         0.029     0.366 r  h2_blockDesign_i/processing_system7_0/inst/buffer_fclk_clk_0.FCLK_CLK_0_BUFG/O
                         net (fo=1060, routed)        0.824     1.190    h2_blockDesign_i/ps7_0_axi_periph/s00_couplers/auto_pc/inst/gen_axilite.gen_b2s_conv.axilite_b2s/RD.r_channel_0/rd_data_fifo_0/aclk
    SLICE_X34Y92         SRLC32E                                      r  h2_blockDesign_i/ps7_0_axi_periph/s00_couplers/auto_pc/inst/gen_axilite.gen_b2s_conv.axilite_b2s/RD.r_channel_0/rd_data_fifo_0/memory_reg[31][7]_srl32/CLK
                         clock pessimism             -0.281     0.909    
    SLICE_X34Y92         SRLC32E (Hold_srlc32e_CLK_D)
                                                      0.183     1.092    h2_blockDesign_i/ps7_0_axi_periph/s00_couplers/auto_pc/inst/gen_axilite.gen_b2s_conv.axilite_b2s/RD.r_channel_0/rd_data_fifo_0/memory_reg[31][7]_srl32
  -------------------------------------------------------------------
                         required time                         -1.092    
                         arrival time                           1.178    
  -------------------------------------------------------------------
                         slack                                  0.086    

Slack (MET) :             0.096ns  (arrival time - required time)
  Source:                 h2_blockDesign_i/ps7_0_axi_periph/xbar/inst/gen_sasd.crossbar_sasd_0/reg_slice_r/m_payload_i_reg[27]/C
                            (rising edge-triggered cell FDRE clocked by clk_fpga_0  {rise@0.000ns fall@4.875ns period=9.750ns})
  Destination:            h2_blockDesign_i/ps7_0_axi_periph/s00_couplers/auto_pc/inst/gen_axilite.gen_b2s_conv.axilite_b2s/RD.r_channel_0/rd_data_fifo_0/memory_reg[31][24]_srl32/D
                            (rising edge-triggered cell SRLC32E clocked by clk_fpga_0  {rise@0.000ns fall@4.875ns period=9.750ns})
  Path Group:             clk_fpga_0
  Path Type:              Hold (Min at Fast Process Corner)
  Requirement:            0.000ns  (clk_fpga_0 rise@0.000ns - clk_fpga_0 rise@0.000ns)
  Data Path Delay:        0.393ns  (logic 0.164ns (41.695%)  route 0.229ns (58.305%))
  Logic Levels:           0  
  Clock Path Skew:        0.180ns (DCD - SCD - CPR)
    Destination Clock Delay (DCD):    1.210ns
    Source Clock Delay      (SCD):    0.995ns
    Clock Pessimism Removal (CPR):    0.035ns

    Location             Delay type                Incr(ns)  Path(ns)    Netlist Resource(s)
  -------------------------------------------------------------------    -------------------
                         (clock clk_fpga_0 rise edge)
                                                      0.000     0.000 r  
    PS7_X0Y0             PS7                          0.000     0.000 r  h2_blockDesign_i/processing_system7_0/inst/PS7_i/FCLKCLK[0]
                         net (fo=1, routed)           0.310     0.310    h2_blockDesign_i/processing_system7_0/inst/FCLK_CLK_unbuffered[0]
    BUFGCTRL_X0Y16       BUFG (Prop_bufg_I_O)         0.026     0.336 r  h2_blockDesign_i/processing_system7_0/inst/buffer_fclk_clk_0.FCLK_CLK_0_BUFG/O
                         net (fo=1060, routed)        0.659     0.995    h2_blockDesign_i/ps7_0_axi_periph/xbar/inst/gen_sasd.crossbar_sasd_0/reg_slice_r/aclk
    SLICE_X30Y102        FDRE                                         r  h2_blockDesign_i/ps7_0_axi_periph/xbar/inst/gen_sasd.crossbar_sasd_0/reg_slice_r/m_payload_i_reg[27]/C
  -------------------------------------------------------------------    -------------------
    SLICE_X30Y102        FDRE (Prop_fdre_C_Q)         0.164     1.159 r  h2_blockDesign_i/ps7_0_axi_periph/xbar/inst/gen_sasd.crossbar_sasd_0/reg_slice_r/m_payload_i_reg[27]/Q
                         net (fo=1, routed)           0.229     1.388    h2_blockDesign_i/ps7_0_axi_periph/s00_couplers/auto_pc/inst/gen_axilite.gen_b2s_conv.axilite_b2s/RD.r_channel_0/rd_data_fifo_0/in[24]
    SLICE_X30Y96         SRLC32E                                      r  h2_blockDesign_i/ps7_0_axi_periph/s00_couplers/auto_pc/inst/gen_axilite.gen_b2s_conv.axilite_b2s/RD.r_channel_0/rd_data_fifo_0/memory_reg[31][24]_srl32/D
  -------------------------------------------------------------------    -------------------

                         (clock clk_fpga_0 rise edge)
                                                      0.000     0.000 r  
    PS7_X0Y0             PS7                          0.000     0.000 r  h2_blockDesign_i/processing_system7_0/inst/PS7_i/FCLKCLK[0]
                         net (fo=1, routed)           0.337     0.337    h2_blockDesign_i/processing_system7_0/inst/FCLK_CLK_unbuffered[0]
    BUFGCTRL_X0Y16       BUFG (Prop_bufg_I_O)         0.029     0.366 r  h2_blockDesign_i/processing_system7_0/inst/buffer_fclk_clk_0.FCLK_CLK_0_BUFG/O
                         net (fo=1060, routed)        0.844     1.210    h2_blockDesign_i/ps7_0_axi_periph/s00_couplers/auto_pc/inst/gen_axilite.gen_b2s_conv.axilite_b2s/RD.r_channel_0/rd_data_fifo_0/aclk
    SLICE_X30Y96         SRLC32E                                      r  h2_blockDesign_i/ps7_0_axi_periph/s00_couplers/auto_pc/inst/gen_axilite.gen_b2s_conv.axilite_b2s/RD.r_channel_0/rd_data_fifo_0/memory_reg[31][24]_srl32/CLK
                         clock pessimism             -0.035     1.175    
    SLICE_X30Y96         SRLC32E (Hold_srlc32e_CLK_D)
                                                      0.117     1.292    h2_blockDesign_i/ps7_0_axi_periph/s00_couplers/auto_pc/inst/gen_axilite.gen_b2s_conv.axilite_b2s/RD.r_channel_0/rd_data_fifo_0/memory_reg[31][24]_srl32
  -------------------------------------------------------------------
                         required time                         -1.292    
                         arrival time                           1.388    
  -------------------------------------------------------------------
                         slack                                  0.096    

Slack (MET) :             0.100ns  (arrival time - required time)
  Source:                 h2_blockDesign_i/ps7_0_axi_periph/xbar/inst/gen_sasd.crossbar_sasd_0/reg_slice_r/m_payload_i_reg[28]/C
                            (rising edge-triggered cell FDRE clocked by clk_fpga_0  {rise@0.000ns fall@4.875ns period=9.750ns})
  Destination:            h2_blockDesign_i/ps7_0_axi_periph/s00_couplers/auto_pc/inst/gen_axilite.gen_b2s_conv.axilite_b2s/RD.r_channel_0/rd_data_fifo_0/memory_reg[31][25]_srl32/D
                            (rising edge-triggered cell SRLC32E clocked by clk_fpga_0  {rise@0.000ns fall@4.875ns period=9.750ns})
  Path Group:             clk_fpga_0
  Path Type:              Hold (Min at Fast Process Corner)
  Requirement:            0.000ns  (clk_fpga_0 rise@0.000ns - clk_fpga_0 rise@0.000ns)
  Data Path Delay:        0.395ns  (logic 0.164ns (41.484%)  route 0.231ns (58.516%))
  Logic Levels:           0  
  Clock Path Skew:        0.180ns (DCD - SCD - CPR)
    Destination Clock Delay (DCD):    1.210ns
    Source Clock Delay      (SCD):    0.995ns
    Clock Pessimism Removal (CPR):    0.035ns

    Location             Delay type                Incr(ns)  Path(ns)    Netlist Resource(s)
  -------------------------------------------------------------------    -------------------
                         (clock clk_fpga_0 rise edge)
                                                      0.000     0.000 r  
    PS7_X0Y0             PS7                          0.000     0.000 r  h2_blockDesign_i/processing_system7_0/inst/PS7_i/FCLKCLK[0]
                         net (fo=1, routed)           0.310     0.310    h2_blockDesign_i/processing_system7_0/inst/FCLK_CLK_unbuffered[0]
    BUFGCTRL_X0Y16       BUFG (Prop_bufg_I_O)         0.026     0.336 r  h2_blockDesign_i/processing_system7_0/inst/buffer_fclk_clk_0.FCLK_CLK_0_BUFG/O
                         net (fo=1060, routed)        0.659     0.995    h2_blockDesign_i/ps7_0_axi_periph/xbar/inst/gen_sasd.crossbar_sasd_0/reg_slice_r/aclk
    SLICE_X30Y102        FDRE                                         r  h2_blockDesign_i/ps7_0_axi_periph/xbar/inst/gen_sasd.crossbar_sasd_0/reg_slice_r/m_payload_i_reg[28]/C
  -------------------------------------------------------------------    -------------------
    SLICE_X30Y102        FDRE (Prop_fdre_C_Q)         0.164     1.159 r  h2_blockDesign_i/ps7_0_axi_periph/xbar/inst/gen_sasd.crossbar_sasd_0/reg_slice_r/m_payload_i_reg[28]/Q
                         net (fo=1, routed)           0.231     1.390    h2_blockDesign_i/ps7_0_axi_periph/s00_couplers/auto_pc/inst/gen_axilite.gen_b2s_conv.axilite_b2s/RD.r_channel_0/rd_data_fifo_0/in[25]
    SLICE_X30Y96         SRLC32E                                      r  h2_blockDesign_i/ps7_0_axi_periph/s00_couplers/auto_pc/inst/gen_axilite.gen_b2s_conv.axilite_b2s/RD.r_channel_0/rd_data_fifo_0/memory_reg[31][25]_srl32/D
  -------------------------------------------------------------------    -------------------

                         (clock clk_fpga_0 rise edge)
                                                      0.000     0.000 r  
    PS7_X0Y0             PS7                          0.000     0.000 r  h2_blockDesign_i/processing_system7_0/inst/PS7_i/FCLKCLK[0]
                         net (fo=1, routed)           0.337     0.337    h2_blockDesign_i/processing_system7_0/inst/FCLK_CLK_unbuffered[0]
    BUFGCTRL_X0Y16       BUFG (Prop_bufg_I_O)         0.029     0.366 r  h2_blockDesign_i/processing_system7_0/inst/buffer_fclk_clk_0.FCLK_CLK_0_BUFG/O
                         net (fo=1060, routed)        0.844     1.210    h2_blockDesign_i/ps7_0_axi_periph/s00_couplers/auto_pc/inst/gen_axilite.gen_b2s_conv.axilite_b2s/RD.r_channel_0/rd_data_fifo_0/aclk
    SLICE_X30Y96         SRLC32E                                      r  h2_blockDesign_i/ps7_0_axi_periph/s00_couplers/auto_pc/inst/gen_axilite.gen_b2s_conv.axilite_b2s/RD.r_channel_0/rd_data_fifo_0/memory_reg[31][25]_srl32/CLK
                         clock pessimism             -0.035     1.175    
    SLICE_X30Y96         SRLC32E (Hold_srlc32e_CLK_D)
                                                      0.115     1.290    h2_blockDesign_i/ps7_0_axi_periph/s00_couplers/auto_pc/inst/gen_axilite.gen_b2s_conv.axilite_b2s/RD.r_channel_0/rd_data_fifo_0/memory_reg[31][25]_srl32
  -------------------------------------------------------------------
                         required time                         -1.290    
                         arrival time                           1.390    
  -------------------------------------------------------------------
                         slack                                  0.100    

Slack (MET) :             0.106ns  (arrival time - required time)
  Source:                 h2_blockDesign_i/AudioCodec/U0/audio_ip_v1_1_S00_AXI_inst/slv_reg4_reg[12]/C
                            (rising edge-triggered cell FDRE clocked by clk_fpga_0  {rise@0.000ns fall@4.875ns period=9.750ns})
  Destination:            h2_blockDesign_i/AudioCodec/U0/audio_ip_v1_1_S00_AXI_inst/axi_rdata_reg[12]/D
                            (rising edge-triggered cell FDRE clocked by clk_fpga_0  {rise@0.000ns fall@4.875ns period=9.750ns})
  Path Group:             clk_fpga_0
  Path Type:              Hold (Min at Fast Process Corner)
  Requirement:            0.000ns  (clk_fpga_0 rise@0.000ns - clk_fpga_0 rise@0.000ns)
  Data Path Delay:        0.240ns  (logic 0.186ns (77.466%)  route 0.054ns (22.534%))
  Logic Levels:           1  (LUT5=1)
  Clock Path Skew:        0.013ns (DCD - SCD - CPR)
    Destination Clock Delay (DCD):    1.191ns
    Source Clock Delay      (SCD):    0.893ns
    Clock Pessimism Removal (CPR):    0.285ns

    Location             Delay type                Incr(ns)  Path(ns)    Netlist Resource(s)
  -------------------------------------------------------------------    -------------------
                         (clock clk_fpga_0 rise edge)
                                                      0.000     0.000 r  
    PS7_X0Y0             PS7                          0.000     0.000 r  h2_blockDesign_i/processing_system7_0/inst/PS7_i/FCLKCLK[0]
                         net (fo=1, routed)           0.310     0.310    h2_blockDesign_i/processing_system7_0/inst/FCLK_CLK_unbuffered[0]
    BUFGCTRL_X0Y16       BUFG (Prop_bufg_I_O)         0.026     0.336 r  h2_blockDesign_i/processing_system7_0/inst/buffer_fclk_clk_0.FCLK_CLK_0_BUFG/O
                         net (fo=1060, routed)        0.557     0.893    h2_blockDesign_i/AudioCodec/U0/audio_ip_v1_1_S00_AXI_inst/s00_axi_aclk
    SLICE_X37Y99         FDRE                                         r  h2_blockDesign_i/AudioCodec/U0/audio_ip_v1_1_S00_AXI_inst/slv_reg4_reg[12]/C
  -------------------------------------------------------------------    -------------------
    SLICE_X37Y99         FDRE (Prop_fdre_C_Q)         0.141     1.034 r  h2_blockDesign_i/AudioCodec/U0/audio_ip_v1_1_S00_AXI_inst/slv_reg4_reg[12]/Q
                         net (fo=1, routed)           0.054     1.088    h2_blockDesign_i/AudioCodec/U0/audio_ip_v1_1_S00_AXI_inst/slv_reg4[12]
    SLICE_X36Y99         LUT5 (Prop_lut5_I1_O)        0.045     1.133 r  h2_blockDesign_i/AudioCodec/U0/audio_ip_v1_1_S00_AXI_inst/axi_rdata[12]_i_1/O
                         net (fo=1, routed)           0.000     1.133    h2_blockDesign_i/AudioCodec/U0/audio_ip_v1_1_S00_AXI_inst/reg_data_out[12]
    SLICE_X36Y99         FDRE                                         r  h2_blockDesign_i/AudioCodec/U0/audio_ip_v1_1_S00_AXI_inst/axi_rdata_reg[12]/D
  -------------------------------------------------------------------    -------------------

                         (clock clk_fpga_0 rise edge)
                                                      0.000     0.000 r  
    PS7_X0Y0             PS7                          0.000     0.000 r  h2_blockDesign_i/processing_system7_0/inst/PS7_i/FCLKCLK[0]
                         net (fo=1, routed)           0.337     0.337    h2_blockDesign_i/processing_system7_0/inst/FCLK_CLK_unbuffered[0]
    BUFGCTRL_X0Y16       BUFG (Prop_bufg_I_O)         0.029     0.366 r  h2_blockDesign_i/processing_system7_0/inst/buffer_fclk_clk_0.FCLK_CLK_0_BUFG/O
                         net (fo=1060, routed)        0.825     1.191    h2_blockDesign_i/AudioCodec/U0/audio_ip_v1_1_S00_AXI_inst/s00_axi_aclk
    SLICE_X36Y99         FDRE                                         r  h2_blockDesign_i/AudioCodec/U0/audio_ip_v1_1_S00_AXI_inst/axi_rdata_reg[12]/C
                         clock pessimism             -0.285     0.906    
    SLICE_X36Y99         FDRE (Hold_fdre_C_D)         0.121     1.027    h2_blockDesign_i/AudioCodec/U0/audio_ip_v1_1_S00_AXI_inst/axi_rdata_reg[12]
  -------------------------------------------------------------------
                         required time                         -1.027    
                         arrival time                           1.133    
  -------------------------------------------------------------------
                         slack                                  0.106    

Slack (MET) :             0.109ns  (arrival time - required time)
  Source:                 h2_blockDesign_i/AudioCodec/U0/audio_ip_v1_1_S00_AXI_inst/axi_rdata_reg[21]/C
                            (rising edge-triggered cell FDRE clocked by clk_fpga_0  {rise@0.000ns fall@4.875ns period=9.750ns})
  Destination:            h2_blockDesign_i/ps7_0_axi_periph/xbar/inst/gen_sasd.crossbar_sasd_0/reg_slice_r/skid_buffer_reg[24]/D
                            (rising edge-triggered cell FDRE clocked by clk_fpga_0  {rise@0.000ns fall@4.875ns period=9.750ns})
  Path Group:             clk_fpga_0
  Path Type:              Hold (Min at Fast Process Corner)
  Requirement:            0.000ns  (clk_fpga_0 rise@0.000ns - clk_fpga_0 rise@0.000ns)
  Data Path Delay:        0.242ns  (logic 0.186ns (76.827%)  route 0.056ns (23.174%))
  Logic Levels:           1  (LUT6=1)
  Clock Path Skew:        0.013ns (DCD - SCD - CPR)
    Destination Clock Delay (DCD):    1.277ns
    Source Clock Delay      (SCD):    0.976ns
    Clock Pessimism Removal (CPR):    0.288ns

    Location             Delay type                Incr(ns)  Path(ns)    Netlist Resource(s)
  -------------------------------------------------------------------    -------------------
                         (clock clk_fpga_0 rise edge)
                                                      0.000     0.000 r  
    PS7_X0Y0             PS7                          0.000     0.000 r  h2_blockDesign_i/processing_system7_0/inst/PS7_i/FCLKCLK[0]
                         net (fo=1, routed)           0.310     0.310    h2_blockDesign_i/processing_system7_0/inst/FCLK_CLK_unbuffered[0]
    BUFGCTRL_X0Y16       BUFG (Prop_bufg_I_O)         0.026     0.336 r  h2_blockDesign_i/processing_system7_0/inst/buffer_fclk_clk_0.FCLK_CLK_0_BUFG/O
                         net (fo=1060, routed)        0.640     0.976    h2_blockDesign_i/AudioCodec/U0/audio_ip_v1_1_S00_AXI_inst/s00_axi_aclk
    SLICE_X33Y105        FDRE                                         r  h2_blockDesign_i/AudioCodec/U0/audio_ip_v1_1_S00_AXI_inst/axi_rdata_reg[21]/C
  -------------------------------------------------------------------    -------------------
    SLICE_X33Y105        FDRE (Prop_fdre_C_Q)         0.141     1.117 r  h2_blockDesign_i/AudioCodec/U0/audio_ip_v1_1_S00_AXI_inst/axi_rdata_reg[21]/Q
                         net (fo=1, routed)           0.056     1.173    h2_blockDesign_i/ps7_0_axi_periph/xbar/inst/gen_sasd.crossbar_sasd_0/reg_slice_r/m_axi_rdata[21]
    SLICE_X32Y105        LUT6 (Prop_lut6_I2_O)        0.045     1.218 r  h2_blockDesign_i/ps7_0_axi_periph/xbar/inst/gen_sasd.crossbar_sasd_0/reg_slice_r/m_payload_i[24]_i_1/O
                         net (fo=2, routed)           0.000     1.218    h2_blockDesign_i/ps7_0_axi_periph/xbar/inst/gen_sasd.crossbar_sasd_0/reg_slice_r/skid_buffer[24]
    SLICE_X32Y105        FDRE                                         r  h2_blockDesign_i/ps7_0_axi_periph/xbar/inst/gen_sasd.crossbar_sasd_0/reg_slice_r/skid_buffer_reg[24]/D
  -------------------------------------------------------------------    -------------------

                         (clock clk_fpga_0 rise edge)
                                                      0.000     0.000 r  
    PS7_X0Y0             PS7                          0.000     0.000 r  h2_blockDesign_i/processing_system7_0/inst/PS7_i/FCLKCLK[0]
                         net (fo=1, routed)           0.337     0.337    h2_blockDesign_i/processing_system7_0/inst/FCLK_CLK_unbuffered[0]
    BUFGCTRL_X0Y16       BUFG (Prop_bufg_I_O)         0.029     0.366 r  h2_blockDesign_i/processing_system7_0/inst/buffer_fclk_clk_0.FCLK_CLK_0_BUFG/O
                         net (fo=1060, routed)        0.911     1.277    h2_blockDesign_i/ps7_0_axi_periph/xbar/inst/gen_sasd.crossbar_sasd_0/reg_slice_r/aclk
    SLICE_X32Y105        FDRE                                         r  h2_blockDesign_i/ps7_0_axi_periph/xbar/inst/gen_sasd.crossbar_sasd_0/reg_slice_r/skid_buffer_reg[24]/C
                         clock pessimism             -0.288     0.989    
    SLICE_X32Y105        FDRE (Hold_fdre_C_D)         0.120     1.109    h2_blockDesign_i/ps7_0_axi_periph/xbar/inst/gen_sasd.crossbar_sasd_0/reg_slice_r/skid_buffer_reg[24]
  -------------------------------------------------------------------
                         required time                         -1.109    
                         arrival time                           1.218    
  -------------------------------------------------------------------
                         slack                                  0.109    

Slack (MET) :             0.114ns  (arrival time - required time)
  Source:                 h2_blockDesign_i/ps7_0_axi_periph/s00_couplers/auto_pc/inst/gen_axilite.gen_b2s_conv.axilite_b2s/WR.aw_channel_0/s_awid_r_reg[1]/C
                            (rising edge-triggered cell FDRE clocked by clk_fpga_0  {rise@0.000ns fall@4.875ns period=9.750ns})
  Destination:            h2_blockDesign_i/ps7_0_axi_periph/s00_couplers/auto_pc/inst/gen_axilite.gen_b2s_conv.axilite_b2s/WR.b_channel_0/bid_fifo_0/memory_reg[3][9]_srl4/D
                            (rising edge-triggered cell SRL16E clocked by clk_fpga_0  {rise@0.000ns fall@4.875ns period=9.750ns})
  Path Group:             clk_fpga_0
  Path Type:              Hold (Min at Fast Process Corner)
  Requirement:            0.000ns  (clk_fpga_0 rise@0.000ns - clk_fpga_0 rise@0.000ns)
  Data Path Delay:        0.256ns  (logic 0.141ns (55.071%)  route 0.115ns (44.929%))
  Logic Levels:           0  
  Clock Path Skew:        0.033ns (DCD - SCD - CPR)
    Destination Clock Delay (DCD):    1.296ns
    Source Clock Delay      (SCD):    0.995ns
    Clock Pessimism Removal (CPR):    0.268ns

    Location             Delay type                Incr(ns)  Path(ns)    Netlist Resource(s)
  -------------------------------------------------------------------    -------------------
                         (clock clk_fpga_0 rise edge)
                                                      0.000     0.000 r  
    PS7_X0Y0             PS7                          0.000     0.000 r  h2_blockDesign_i/processing_system7_0/inst/PS7_i/FCLKCLK[0]
                         net (fo=1, routed)           0.310     0.310    h2_blockDesign_i/processing_system7_0/inst/FCLK_CLK_unbuffered[0]
    BUFGCTRL_X0Y16       BUFG (Prop_bufg_I_O)         0.026     0.336 r  h2_blockDesign_i/processing_system7_0/inst/buffer_fclk_clk_0.FCLK_CLK_0_BUFG/O
                         net (fo=1060, routed)        0.659     0.995    h2_blockDesign_i/ps7_0_axi_periph/s00_couplers/auto_pc/inst/gen_axilite.gen_b2s_conv.axilite_b2s/WR.aw_channel_0/aclk
    SLICE_X29Y100        FDRE                                         r  h2_blockDesign_i/ps7_0_axi_periph/s00_couplers/auto_pc/inst/gen_axilite.gen_b2s_conv.axilite_b2s/WR.aw_channel_0/s_awid_r_reg[1]/C
  -------------------------------------------------------------------    -------------------
    SLICE_X29Y100        FDRE (Prop_fdre_C_Q)         0.141     1.136 r  h2_blockDesign_i/ps7_0_axi_periph/s00_couplers/auto_pc/inst/gen_axilite.gen_b2s_conv.axilite_b2s/WR.aw_channel_0/s_awid_r_reg[1]/Q
                         net (fo=1, routed)           0.115     1.251    h2_blockDesign_i/ps7_0_axi_periph/s00_couplers/auto_pc/inst/gen_axilite.gen_b2s_conv.axilite_b2s/WR.b_channel_0/bid_fifo_0/in[5]
    SLICE_X26Y101        SRL16E                                       r  h2_blockDesign_i/ps7_0_axi_periph/s00_couplers/auto_pc/inst/gen_axilite.gen_b2s_conv.axilite_b2s/WR.b_channel_0/bid_fifo_0/memory_reg[3][9]_srl4/D
  -------------------------------------------------------------------    -------------------

                         (clock clk_fpga_0 rise edge)
                                                      0.000     0.000 r  
    PS7_X0Y0             PS7                          0.000     0.000 r  h2_blockDesign_i/processing_system7_0/inst/PS7_i/FCLKCLK[0]
                         net (fo=1, routed)           0.337     0.337    h2_blockDesign_i/processing_system7_0/inst/FCLK_CLK_unbuffered[0]
    BUFGCTRL_X0Y16       BUFG (Prop_bufg_I_O)         0.029     0.366 r  h2_blockDesign_i/processing_system7_0/inst/buffer_fclk_clk_0.FCLK_CLK_0_BUFG/O
                         net (fo=1060, routed)        0.930     1.296    h2_blockDesign_i/ps7_0_axi_periph/s00_couplers/auto_pc/inst/gen_axilite.gen_b2s_conv.axilite_b2s/WR.b_channel_0/bid_fifo_0/aclk
    SLICE_X26Y101        SRL16E                                       r  h2_blockDesign_i/ps7_0_axi_periph/s00_couplers/auto_pc/inst/gen_axilite.gen_b2s_conv.axilite_b2s/WR.b_channel_0/bid_fifo_0/memory_reg[3][9]_srl4/CLK
                         clock pessimism             -0.268     1.028    
    SLICE_X26Y101        SRL16E (Hold_srl16e_CLK_D)
                                                      0.109     1.137    h2_blockDesign_i/ps7_0_axi_periph/s00_couplers/auto_pc/inst/gen_axilite.gen_b2s_conv.axilite_b2s/WR.b_channel_0/bid_fifo_0/memory_reg[3][9]_srl4
  -------------------------------------------------------------------
                         required time                         -1.137    
                         arrival time                           1.251    
  -------------------------------------------------------------------
                         slack                                  0.114    





Pulse Width Checks
--------------------------------------------------------------------------------------
Clock Name:         clk_fpga_0
Waveform(ns):       { 0.000 4.875 }
Period(ns):         9.750
Sources:            { h2_blockDesign_i/processing_system7_0/inst/PS7_i/FCLKCLK[0] }

Check Type        Corner  Lib Pin      Reference Pin  Required(ns)  Actual(ns)  Slack(ns)  Location        Pin
Min Period        n/a     BUFG/I       n/a            2.155         9.750       7.595      BUFGCTRL_X0Y16  h2_blockDesign_i/processing_system7_0/inst/buffer_fclk_clk_0.FCLK_CLK_0_BUFG/I
Min Period        n/a     FDRE/C       n/a            1.000         9.750       8.750      SLICE_X33Y106   h2_blockDesign_i/AudioCodec/U0/audio_ip_v1_1_S00_AXI_inst/slv_reg0_reg[16]/C
Min Period        n/a     FDRE/C       n/a            1.000         9.750       8.750      SLICE_X33Y106   h2_blockDesign_i/AudioCodec/U0/audio_ip_v1_1_S00_AXI_inst/slv_reg0_reg[17]/C
Min Period        n/a     FDRE/C       n/a            1.000         9.750       8.750      SLICE_X33Y106   h2_blockDesign_i/AudioCodec/U0/audio_ip_v1_1_S00_AXI_inst/slv_reg0_reg[18]/C
Min Period        n/a     FDRE/C       n/a            1.000         9.750       8.750      SLICE_X33Y106   h2_blockDesign_i/AudioCodec/U0/audio_ip_v1_1_S00_AXI_inst/slv_reg0_reg[19]/C
Min Period        n/a     FDRE/C       n/a            1.000         9.750       8.750      SLICE_X34Y79    h2_blockDesign_i/AudioCodec/U0/audio_ip_v1_1_S00_AXI_inst/slv_reg0_reg[1]/C
Min Period        n/a     FDRE/C       n/a            1.000         9.750       8.750      SLICE_X33Y106   h2_blockDesign_i/AudioCodec/U0/audio_ip_v1_1_S00_AXI_inst/slv_reg0_reg[20]/C
Min Period        n/a     FDRE/C       n/a            1.000         9.750       8.750      SLICE_X33Y106   h2_blockDesign_i/AudioCodec/U0/audio_ip_v1_1_S00_AXI_inst/slv_reg0_reg[21]/C
Min Period        n/a     FDRE/C       n/a            1.000         9.750       8.750      SLICE_X33Y107   h2_blockDesign_i/AudioCodec/U0/audio_ip_v1_1_S00_AXI_inst/slv_reg0_reg[22]/C
Min Period        n/a     FDRE/C       n/a            1.000         9.750       8.750      SLICE_X33Y106   h2_blockDesign_i/AudioCodec/U0/audio_ip_v1_1_S00_AXI_inst/slv_reg0_reg[23]/C
Low Pulse Width   Slow    SRL16E/CLK   n/a            0.980         4.875       3.895      SLICE_X26Y101   h2_blockDesign_i/ps7_0_axi_periph/s00_couplers/auto_pc/inst/gen_axilite.gen_b2s_conv.axilite_b2s/WR.b_channel_0/bid_fifo_0/memory_reg[3][10]_srl4/CLK
Low Pulse Width   Slow    SRL16E/CLK   n/a            0.980         4.875       3.895      SLICE_X26Y101   h2_blockDesign_i/ps7_0_axi_periph/s00_couplers/auto_pc/inst/gen_axilite.gen_b2s_conv.axilite_b2s/WR.b_channel_0/bid_fifo_0/memory_reg[3][11]_srl4/CLK
Low Pulse Width   Slow    SRL16E/CLK   n/a            0.980         4.875       3.895      SLICE_X26Y101   h2_blockDesign_i/ps7_0_axi_periph/s00_couplers/auto_pc/inst/gen_axilite.gen_b2s_conv.axilite_b2s/WR.b_channel_0/bid_fifo_0/memory_reg[3][12]_srl4/CLK
Low Pulse Width   Slow    SRL16E/CLK   n/a            0.980         4.875       3.895      SLICE_X26Y101   h2_blockDesign_i/ps7_0_axi_periph/s00_couplers/auto_pc/inst/gen_axilite.gen_b2s_conv.axilite_b2s/WR.b_channel_0/bid_fifo_0/memory_reg[3][13]_srl4/CLK
Low Pulse Width   Slow    SRL16E/CLK   n/a            0.980         4.875       3.895      SLICE_X26Y101   h2_blockDesign_i/ps7_0_axi_periph/s00_couplers/auto_pc/inst/gen_axilite.gen_b2s_conv.axilite_b2s/WR.b_channel_0/bid_fifo_0/memory_reg[3][14]_srl4/CLK
Low Pulse Width   Slow    SRL16E/CLK   n/a            0.980         4.875       3.895      SLICE_X26Y101   h2_blockDesign_i/ps7_0_axi_periph/s00_couplers/auto_pc/inst/gen_axilite.gen_b2s_conv.axilite_b2s/WR.b_channel_0/bid_fifo_0/memory_reg[3][15]_srl4/CLK
Low Pulse Width   Slow    SRL16E/CLK   n/a            0.980         4.875       3.895      SLICE_X26Y102   h2_blockDesign_i/ps7_0_axi_periph/s00_couplers/auto_pc/inst/gen_axilite.gen_b2s_conv.axilite_b2s/WR.b_channel_0/bid_fifo_0/memory_reg[3][16]_srl4/CLK
Low Pulse Width   Slow    SRL16E/CLK   n/a            0.980         4.875       3.895      SLICE_X26Y102   h2_blockDesign_i/ps7_0_axi_periph/s00_couplers/auto_pc/inst/gen_axilite.gen_b2s_conv.axilite_b2s/WR.b_channel_0/bid_fifo_0/memory_reg[3][17]_srl4/CLK
Low Pulse Width   Slow    SRL16E/CLK   n/a            0.980         4.875       3.895      SLICE_X26Y102   h2_blockDesign_i/ps7_0_axi_periph/s00_couplers/auto_pc/inst/gen_axilite.gen_b2s_conv.axilite_b2s/WR.b_channel_0/bid_fifo_0/memory_reg[3][18]_srl4/CLK
Low Pulse Width   Slow    SRL16E/CLK   n/a            0.980         4.875       3.895      SLICE_X26Y102   h2_blockDesign_i/ps7_0_axi_periph/s00_couplers/auto_pc/inst/gen_axilite.gen_b2s_conv.axilite_b2s/WR.b_channel_0/bid_fifo_0/memory_reg[3][19]_srl4/CLK
High Pulse Width  Slow    SRLC32E/CLK  n/a            0.980         4.875       3.895      SLICE_X30Y96    h2_blockDesign_i/ps7_0_axi_periph/s00_couplers/auto_pc/inst/gen_axilite.gen_b2s_conv.axilite_b2s/RD.r_channel_0/rd_data_fifo_0/memory_reg[31][25]_srl32/CLK
High Pulse Width  Slow    SRLC32E/CLK  n/a            0.980         4.875       3.895      SLICE_X30Y96    h2_blockDesign_i/ps7_0_axi_periph/s00_couplers/auto_pc/inst/gen_axilite.gen_b2s_conv.axilite_b2s/RD.r_channel_0/rd_data_fifo_0/memory_reg[31][26]_srl32/CLK
High Pulse Width  Slow    SRLC32E/CLK  n/a            0.980         4.875       3.895      SLICE_X30Y96    h2_blockDesign_i/ps7_0_axi_periph/s00_couplers/auto_pc/inst/gen_axilite.gen_b2s_conv.axilite_b2s/RD.r_channel_0/rd_data_fifo_0/memory_reg[31][27]_srl32/CLK
High Pulse Width  Slow    SRLC32E/CLK  n/a            0.980         4.875       3.895      SLICE_X30Y98    h2_blockDesign_i/ps7_0_axi_periph/s00_couplers/auto_pc/inst/gen_axilite.gen_b2s_conv.axilite_b2s/RD.r_channel_0/rd_data_fifo_0/memory_reg[31][28]_srl32/CLK
High Pulse Width  Slow    SRLC32E/CLK  n/a            0.980         4.875       3.895      SLICE_X30Y98    h2_blockDesign_i/ps7_0_axi_periph/s00_couplers/auto_pc/inst/gen_axilite.gen_b2s_conv.axilite_b2s/RD.r_channel_0/rd_data_fifo_0/memory_reg[31][29]_srl32/CLK
High Pulse Width  Slow    SRLC32E/CLK  n/a            0.980         4.875       3.895      SLICE_X30Y98    h2_blockDesign_i/ps7_0_axi_periph/s00_couplers/auto_pc/inst/gen_axilite.gen_b2s_conv.axilite_b2s/RD.r_channel_0/rd_data_fifo_0/memory_reg[31][30]_srl32/CLK
High Pulse Width  Slow    SRLC32E/CLK  n/a            0.980         4.875       3.895      SLICE_X30Y95    h2_blockDesign_i/ps7_0_axi_periph/s00_couplers/auto_pc/inst/gen_axilite.gen_b2s_conv.axilite_b2s/RD.r_channel_0/rd_data_fifo_0/memory_reg[31][31]_srl32/CLK
High Pulse Width  Slow    SRL16E/CLK   n/a            0.980         4.875       3.895      SLICE_X30Y99    h2_blockDesign_i/ps7_0_axi_periph/s00_couplers/auto_pc/inst/gen_axilite.gen_b2s_conv.axilite_b2s/WR.b_channel_0/bid_fifo_0/memory_reg[3][0]_srl4/CLK
High Pulse Width  Slow    SRL16E/CLK   n/a            0.980         4.875       3.895      SLICE_X30Y99    h2_blockDesign_i/ps7_0_axi_periph/s00_couplers/auto_pc/inst/gen_axilite.gen_b2s_conv.axilite_b2s/WR.b_channel_0/bid_fifo_0/memory_reg[3][1]_srl4/CLK
High Pulse Width  Slow    SRL16E/CLK   n/a            0.980         4.875       3.895      SLICE_X30Y99    h2_blockDesign_i/ps7_0_axi_periph/s00_couplers/auto_pc/inst/gen_axilite.gen_b2s_conv.axilite_b2s/WR.b_channel_0/bid_fifo_0/memory_reg[3][2]_srl4/CLK



---------------------------------------------------------------------------------------------------
From Clock:  clk_fpga_1
  To Clock:  clk_fpga_1

Setup :            0  Failing Endpoints,  Worst Slack       12.536ns,  Total Violation        0.000ns
Hold  :            0  Failing Endpoints,  Worst Slack        0.062ns,  Total Violation        0.000ns
PW    :            0  Failing Endpoints,  Worst Slack        9.520ns,  Total Violation        0.000ns
---------------------------------------------------------------------------------------------------


Max Delay Paths
--------------------------------------------------------------------------------------
Slack (MET) :             12.536ns  (required time - arrival time)
  Source:                 h2_blockDesign_i/AudioCodec/U0/audio_ip_v1_1_S00_AXI_inst/Inst_adau1761_izedboard/Inst_i2c/Inst_adau1761_configuraiton_data/data_reg/CLKARDCLK
                            (rising edge-triggered cell RAMB18E1 clocked by clk_fpga_1  {rise@0.000ns fall@10.500ns period=21.000ns})
  Destination:            h2_blockDesign_i/AudioCodec/U0/audio_ip_v1_1_S00_AXI_inst/Inst_adau1761_izedboard/Inst_i2c/Inst_i3c2/i2c_data_reg[0]/CE
                            (rising edge-triggered cell FDRE clocked by clk_fpga_1  {rise@0.000ns fall@10.500ns period=21.000ns})
  Path Group:             clk_fpga_1
  Path Type:              Setup (Max at Slow Process Corner)
  Requirement:            21.000ns  (clk_fpga_1 rise@21.000ns - clk_fpga_1 rise@0.000ns)
  Data Path Delay:        7.875ns  (logic 3.408ns (43.276%)  route 4.467ns (56.724%))
  Logic Levels:           4  (LUT5=2 LUT6=2)
  Clock Path Skew:        -0.067ns (DCD - SCD + CPR)
    Destination Clock Delay (DCD):    2.644ns = ( 23.644 - 21.000 ) 
    Source Clock Delay      (SCD):    2.974ns
    Clock Pessimism Removal (CPR):    0.263ns
  Clock Uncertainty:      0.317ns  ((TSJ^2 + TIJ^2)^1/2 + DJ) / 2 + PE
    Total System Jitter     (TSJ):    0.071ns
    Total Input Jitter      (TIJ):    0.630ns
    Discrete Jitter          (DJ):    0.000ns
    Phase Error              (PE):    0.000ns

    Location             Delay type                Incr(ns)  Path(ns)    Netlist Resource(s)
  -------------------------------------------------------------------    -------------------
                         (clock clk_fpga_1 rise edge)
                                                      0.000     0.000 r  
    PS7_X0Y0             PS7                          0.000     0.000 r  h2_blockDesign_i/processing_system7_0/inst/PS7_i/FCLKCLK[1]
                         net (fo=1, routed)           1.193     1.193    h2_blockDesign_i/processing_system7_0/inst/FCLK_CLK_unbuffered[1]
    BUFGCTRL_X0Y17       BUFG (Prop_bufg_I_O)         0.101     1.294 r  h2_blockDesign_i/processing_system7_0/inst/buffer_fclk_clk_1.FCLK_CLK_1_BUFG/O
                         net (fo=645, routed)         1.680     2.974    h2_blockDesign_i/AudioCodec/U0/audio_ip_v1_1_S00_AXI_inst/Inst_adau1761_izedboard/Inst_i2c/Inst_adau1761_configuraiton_data/clk_48
    RAMB18_X2Y30         RAMB18E1                                     r  h2_blockDesign_i/AudioCodec/U0/audio_ip_v1_1_S00_AXI_inst/Inst_adau1761_izedboard/Inst_i2c/Inst_adau1761_configuraiton_data/data_reg/CLKARDCLK
  -------------------------------------------------------------------    -------------------
    RAMB18_X2Y30         RAMB18E1 (Prop_ramb18e1_CLKARDCLK_DOADO[0])
                                                      2.454     5.428 r  h2_blockDesign_i/AudioCodec/U0/audio_ip_v1_1_S00_AXI_inst/Inst_adau1761_izedboard/Inst_i2c/Inst_adau1761_configuraiton_data/data_reg/DOADO[0]
                         net (fo=25, routed)          1.411     6.840    h2_blockDesign_i/AudioCodec/U0/audio_ip_v1_1_S00_AXI_inst/Inst_adau1761_izedboard/Inst_i2c/Inst_adau1761_configuraiton_data/DOADO[0]
    SLICE_X32Y76         LUT5 (Prop_lut5_I3_O)        0.148     6.988 r  h2_blockDesign_i/AudioCodec/U0/audio_ip_v1_1_S00_AXI_inst/Inst_adau1761_izedboard/Inst_i2c/Inst_adau1761_configuraiton_data/state[2]_i_4/O
                         net (fo=1, routed)           0.452     7.440    h2_blockDesign_i/AudioCodec/U0/audio_ip_v1_1_S00_AXI_inst/Inst_adau1761_izedboard/Inst_i2c/Inst_adau1761_configuraiton_data/state[2]_i_4_n_0
    SLICE_X32Y76         LUT6 (Prop_lut6_I1_O)        0.328     7.768 r  h2_blockDesign_i/AudioCodec/U0/audio_ip_v1_1_S00_AXI_inst/Inst_adau1761_izedboard/Inst_i2c/Inst_adau1761_configuraiton_data/state[2]_i_2/O
                         net (fo=14, routed)          1.009     8.778    h2_blockDesign_i/AudioCodec/U0/audio_ip_v1_1_S00_AXI_inst/Inst_adau1761_izedboard/Inst_i2c/Inst_adau1761_configuraiton_data/data_reg_0[0]
    SLICE_X34Y77         LUT5 (Prop_lut5_I4_O)        0.150     8.928 r  h2_blockDesign_i/AudioCodec/U0/audio_ip_v1_1_S00_AXI_inst/Inst_adau1761_izedboard/Inst_i2c/Inst_adau1761_configuraiton_data/i2c_bits_left[3]_i_4/O
                         net (fo=2, routed)           0.839     9.767    h2_blockDesign_i/AudioCodec/U0/audio_ip_v1_1_S00_AXI_inst/Inst_adau1761_izedboard/Inst_i2c/Inst_i3c2/i2c_data__3
    SLICE_X34Y76         LUT6 (Prop_lut6_I1_O)        0.328    10.095 r  h2_blockDesign_i/AudioCodec/U0/audio_ip_v1_1_S00_AXI_inst/Inst_adau1761_izedboard/Inst_i2c/Inst_i3c2/i2c_data[8]_i_1/O
                         net (fo=9, routed)           0.755    10.849    h2_blockDesign_i/AudioCodec/U0/audio_ip_v1_1_S00_AXI_inst/Inst_adau1761_izedboard/Inst_i2c/Inst_i3c2/i2c_data[8]_i_1_n_0
    SLICE_X33Y77         FDRE                                         r  h2_blockDesign_i/AudioCodec/U0/audio_ip_v1_1_S00_AXI_inst/Inst_adau1761_izedboard/Inst_i2c/Inst_i3c2/i2c_data_reg[0]/CE
  -------------------------------------------------------------------    -------------------

                         (clock clk_fpga_1 rise edge)
                                                     21.000    21.000 r  
    PS7_X0Y0             PS7                          0.000    21.000 r  h2_blockDesign_i/processing_system7_0/inst/PS7_i/FCLKCLK[1]
                         net (fo=1, routed)           1.088    22.088    h2_blockDesign_i/processing_system7_0/inst/FCLK_CLK_unbuffered[1]
    BUFGCTRL_X0Y17       BUFG (Prop_bufg_I_O)         0.091    22.179 r  h2_blockDesign_i/processing_system7_0/inst/buffer_fclk_clk_1.FCLK_CLK_1_BUFG/O
                         net (fo=645, routed)         1.465    23.644    h2_blockDesign_i/AudioCodec/U0/audio_ip_v1_1_S00_AXI_inst/Inst_adau1761_izedboard/Inst_i2c/Inst_i3c2/clk_48
    SLICE_X33Y77         FDRE                                         r  h2_blockDesign_i/AudioCodec/U0/audio_ip_v1_1_S00_AXI_inst/Inst_adau1761_izedboard/Inst_i2c/Inst_i3c2/i2c_data_reg[0]/C
                         clock pessimism              0.263    23.907    
                         clock uncertainty           -0.317    23.590    
    SLICE_X33Y77         FDRE (Setup_fdre_C_CE)      -0.205    23.385    h2_blockDesign_i/AudioCodec/U0/audio_ip_v1_1_S00_AXI_inst/Inst_adau1761_izedboard/Inst_i2c/Inst_i3c2/i2c_data_reg[0]
  -------------------------------------------------------------------
                         required time                         23.385    
                         arrival time                         -10.849    
  -------------------------------------------------------------------
                         slack                                 12.536    

Slack (MET) :             12.536ns  (required time - arrival time)
  Source:                 h2_blockDesign_i/AudioCodec/U0/audio_ip_v1_1_S00_AXI_inst/Inst_adau1761_izedboard/Inst_i2c/Inst_adau1761_configuraiton_data/data_reg/CLKARDCLK
                            (rising edge-triggered cell RAMB18E1 clocked by clk_fpga_1  {rise@0.000ns fall@10.500ns period=21.000ns})
  Destination:            h2_blockDesign_i/AudioCodec/U0/audio_ip_v1_1_S00_AXI_inst/Inst_adau1761_izedboard/Inst_i2c/Inst_i3c2/i2c_data_reg[3]/CE
                            (rising edge-triggered cell FDRE clocked by clk_fpga_1  {rise@0.000ns fall@10.500ns period=21.000ns})
  Path Group:             clk_fpga_1
  Path Type:              Setup (Max at Slow Process Corner)
  Requirement:            21.000ns  (clk_fpga_1 rise@21.000ns - clk_fpga_1 rise@0.000ns)
  Data Path Delay:        7.875ns  (logic 3.408ns (43.276%)  route 4.467ns (56.724%))
  Logic Levels:           4  (LUT5=2 LUT6=2)
  Clock Path Skew:        -0.067ns (DCD - SCD + CPR)
    Destination Clock Delay (DCD):    2.644ns = ( 23.644 - 21.000 ) 
    Source Clock Delay      (SCD):    2.974ns
    Clock Pessimism Removal (CPR):    0.263ns
  Clock Uncertainty:      0.317ns  ((TSJ^2 + TIJ^2)^1/2 + DJ) / 2 + PE
    Total System Jitter     (TSJ):    0.071ns
    Total Input Jitter      (TIJ):    0.630ns
    Discrete Jitter          (DJ):    0.000ns
    Phase Error              (PE):    0.000ns

    Location             Delay type                Incr(ns)  Path(ns)    Netlist Resource(s)
  -------------------------------------------------------------------    -------------------
                         (clock clk_fpga_1 rise edge)
                                                      0.000     0.000 r  
    PS7_X0Y0             PS7                          0.000     0.000 r  h2_blockDesign_i/processing_system7_0/inst/PS7_i/FCLKCLK[1]
                         net (fo=1, routed)           1.193     1.193    h2_blockDesign_i/processing_system7_0/inst/FCLK_CLK_unbuffered[1]
    BUFGCTRL_X0Y17       BUFG (Prop_bufg_I_O)         0.101     1.294 r  h2_blockDesign_i/processing_system7_0/inst/buffer_fclk_clk_1.FCLK_CLK_1_BUFG/O
                         net (fo=645, routed)         1.680     2.974    h2_blockDesign_i/AudioCodec/U0/audio_ip_v1_1_S00_AXI_inst/Inst_adau1761_izedboard/Inst_i2c/Inst_adau1761_configuraiton_data/clk_48
    RAMB18_X2Y30         RAMB18E1                                     r  h2_blockDesign_i/AudioCodec/U0/audio_ip_v1_1_S00_AXI_inst/Inst_adau1761_izedboard/Inst_i2c/Inst_adau1761_configuraiton_data/data_reg/CLKARDCLK
  -------------------------------------------------------------------    -------------------
    RAMB18_X2Y30         RAMB18E1 (Prop_ramb18e1_CLKARDCLK_DOADO[0])
                                                      2.454     5.428 r  h2_blockDesign_i/AudioCodec/U0/audio_ip_v1_1_S00_AXI_inst/Inst_adau1761_izedboard/Inst_i2c/Inst_adau1761_configuraiton_data/data_reg/DOADO[0]
                         net (fo=25, routed)          1.411     6.840    h2_blockDesign_i/AudioCodec/U0/audio_ip_v1_1_S00_AXI_inst/Inst_adau1761_izedboard/Inst_i2c/Inst_adau1761_configuraiton_data/DOADO[0]
    SLICE_X32Y76         LUT5 (Prop_lut5_I3_O)        0.148     6.988 r  h2_blockDesign_i/AudioCodec/U0/audio_ip_v1_1_S00_AXI_inst/Inst_adau1761_izedboard/Inst_i2c/Inst_adau1761_configuraiton_data/state[2]_i_4/O
                         net (fo=1, routed)           0.452     7.440    h2_blockDesign_i/AudioCodec/U0/audio_ip_v1_1_S00_AXI_inst/Inst_adau1761_izedboard/Inst_i2c/Inst_adau1761_configuraiton_data/state[2]_i_4_n_0
    SLICE_X32Y76         LUT6 (Prop_lut6_I1_O)        0.328     7.768 r  h2_blockDesign_i/AudioCodec/U0/audio_ip_v1_1_S00_AXI_inst/Inst_adau1761_izedboard/Inst_i2c/Inst_adau1761_configuraiton_data/state[2]_i_2/O
                         net (fo=14, routed)          1.009     8.778    h2_blockDesign_i/AudioCodec/U0/audio_ip_v1_1_S00_AXI_inst/Inst_adau1761_izedboard/Inst_i2c/Inst_adau1761_configuraiton_data/data_reg_0[0]
    SLICE_X34Y77         LUT5 (Prop_lut5_I4_O)        0.150     8.928 r  h2_blockDesign_i/AudioCodec/U0/audio_ip_v1_1_S00_AXI_inst/Inst_adau1761_izedboard/Inst_i2c/Inst_adau1761_configuraiton_data/i2c_bits_left[3]_i_4/O
                         net (fo=2, routed)           0.839     9.767    h2_blockDesign_i/AudioCodec/U0/audio_ip_v1_1_S00_AXI_inst/Inst_adau1761_izedboard/Inst_i2c/Inst_i3c2/i2c_data__3
    SLICE_X34Y76         LUT6 (Prop_lut6_I1_O)        0.328    10.095 r  h2_blockDesign_i/AudioCodec/U0/audio_ip_v1_1_S00_AXI_inst/Inst_adau1761_izedboard/Inst_i2c/Inst_i3c2/i2c_data[8]_i_1/O
                         net (fo=9, routed)           0.755    10.849    h2_blockDesign_i/AudioCodec/U0/audio_ip_v1_1_S00_AXI_inst/Inst_adau1761_izedboard/Inst_i2c/Inst_i3c2/i2c_data[8]_i_1_n_0
    SLICE_X33Y77         FDRE                                         r  h2_blockDesign_i/AudioCodec/U0/audio_ip_v1_1_S00_AXI_inst/Inst_adau1761_izedboard/Inst_i2c/Inst_i3c2/i2c_data_reg[3]/CE
  -------------------------------------------------------------------    -------------------

                         (clock clk_fpga_1 rise edge)
                                                     21.000    21.000 r  
    PS7_X0Y0             PS7                          0.000    21.000 r  h2_blockDesign_i/processing_system7_0/inst/PS7_i/FCLKCLK[1]
                         net (fo=1, routed)           1.088    22.088    h2_blockDesign_i/processing_system7_0/inst/FCLK_CLK_unbuffered[1]
    BUFGCTRL_X0Y17       BUFG (Prop_bufg_I_O)         0.091    22.179 r  h2_blockDesign_i/processing_system7_0/inst/buffer_fclk_clk_1.FCLK_CLK_1_BUFG/O
                         net (fo=645, routed)         1.465    23.644    h2_blockDesign_i/AudioCodec/U0/audio_ip_v1_1_S00_AXI_inst/Inst_adau1761_izedboard/Inst_i2c/Inst_i3c2/clk_48
    SLICE_X33Y77         FDRE                                         r  h2_blockDesign_i/AudioCodec/U0/audio_ip_v1_1_S00_AXI_inst/Inst_adau1761_izedboard/Inst_i2c/Inst_i3c2/i2c_data_reg[3]/C
                         clock pessimism              0.263    23.907    
                         clock uncertainty           -0.317    23.590    
    SLICE_X33Y77         FDRE (Setup_fdre_C_CE)      -0.205    23.385    h2_blockDesign_i/AudioCodec/U0/audio_ip_v1_1_S00_AXI_inst/Inst_adau1761_izedboard/Inst_i2c/Inst_i3c2/i2c_data_reg[3]
  -------------------------------------------------------------------
                         required time                         23.385    
                         arrival time                         -10.849    
  -------------------------------------------------------------------
                         slack                                 12.536    

Slack (MET) :             12.761ns  (required time - arrival time)
  Source:                 h2_blockDesign_i/AudioCodec/U0/audio_ip_v1_1_S00_AXI_inst/Inst_adau1761_izedboard/Inst_i2c/Inst_adau1761_configuraiton_data/data_reg/CLKARDCLK
                            (rising edge-triggered cell RAMB18E1 clocked by clk_fpga_1  {rise@0.000ns fall@10.500ns period=21.000ns})
  Destination:            h2_blockDesign_i/AudioCodec/U0/audio_ip_v1_1_S00_AXI_inst/Inst_adau1761_izedboard/Inst_i2c/Inst_i3c2/i2c_data_reg[4]/CE
                            (rising edge-triggered cell FDRE clocked by clk_fpga_1  {rise@0.000ns fall@10.500ns period=21.000ns})
  Path Group:             clk_fpga_1
  Path Type:              Setup (Max at Slow Process Corner)
  Requirement:            21.000ns  (clk_fpga_1 rise@21.000ns - clk_fpga_1 rise@0.000ns)
  Data Path Delay:        7.686ns  (logic 3.408ns (44.342%)  route 4.278ns (55.658%))
  Logic Levels:           4  (LUT5=2 LUT6=2)
  Clock Path Skew:        -0.067ns (DCD - SCD + CPR)
    Destination Clock Delay (DCD):    2.644ns = ( 23.644 - 21.000 ) 
    Source Clock Delay      (SCD):    2.974ns
    Clock Pessimism Removal (CPR):    0.263ns
  Clock Uncertainty:      0.317ns  ((TSJ^2 + TIJ^2)^1/2 + DJ) / 2 + PE
    Total System Jitter     (TSJ):    0.071ns
    Total Input Jitter      (TIJ):    0.630ns
    Discrete Jitter          (DJ):    0.000ns
    Phase Error              (PE):    0.000ns

    Location             Delay type                Incr(ns)  Path(ns)    Netlist Resource(s)
  -------------------------------------------------------------------    -------------------
                         (clock clk_fpga_1 rise edge)
                                                      0.000     0.000 r  
    PS7_X0Y0             PS7                          0.000     0.000 r  h2_blockDesign_i/processing_system7_0/inst/PS7_i/FCLKCLK[1]
                         net (fo=1, routed)           1.193     1.193    h2_blockDesign_i/processing_system7_0/inst/FCLK_CLK_unbuffered[1]
    BUFGCTRL_X0Y17       BUFG (Prop_bufg_I_O)         0.101     1.294 r  h2_blockDesign_i/processing_system7_0/inst/buffer_fclk_clk_1.FCLK_CLK_1_BUFG/O
                         net (fo=645, routed)         1.680     2.974    h2_blockDesign_i/AudioCodec/U0/audio_ip_v1_1_S00_AXI_inst/Inst_adau1761_izedboard/Inst_i2c/Inst_adau1761_configuraiton_data/clk_48
    RAMB18_X2Y30         RAMB18E1                                     r  h2_blockDesign_i/AudioCodec/U0/audio_ip_v1_1_S00_AXI_inst/Inst_adau1761_izedboard/Inst_i2c/Inst_adau1761_configuraiton_data/data_reg/CLKARDCLK
  -------------------------------------------------------------------    -------------------
    RAMB18_X2Y30         RAMB18E1 (Prop_ramb18e1_CLKARDCLK_DOADO[0])
                                                      2.454     5.428 r  h2_blockDesign_i/AudioCodec/U0/audio_ip_v1_1_S00_AXI_inst/Inst_adau1761_izedboard/Inst_i2c/Inst_adau1761_configuraiton_data/data_reg/DOADO[0]
                         net (fo=25, routed)          1.411     6.840    h2_blockDesign_i/AudioCodec/U0/audio_ip_v1_1_S00_AXI_inst/Inst_adau1761_izedboard/Inst_i2c/Inst_adau1761_configuraiton_data/DOADO[0]
    SLICE_X32Y76         LUT5 (Prop_lut5_I3_O)        0.148     6.988 r  h2_blockDesign_i/AudioCodec/U0/audio_ip_v1_1_S00_AXI_inst/Inst_adau1761_izedboard/Inst_i2c/Inst_adau1761_configuraiton_data/state[2]_i_4/O
                         net (fo=1, routed)           0.452     7.440    h2_blockDesign_i/AudioCodec/U0/audio_ip_v1_1_S00_AXI_inst/Inst_adau1761_izedboard/Inst_i2c/Inst_adau1761_configuraiton_data/state[2]_i_4_n_0
    SLICE_X32Y76         LUT6 (Prop_lut6_I1_O)        0.328     7.768 r  h2_blockDesign_i/AudioCodec/U0/audio_ip_v1_1_S00_AXI_inst/Inst_adau1761_izedboard/Inst_i2c/Inst_adau1761_configuraiton_data/state[2]_i_2/O
                         net (fo=14, routed)          1.009     8.778    h2_blockDesign_i/AudioCodec/U0/audio_ip_v1_1_S00_AXI_inst/Inst_adau1761_izedboard/Inst_i2c/Inst_adau1761_configuraiton_data/data_reg_0[0]
    SLICE_X34Y77         LUT5 (Prop_lut5_I4_O)        0.150     8.928 r  h2_blockDesign_i/AudioCodec/U0/audio_ip_v1_1_S00_AXI_inst/Inst_adau1761_izedboard/Inst_i2c/Inst_adau1761_configuraiton_data/i2c_bits_left[3]_i_4/O
                         net (fo=2, routed)           0.839     9.767    h2_blockDesign_i/AudioCodec/U0/audio_ip_v1_1_S00_AXI_inst/Inst_adau1761_izedboard/Inst_i2c/Inst_i3c2/i2c_data__3
    SLICE_X34Y76         LUT6 (Prop_lut6_I1_O)        0.328    10.095 r  h2_blockDesign_i/AudioCodec/U0/audio_ip_v1_1_S00_AXI_inst/Inst_adau1761_izedboard/Inst_i2c/Inst_i3c2/i2c_data[8]_i_1/O
                         net (fo=9, routed)           0.565    10.660    h2_blockDesign_i/AudioCodec/U0/audio_ip_v1_1_S00_AXI_inst/Inst_adau1761_izedboard/Inst_i2c/Inst_i3c2/i2c_data[8]_i_1_n_0
    SLICE_X32Y77         FDRE                                         r  h2_blockDesign_i/AudioCodec/U0/audio_ip_v1_1_S00_AXI_inst/Inst_adau1761_izedboard/Inst_i2c/Inst_i3c2/i2c_data_reg[4]/CE
  -------------------------------------------------------------------    -------------------

                         (clock clk_fpga_1 rise edge)
                                                     21.000    21.000 r  
    PS7_X0Y0             PS7                          0.000    21.000 r  h2_blockDesign_i/processing_system7_0/inst/PS7_i/FCLKCLK[1]
                         net (fo=1, routed)           1.088    22.088    h2_blockDesign_i/processing_system7_0/inst/FCLK_CLK_unbuffered[1]
    BUFGCTRL_X0Y17       BUFG (Prop_bufg_I_O)         0.091    22.179 r  h2_blockDesign_i/processing_system7_0/inst/buffer_fclk_clk_1.FCLK_CLK_1_BUFG/O
                         net (fo=645, routed)         1.465    23.644    h2_blockDesign_i/AudioCodec/U0/audio_ip_v1_1_S00_AXI_inst/Inst_adau1761_izedboard/Inst_i2c/Inst_i3c2/clk_48
    SLICE_X32Y77         FDRE                                         r  h2_blockDesign_i/AudioCodec/U0/audio_ip_v1_1_S00_AXI_inst/Inst_adau1761_izedboard/Inst_i2c/Inst_i3c2/i2c_data_reg[4]/C
                         clock pessimism              0.263    23.907    
                         clock uncertainty           -0.317    23.590    
    SLICE_X32Y77         FDRE (Setup_fdre_C_CE)      -0.169    23.421    h2_blockDesign_i/AudioCodec/U0/audio_ip_v1_1_S00_AXI_inst/Inst_adau1761_izedboard/Inst_i2c/Inst_i3c2/i2c_data_reg[4]
  -------------------------------------------------------------------
                         required time                         23.421    
                         arrival time                         -10.660    
  -------------------------------------------------------------------
                         slack                                 12.761    

Slack (MET) :             12.761ns  (required time - arrival time)
  Source:                 h2_blockDesign_i/AudioCodec/U0/audio_ip_v1_1_S00_AXI_inst/Inst_adau1761_izedboard/Inst_i2c/Inst_adau1761_configuraiton_data/data_reg/CLKARDCLK
                            (rising edge-triggered cell RAMB18E1 clocked by clk_fpga_1  {rise@0.000ns fall@10.500ns period=21.000ns})
  Destination:            h2_blockDesign_i/AudioCodec/U0/audio_ip_v1_1_S00_AXI_inst/Inst_adau1761_izedboard/Inst_i2c/Inst_i3c2/i2c_data_reg[5]/CE
                            (rising edge-triggered cell FDRE clocked by clk_fpga_1  {rise@0.000ns fall@10.500ns period=21.000ns})
  Path Group:             clk_fpga_1
  Path Type:              Setup (Max at Slow Process Corner)
  Requirement:            21.000ns  (clk_fpga_1 rise@21.000ns - clk_fpga_1 rise@0.000ns)
  Data Path Delay:        7.686ns  (logic 3.408ns (44.342%)  route 4.278ns (55.658%))
  Logic Levels:           4  (LUT5=2 LUT6=2)
  Clock Path Skew:        -0.067ns (DCD - SCD + CPR)
    Destination Clock Delay (DCD):    2.644ns = ( 23.644 - 21.000 ) 
    Source Clock Delay      (SCD):    2.974ns
    Clock Pessimism Removal (CPR):    0.263ns
  Clock Uncertainty:      0.317ns  ((TSJ^2 + TIJ^2)^1/2 + DJ) / 2 + PE
    Total System Jitter     (TSJ):    0.071ns
    Total Input Jitter      (TIJ):    0.630ns
    Discrete Jitter          (DJ):    0.000ns
    Phase Error              (PE):    0.000ns

    Location             Delay type                Incr(ns)  Path(ns)    Netlist Resource(s)
  -------------------------------------------------------------------    -------------------
                         (clock clk_fpga_1 rise edge)
                                                      0.000     0.000 r  
    PS7_X0Y0             PS7                          0.000     0.000 r  h2_blockDesign_i/processing_system7_0/inst/PS7_i/FCLKCLK[1]
                         net (fo=1, routed)           1.193     1.193    h2_blockDesign_i/processing_system7_0/inst/FCLK_CLK_unbuffered[1]
    BUFGCTRL_X0Y17       BUFG (Prop_bufg_I_O)         0.101     1.294 r  h2_blockDesign_i/processing_system7_0/inst/buffer_fclk_clk_1.FCLK_CLK_1_BUFG/O
                         net (fo=645, routed)         1.680     2.974    h2_blockDesign_i/AudioCodec/U0/audio_ip_v1_1_S00_AXI_inst/Inst_adau1761_izedboard/Inst_i2c/Inst_adau1761_configuraiton_data/clk_48
    RAMB18_X2Y30         RAMB18E1                                     r  h2_blockDesign_i/AudioCodec/U0/audio_ip_v1_1_S00_AXI_inst/Inst_adau1761_izedboard/Inst_i2c/Inst_adau1761_configuraiton_data/data_reg/CLKARDCLK
  -------------------------------------------------------------------    -------------------
    RAMB18_X2Y30         RAMB18E1 (Prop_ramb18e1_CLKARDCLK_DOADO[0])
                                                      2.454     5.428 r  h2_blockDesign_i/AudioCodec/U0/audio_ip_v1_1_S00_AXI_inst/Inst_adau1761_izedboard/Inst_i2c/Inst_adau1761_configuraiton_data/data_reg/DOADO[0]
                         net (fo=25, routed)          1.411     6.840    h2_blockDesign_i/AudioCodec/U0/audio_ip_v1_1_S00_AXI_inst/Inst_adau1761_izedboard/Inst_i2c/Inst_adau1761_configuraiton_data/DOADO[0]
    SLICE_X32Y76         LUT5 (Prop_lut5_I3_O)        0.148     6.988 r  h2_blockDesign_i/AudioCodec/U0/audio_ip_v1_1_S00_AXI_inst/Inst_adau1761_izedboard/Inst_i2c/Inst_adau1761_configuraiton_data/state[2]_i_4/O
                         net (fo=1, routed)           0.452     7.440    h2_blockDesign_i/AudioCodec/U0/audio_ip_v1_1_S00_AXI_inst/Inst_adau1761_izedboard/Inst_i2c/Inst_adau1761_configuraiton_data/state[2]_i_4_n_0
    SLICE_X32Y76         LUT6 (Prop_lut6_I1_O)        0.328     7.768 r  h2_blockDesign_i/AudioCodec/U0/audio_ip_v1_1_S00_AXI_inst/Inst_adau1761_izedboard/Inst_i2c/Inst_adau1761_configuraiton_data/state[2]_i_2/O
                         net (fo=14, routed)          1.009     8.778    h2_blockDesign_i/AudioCodec/U0/audio_ip_v1_1_S00_AXI_inst/Inst_adau1761_izedboard/Inst_i2c/Inst_adau1761_configuraiton_data/data_reg_0[0]
    SLICE_X34Y77         LUT5 (Prop_lut5_I4_O)        0.150     8.928 r  h2_blockDesign_i/AudioCodec/U0/audio_ip_v1_1_S00_AXI_inst/Inst_adau1761_izedboard/Inst_i2c/Inst_adau1761_configuraiton_data/i2c_bits_left[3]_i_4/O
                         net (fo=2, routed)           0.839     9.767    h2_blockDesign_i/AudioCodec/U0/audio_ip_v1_1_S00_AXI_inst/Inst_adau1761_izedboard/Inst_i2c/Inst_i3c2/i2c_data__3
    SLICE_X34Y76         LUT6 (Prop_lut6_I1_O)        0.328    10.095 r  h2_blockDesign_i/AudioCodec/U0/audio_ip_v1_1_S00_AXI_inst/Inst_adau1761_izedboard/Inst_i2c/Inst_i3c2/i2c_data[8]_i_1/O
                         net (fo=9, routed)           0.565    10.660    h2_blockDesign_i/AudioCodec/U0/audio_ip_v1_1_S00_AXI_inst/Inst_adau1761_izedboard/Inst_i2c/Inst_i3c2/i2c_data[8]_i_1_n_0
    SLICE_X32Y77         FDRE                                         r  h2_blockDesign_i/AudioCodec/U0/audio_ip_v1_1_S00_AXI_inst/Inst_adau1761_izedboard/Inst_i2c/Inst_i3c2/i2c_data_reg[5]/CE
  -------------------------------------------------------------------    -------------------

                         (clock clk_fpga_1 rise edge)
                                                     21.000    21.000 r  
    PS7_X0Y0             PS7                          0.000    21.000 r  h2_blockDesign_i/processing_system7_0/inst/PS7_i/FCLKCLK[1]
                         net (fo=1, routed)           1.088    22.088    h2_blockDesign_i/processing_system7_0/inst/FCLK_CLK_unbuffered[1]
    BUFGCTRL_X0Y17       BUFG (Prop_bufg_I_O)         0.091    22.179 r  h2_blockDesign_i/processing_system7_0/inst/buffer_fclk_clk_1.FCLK_CLK_1_BUFG/O
                         net (fo=645, routed)         1.465    23.644    h2_blockDesign_i/AudioCodec/U0/audio_ip_v1_1_S00_AXI_inst/Inst_adau1761_izedboard/Inst_i2c/Inst_i3c2/clk_48
    SLICE_X32Y77         FDRE                                         r  h2_blockDesign_i/AudioCodec/U0/audio_ip_v1_1_S00_AXI_inst/Inst_adau1761_izedboard/Inst_i2c/Inst_i3c2/i2c_data_reg[5]/C
                         clock pessimism              0.263    23.907    
                         clock uncertainty           -0.317    23.590    
    SLICE_X32Y77         FDRE (Setup_fdre_C_CE)      -0.169    23.421    h2_blockDesign_i/AudioCodec/U0/audio_ip_v1_1_S00_AXI_inst/Inst_adau1761_izedboard/Inst_i2c/Inst_i3c2/i2c_data_reg[5]
  -------------------------------------------------------------------
                         required time                         23.421    
                         arrival time                         -10.660    
  -------------------------------------------------------------------
                         slack                                 12.761    

Slack (MET) :             12.761ns  (required time - arrival time)
  Source:                 h2_blockDesign_i/AudioCodec/U0/audio_ip_v1_1_S00_AXI_inst/Inst_adau1761_izedboard/Inst_i2c/Inst_adau1761_configuraiton_data/data_reg/CLKARDCLK
                            (rising edge-triggered cell RAMB18E1 clocked by clk_fpga_1  {rise@0.000ns fall@10.500ns period=21.000ns})
  Destination:            h2_blockDesign_i/AudioCodec/U0/audio_ip_v1_1_S00_AXI_inst/Inst_adau1761_izedboard/Inst_i2c/Inst_i3c2/i2c_data_reg[6]/CE
                            (rising edge-triggered cell FDRE clocked by clk_fpga_1  {rise@0.000ns fall@10.500ns period=21.000ns})
  Path Group:             clk_fpga_1
  Path Type:              Setup (Max at Slow Process Corner)
  Requirement:            21.000ns  (clk_fpga_1 rise@21.000ns - clk_fpga_1 rise@0.000ns)
  Data Path Delay:        7.686ns  (logic 3.408ns (44.342%)  route 4.278ns (55.658%))
  Logic Levels:           4  (LUT5=2 LUT6=2)
  Clock Path Skew:        -0.067ns (DCD - SCD + CPR)
    Destination Clock Delay (DCD):    2.644ns = ( 23.644 - 21.000 ) 
    Source Clock Delay      (SCD):    2.974ns
    Clock Pessimism Removal (CPR):    0.263ns
  Clock Uncertainty:      0.317ns  ((TSJ^2 + TIJ^2)^1/2 + DJ) / 2 + PE
    Total System Jitter     (TSJ):    0.071ns
    Total Input Jitter      (TIJ):    0.630ns
    Discrete Jitter          (DJ):    0.000ns
    Phase Error              (PE):    0.000ns

    Location             Delay type                Incr(ns)  Path(ns)    Netlist Resource(s)
  -------------------------------------------------------------------    -------------------
                         (clock clk_fpga_1 rise edge)
                                                      0.000     0.000 r  
    PS7_X0Y0             PS7                          0.000     0.000 r  h2_blockDesign_i/processing_system7_0/inst/PS7_i/FCLKCLK[1]
                         net (fo=1, routed)           1.193     1.193    h2_blockDesign_i/processing_system7_0/inst/FCLK_CLK_unbuffered[1]
    BUFGCTRL_X0Y17       BUFG (Prop_bufg_I_O)         0.101     1.294 r  h2_blockDesign_i/processing_system7_0/inst/buffer_fclk_clk_1.FCLK_CLK_1_BUFG/O
                         net (fo=645, routed)         1.680     2.974    h2_blockDesign_i/AudioCodec/U0/audio_ip_v1_1_S00_AXI_inst/Inst_adau1761_izedboard/Inst_i2c/Inst_adau1761_configuraiton_data/clk_48
    RAMB18_X2Y30         RAMB18E1                                     r  h2_blockDesign_i/AudioCodec/U0/audio_ip_v1_1_S00_AXI_inst/Inst_adau1761_izedboard/Inst_i2c/Inst_adau1761_configuraiton_data/data_reg/CLKARDCLK
  -------------------------------------------------------------------    -------------------
    RAMB18_X2Y30         RAMB18E1 (Prop_ramb18e1_CLKARDCLK_DOADO[0])
                                                      2.454     5.428 r  h2_blockDesign_i/AudioCodec/U0/audio_ip_v1_1_S00_AXI_inst/Inst_adau1761_izedboard/Inst_i2c/Inst_adau1761_configuraiton_data/data_reg/DOADO[0]
                         net (fo=25, routed)          1.411     6.840    h2_blockDesign_i/AudioCodec/U0/audio_ip_v1_1_S00_AXI_inst/Inst_adau1761_izedboard/Inst_i2c/Inst_adau1761_configuraiton_data/DOADO[0]
    SLICE_X32Y76         LUT5 (Prop_lut5_I3_O)        0.148     6.988 r  h2_blockDesign_i/AudioCodec/U0/audio_ip_v1_1_S00_AXI_inst/Inst_adau1761_izedboard/Inst_i2c/Inst_adau1761_configuraiton_data/state[2]_i_4/O
                         net (fo=1, routed)           0.452     7.440    h2_blockDesign_i/AudioCodec/U0/audio_ip_v1_1_S00_AXI_inst/Inst_adau1761_izedboard/Inst_i2c/Inst_adau1761_configuraiton_data/state[2]_i_4_n_0
    SLICE_X32Y76         LUT6 (Prop_lut6_I1_O)        0.328     7.768 r  h2_blockDesign_i/AudioCodec/U0/audio_ip_v1_1_S00_AXI_inst/Inst_adau1761_izedboard/Inst_i2c/Inst_adau1761_configuraiton_data/state[2]_i_2/O
                         net (fo=14, routed)          1.009     8.778    h2_blockDesign_i/AudioCodec/U0/audio_ip_v1_1_S00_AXI_inst/Inst_adau1761_izedboard/Inst_i2c/Inst_adau1761_configuraiton_data/data_reg_0[0]
    SLICE_X34Y77         LUT5 (Prop_lut5_I4_O)        0.150     8.928 r  h2_blockDesign_i/AudioCodec/U0/audio_ip_v1_1_S00_AXI_inst/Inst_adau1761_izedboard/Inst_i2c/Inst_adau1761_configuraiton_data/i2c_bits_left[3]_i_4/O
                         net (fo=2, routed)           0.839     9.767    h2_blockDesign_i/AudioCodec/U0/audio_ip_v1_1_S00_AXI_inst/Inst_adau1761_izedboard/Inst_i2c/Inst_i3c2/i2c_data__3
    SLICE_X34Y76         LUT6 (Prop_lut6_I1_O)        0.328    10.095 r  h2_blockDesign_i/AudioCodec/U0/audio_ip_v1_1_S00_AXI_inst/Inst_adau1761_izedboard/Inst_i2c/Inst_i3c2/i2c_data[8]_i_1/O
                         net (fo=9, routed)           0.565    10.660    h2_blockDesign_i/AudioCodec/U0/audio_ip_v1_1_S00_AXI_inst/Inst_adau1761_izedboard/Inst_i2c/Inst_i3c2/i2c_data[8]_i_1_n_0
    SLICE_X32Y77         FDRE                                         r  h2_blockDesign_i/AudioCodec/U0/audio_ip_v1_1_S00_AXI_inst/Inst_adau1761_izedboard/Inst_i2c/Inst_i3c2/i2c_data_reg[6]/CE
  -------------------------------------------------------------------    -------------------

                         (clock clk_fpga_1 rise edge)
                                                     21.000    21.000 r  
    PS7_X0Y0             PS7                          0.000    21.000 r  h2_blockDesign_i/processing_system7_0/inst/PS7_i/FCLKCLK[1]
                         net (fo=1, routed)           1.088    22.088    h2_blockDesign_i/processing_system7_0/inst/FCLK_CLK_unbuffered[1]
    BUFGCTRL_X0Y17       BUFG (Prop_bufg_I_O)         0.091    22.179 r  h2_blockDesign_i/processing_system7_0/inst/buffer_fclk_clk_1.FCLK_CLK_1_BUFG/O
                         net (fo=645, routed)         1.465    23.644    h2_blockDesign_i/AudioCodec/U0/audio_ip_v1_1_S00_AXI_inst/Inst_adau1761_izedboard/Inst_i2c/Inst_i3c2/clk_48
    SLICE_X32Y77         FDRE                                         r  h2_blockDesign_i/AudioCodec/U0/audio_ip_v1_1_S00_AXI_inst/Inst_adau1761_izedboard/Inst_i2c/Inst_i3c2/i2c_data_reg[6]/C
                         clock pessimism              0.263    23.907    
                         clock uncertainty           -0.317    23.590    
    SLICE_X32Y77         FDRE (Setup_fdre_C_CE)      -0.169    23.421    h2_blockDesign_i/AudioCodec/U0/audio_ip_v1_1_S00_AXI_inst/Inst_adau1761_izedboard/Inst_i2c/Inst_i3c2/i2c_data_reg[6]
  -------------------------------------------------------------------
                         required time                         23.421    
                         arrival time                         -10.660    
  -------------------------------------------------------------------
                         slack                                 12.761    

Slack (MET) :             12.761ns  (required time - arrival time)
  Source:                 h2_blockDesign_i/AudioCodec/U0/audio_ip_v1_1_S00_AXI_inst/Inst_adau1761_izedboard/Inst_i2c/Inst_adau1761_configuraiton_data/data_reg/CLKARDCLK
                            (rising edge-triggered cell RAMB18E1 clocked by clk_fpga_1  {rise@0.000ns fall@10.500ns period=21.000ns})
  Destination:            h2_blockDesign_i/AudioCodec/U0/audio_ip_v1_1_S00_AXI_inst/Inst_adau1761_izedboard/Inst_i2c/Inst_i3c2/i2c_data_reg[7]/CE
                            (rising edge-triggered cell FDRE clocked by clk_fpga_1  {rise@0.000ns fall@10.500ns period=21.000ns})
  Path Group:             clk_fpga_1
  Path Type:              Setup (Max at Slow Process Corner)
  Requirement:            21.000ns  (clk_fpga_1 rise@21.000ns - clk_fpga_1 rise@0.000ns)
  Data Path Delay:        7.686ns  (logic 3.408ns (44.342%)  route 4.278ns (55.658%))
  Logic Levels:           4  (LUT5=2 LUT6=2)
  Clock Path Skew:        -0.067ns (DCD - SCD + CPR)
    Destination Clock Delay (DCD):    2.644ns = ( 23.644 - 21.000 ) 
    Source Clock Delay      (SCD):    2.974ns
    Clock Pessimism Removal (CPR):    0.263ns
  Clock Uncertainty:      0.317ns  ((TSJ^2 + TIJ^2)^1/2 + DJ) / 2 + PE
    Total System Jitter     (TSJ):    0.071ns
    Total Input Jitter      (TIJ):    0.630ns
    Discrete Jitter          (DJ):    0.000ns
    Phase Error              (PE):    0.000ns

    Location             Delay type                Incr(ns)  Path(ns)    Netlist Resource(s)
  -------------------------------------------------------------------    -------------------
                         (clock clk_fpga_1 rise edge)
                                                      0.000     0.000 r  
    PS7_X0Y0             PS7                          0.000     0.000 r  h2_blockDesign_i/processing_system7_0/inst/PS7_i/FCLKCLK[1]
                         net (fo=1, routed)           1.193     1.193    h2_blockDesign_i/processing_system7_0/inst/FCLK_CLK_unbuffered[1]
    BUFGCTRL_X0Y17       BUFG (Prop_bufg_I_O)         0.101     1.294 r  h2_blockDesign_i/processing_system7_0/inst/buffer_fclk_clk_1.FCLK_CLK_1_BUFG/O
                         net (fo=645, routed)         1.680     2.974    h2_blockDesign_i/AudioCodec/U0/audio_ip_v1_1_S00_AXI_inst/Inst_adau1761_izedboard/Inst_i2c/Inst_adau1761_configuraiton_data/clk_48
    RAMB18_X2Y30         RAMB18E1                                     r  h2_blockDesign_i/AudioCodec/U0/audio_ip_v1_1_S00_AXI_inst/Inst_adau1761_izedboard/Inst_i2c/Inst_adau1761_configuraiton_data/data_reg/CLKARDCLK
  -------------------------------------------------------------------    -------------------
    RAMB18_X2Y30         RAMB18E1 (Prop_ramb18e1_CLKARDCLK_DOADO[0])
                                                      2.454     5.428 r  h2_blockDesign_i/AudioCodec/U0/audio_ip_v1_1_S00_AXI_inst/Inst_adau1761_izedboard/Inst_i2c/Inst_adau1761_configuraiton_data/data_reg/DOADO[0]
                         net (fo=25, routed)          1.411     6.840    h2_blockDesign_i/AudioCodec/U0/audio_ip_v1_1_S00_AXI_inst/Inst_adau1761_izedboard/Inst_i2c/Inst_adau1761_configuraiton_data/DOADO[0]
    SLICE_X32Y76         LUT5 (Prop_lut5_I3_O)        0.148     6.988 r  h2_blockDesign_i/AudioCodec/U0/audio_ip_v1_1_S00_AXI_inst/Inst_adau1761_izedboard/Inst_i2c/Inst_adau1761_configuraiton_data/state[2]_i_4/O
                         net (fo=1, routed)           0.452     7.440    h2_blockDesign_i/AudioCodec/U0/audio_ip_v1_1_S00_AXI_inst/Inst_adau1761_izedboard/Inst_i2c/Inst_adau1761_configuraiton_data/state[2]_i_4_n_0
    SLICE_X32Y76         LUT6 (Prop_lut6_I1_O)        0.328     7.768 r  h2_blockDesign_i/AudioCodec/U0/audio_ip_v1_1_S00_AXI_inst/Inst_adau1761_izedboard/Inst_i2c/Inst_adau1761_configuraiton_data/state[2]_i_2/O
                         net (fo=14, routed)          1.009     8.778    h2_blockDesign_i/AudioCodec/U0/audio_ip_v1_1_S00_AXI_inst/Inst_adau1761_izedboard/Inst_i2c/Inst_adau1761_configuraiton_data/data_reg_0[0]
    SLICE_X34Y77         LUT5 (Prop_lut5_I4_O)        0.150     8.928 r  h2_blockDesign_i/AudioCodec/U0/audio_ip_v1_1_S00_AXI_inst/Inst_adau1761_izedboard/Inst_i2c/Inst_adau1761_configuraiton_data/i2c_bits_left[3]_i_4/O
                         net (fo=2, routed)           0.839     9.767    h2_blockDesign_i/AudioCodec/U0/audio_ip_v1_1_S00_AXI_inst/Inst_adau1761_izedboard/Inst_i2c/Inst_i3c2/i2c_data__3
    SLICE_X34Y76         LUT6 (Prop_lut6_I1_O)        0.328    10.095 r  h2_blockDesign_i/AudioCodec/U0/audio_ip_v1_1_S00_AXI_inst/Inst_adau1761_izedboard/Inst_i2c/Inst_i3c2/i2c_data[8]_i_1/O
                         net (fo=9, routed)           0.565    10.660    h2_blockDesign_i/AudioCodec/U0/audio_ip_v1_1_S00_AXI_inst/Inst_adau1761_izedboard/Inst_i2c/Inst_i3c2/i2c_data[8]_i_1_n_0
    SLICE_X32Y77         FDRE                                         r  h2_blockDesign_i/AudioCodec/U0/audio_ip_v1_1_S00_AXI_inst/Inst_adau1761_izedboard/Inst_i2c/Inst_i3c2/i2c_data_reg[7]/CE
  -------------------------------------------------------------------    -------------------

                         (clock clk_fpga_1 rise edge)
                                                     21.000    21.000 r  
    PS7_X0Y0             PS7                          0.000    21.000 r  h2_blockDesign_i/processing_system7_0/inst/PS7_i/FCLKCLK[1]
                         net (fo=1, routed)           1.088    22.088    h2_blockDesign_i/processing_system7_0/inst/FCLK_CLK_unbuffered[1]
    BUFGCTRL_X0Y17       BUFG (Prop_bufg_I_O)         0.091    22.179 r  h2_blockDesign_i/processing_system7_0/inst/buffer_fclk_clk_1.FCLK_CLK_1_BUFG/O
                         net (fo=645, routed)         1.465    23.644    h2_blockDesign_i/AudioCodec/U0/audio_ip_v1_1_S00_AXI_inst/Inst_adau1761_izedboard/Inst_i2c/Inst_i3c2/clk_48
    SLICE_X32Y77         FDRE                                         r  h2_blockDesign_i/AudioCodec/U0/audio_ip_v1_1_S00_AXI_inst/Inst_adau1761_izedboard/Inst_i2c/Inst_i3c2/i2c_data_reg[7]/C
                         clock pessimism              0.263    23.907    
                         clock uncertainty           -0.317    23.590    
    SLICE_X32Y77         FDRE (Setup_fdre_C_CE)      -0.169    23.421    h2_blockDesign_i/AudioCodec/U0/audio_ip_v1_1_S00_AXI_inst/Inst_adau1761_izedboard/Inst_i2c/Inst_i3c2/i2c_data_reg[7]
  -------------------------------------------------------------------
                         required time                         23.421    
                         arrival time                         -10.660    
  -------------------------------------------------------------------
                         slack                                 12.761    

Slack (MET) :             12.772ns  (required time - arrival time)
  Source:                 h2_blockDesign_i/AudioCodec/U0/audio_ip_v1_1_S00_AXI_inst/Inst_adau1761_izedboard/Inst_i2c/Inst_adau1761_configuraiton_data/data_reg/CLKARDCLK
                            (rising edge-triggered cell RAMB18E1 clocked by clk_fpga_1  {rise@0.000ns fall@10.500ns period=21.000ns})
  Destination:            h2_blockDesign_i/AudioCodec/U0/audio_ip_v1_1_S00_AXI_inst/Inst_adau1761_izedboard/Inst_i2c/Inst_i3c2/i2c_data_reg[8]/CE
                            (rising edge-triggered cell FDRE clocked by clk_fpga_1  {rise@0.000ns fall@10.500ns period=21.000ns})
  Path Group:             clk_fpga_1
  Path Type:              Setup (Max at Slow Process Corner)
  Requirement:            21.000ns  (clk_fpga_1 rise@21.000ns - clk_fpga_1 rise@0.000ns)
  Data Path Delay:        7.637ns  (logic 3.408ns (44.623%)  route 4.229ns (55.377%))
  Logic Levels:           4  (LUT5=2 LUT6=2)
  Clock Path Skew:        -0.068ns (DCD - SCD + CPR)
    Destination Clock Delay (DCD):    2.643ns = ( 23.643 - 21.000 ) 
    Source Clock Delay      (SCD):    2.974ns
    Clock Pessimism Removal (CPR):    0.263ns
  Clock Uncertainty:      0.317ns  ((TSJ^2 + TIJ^2)^1/2 + DJ) / 2 + PE
    Total System Jitter     (TSJ):    0.071ns
    Total Input Jitter      (TIJ):    0.630ns
    Discrete Jitter          (DJ):    0.000ns
    Phase Error              (PE):    0.000ns

    Location             Delay type                Incr(ns)  Path(ns)    Netlist Resource(s)
  -------------------------------------------------------------------    -------------------
                         (clock clk_fpga_1 rise edge)
                                                      0.000     0.000 r  
    PS7_X0Y0             PS7                          0.000     0.000 r  h2_blockDesign_i/processing_system7_0/inst/PS7_i/FCLKCLK[1]
                         net (fo=1, routed)           1.193     1.193    h2_blockDesign_i/processing_system7_0/inst/FCLK_CLK_unbuffered[1]
    BUFGCTRL_X0Y17       BUFG (Prop_bufg_I_O)         0.101     1.294 r  h2_blockDesign_i/processing_system7_0/inst/buffer_fclk_clk_1.FCLK_CLK_1_BUFG/O
                         net (fo=645, routed)         1.680     2.974    h2_blockDesign_i/AudioCodec/U0/audio_ip_v1_1_S00_AXI_inst/Inst_adau1761_izedboard/Inst_i2c/Inst_adau1761_configuraiton_data/clk_48
    RAMB18_X2Y30         RAMB18E1                                     r  h2_blockDesign_i/AudioCodec/U0/audio_ip_v1_1_S00_AXI_inst/Inst_adau1761_izedboard/Inst_i2c/Inst_adau1761_configuraiton_data/data_reg/CLKARDCLK
  -------------------------------------------------------------------    -------------------
    RAMB18_X2Y30         RAMB18E1 (Prop_ramb18e1_CLKARDCLK_DOADO[0])
                                                      2.454     5.428 r  h2_blockDesign_i/AudioCodec/U0/audio_ip_v1_1_S00_AXI_inst/Inst_adau1761_izedboard/Inst_i2c/Inst_adau1761_configuraiton_data/data_reg/DOADO[0]
                         net (fo=25, routed)          1.411     6.840    h2_blockDesign_i/AudioCodec/U0/audio_ip_v1_1_S00_AXI_inst/Inst_adau1761_izedboard/Inst_i2c/Inst_adau1761_configuraiton_data/DOADO[0]
    SLICE_X32Y76         LUT5 (Prop_lut5_I3_O)        0.148     6.988 r  h2_blockDesign_i/AudioCodec/U0/audio_ip_v1_1_S00_AXI_inst/Inst_adau1761_izedboard/Inst_i2c/Inst_adau1761_configuraiton_data/state[2]_i_4/O
                         net (fo=1, routed)           0.452     7.440    h2_blockDesign_i/AudioCodec/U0/audio_ip_v1_1_S00_AXI_inst/Inst_adau1761_izedboard/Inst_i2c/Inst_adau1761_configuraiton_data/state[2]_i_4_n_0
    SLICE_X32Y76         LUT6 (Prop_lut6_I1_O)        0.328     7.768 r  h2_blockDesign_i/AudioCodec/U0/audio_ip_v1_1_S00_AXI_inst/Inst_adau1761_izedboard/Inst_i2c/Inst_adau1761_configuraiton_data/state[2]_i_2/O
                         net (fo=14, routed)          1.009     8.778    h2_blockDesign_i/AudioCodec/U0/audio_ip_v1_1_S00_AXI_inst/Inst_adau1761_izedboard/Inst_i2c/Inst_adau1761_configuraiton_data/data_reg_0[0]
    SLICE_X34Y77         LUT5 (Prop_lut5_I4_O)        0.150     8.928 r  h2_blockDesign_i/AudioCodec/U0/audio_ip_v1_1_S00_AXI_inst/Inst_adau1761_izedboard/Inst_i2c/Inst_adau1761_configuraiton_data/i2c_bits_left[3]_i_4/O
                         net (fo=2, routed)           0.839     9.767    h2_blockDesign_i/AudioCodec/U0/audio_ip_v1_1_S00_AXI_inst/Inst_adau1761_izedboard/Inst_i2c/Inst_i3c2/i2c_data__3
    SLICE_X34Y76         LUT6 (Prop_lut6_I1_O)        0.328    10.095 r  h2_blockDesign_i/AudioCodec/U0/audio_ip_v1_1_S00_AXI_inst/Inst_adau1761_izedboard/Inst_i2c/Inst_i3c2/i2c_data[8]_i_1/O
                         net (fo=9, routed)           0.517    10.612    h2_blockDesign_i/AudioCodec/U0/audio_ip_v1_1_S00_AXI_inst/Inst_adau1761_izedboard/Inst_i2c/Inst_i3c2/i2c_data[8]_i_1_n_0
    SLICE_X33Y76         FDRE                                         r  h2_blockDesign_i/AudioCodec/U0/audio_ip_v1_1_S00_AXI_inst/Inst_adau1761_izedboard/Inst_i2c/Inst_i3c2/i2c_data_reg[8]/CE
  -------------------------------------------------------------------    -------------------

                         (clock clk_fpga_1 rise edge)
                                                     21.000    21.000 r  
    PS7_X0Y0             PS7                          0.000    21.000 r  h2_blockDesign_i/processing_system7_0/inst/PS7_i/FCLKCLK[1]
                         net (fo=1, routed)           1.088    22.088    h2_blockDesign_i/processing_system7_0/inst/FCLK_CLK_unbuffered[1]
    BUFGCTRL_X0Y17       BUFG (Prop_bufg_I_O)         0.091    22.179 r  h2_blockDesign_i/processing_system7_0/inst/buffer_fclk_clk_1.FCLK_CLK_1_BUFG/O
                         net (fo=645, routed)         1.464    23.643    h2_blockDesign_i/AudioCodec/U0/audio_ip_v1_1_S00_AXI_inst/Inst_adau1761_izedboard/Inst_i2c/Inst_i3c2/clk_48
    SLICE_X33Y76         FDRE                                         r  h2_blockDesign_i/AudioCodec/U0/audio_ip_v1_1_S00_AXI_inst/Inst_adau1761_izedboard/Inst_i2c/Inst_i3c2/i2c_data_reg[8]/C
                         clock pessimism              0.263    23.906    
                         clock uncertainty           -0.317    23.589    
    SLICE_X33Y76         FDRE (Setup_fdre_C_CE)      -0.205    23.384    h2_blockDesign_i/AudioCodec/U0/audio_ip_v1_1_S00_AXI_inst/Inst_adau1761_izedboard/Inst_i2c/Inst_i3c2/i2c_data_reg[8]
  -------------------------------------------------------------------
                         required time                         23.384    
                         arrival time                         -10.612    
  -------------------------------------------------------------------
                         slack                                 12.772    

Slack (MET) :             12.800ns  (required time - arrival time)
  Source:                 h2_blockDesign_i/AudioCodec/U0/audio_ip_v1_1_S00_AXI_inst/Inst_adau1761_izedboard/Inst_i2c/Inst_adau1761_configuraiton_data/data_reg/CLKARDCLK
                            (rising edge-triggered cell RAMB18E1 clocked by clk_fpga_1  {rise@0.000ns fall@10.500ns period=21.000ns})
  Destination:            h2_blockDesign_i/AudioCodec/U0/audio_ip_v1_1_S00_AXI_inst/Inst_adau1761_izedboard/Inst_i2c/Inst_i3c2/i2c_data_reg[1]/CE
                            (rising edge-triggered cell FDRE clocked by clk_fpga_1  {rise@0.000ns fall@10.500ns period=21.000ns})
  Path Group:             clk_fpga_1
  Path Type:              Setup (Max at Slow Process Corner)
  Requirement:            21.000ns  (clk_fpga_1 rise@21.000ns - clk_fpga_1 rise@0.000ns)
  Data Path Delay:        7.613ns  (logic 3.408ns (44.766%)  route 4.205ns (55.234%))
  Logic Levels:           4  (LUT5=2 LUT6=2)
  Clock Path Skew:        -0.065ns (DCD - SCD + CPR)
    Destination Clock Delay (DCD):    2.646ns = ( 23.646 - 21.000 ) 
    Source Clock Delay      (SCD):    2.974ns
    Clock Pessimism Removal (CPR):    0.263ns
  Clock Uncertainty:      0.317ns  ((TSJ^2 + TIJ^2)^1/2 + DJ) / 2 + PE
    Total System Jitter     (TSJ):    0.071ns
    Total Input Jitter      (TIJ):    0.630ns
    Discrete Jitter          (DJ):    0.000ns
    Phase Error              (PE):    0.000ns

    Location             Delay type                Incr(ns)  Path(ns)    Netlist Resource(s)
  -------------------------------------------------------------------    -------------------
                         (clock clk_fpga_1 rise edge)
                                                      0.000     0.000 r  
    PS7_X0Y0             PS7                          0.000     0.000 r  h2_blockDesign_i/processing_system7_0/inst/PS7_i/FCLKCLK[1]
                         net (fo=1, routed)           1.193     1.193    h2_blockDesign_i/processing_system7_0/inst/FCLK_CLK_unbuffered[1]
    BUFGCTRL_X0Y17       BUFG (Prop_bufg_I_O)         0.101     1.294 r  h2_blockDesign_i/processing_system7_0/inst/buffer_fclk_clk_1.FCLK_CLK_1_BUFG/O
                         net (fo=645, routed)         1.680     2.974    h2_blockDesign_i/AudioCodec/U0/audio_ip_v1_1_S00_AXI_inst/Inst_adau1761_izedboard/Inst_i2c/Inst_adau1761_configuraiton_data/clk_48
    RAMB18_X2Y30         RAMB18E1                                     r  h2_blockDesign_i/AudioCodec/U0/audio_ip_v1_1_S00_AXI_inst/Inst_adau1761_izedboard/Inst_i2c/Inst_adau1761_configuraiton_data/data_reg/CLKARDCLK
  -------------------------------------------------------------------    -------------------
    RAMB18_X2Y30         RAMB18E1 (Prop_ramb18e1_CLKARDCLK_DOADO[0])
                                                      2.454     5.428 r  h2_blockDesign_i/AudioCodec/U0/audio_ip_v1_1_S00_AXI_inst/Inst_adau1761_izedboard/Inst_i2c/Inst_adau1761_configuraiton_data/data_reg/DOADO[0]
                         net (fo=25, routed)          1.411     6.840    h2_blockDesign_i/AudioCodec/U0/audio_ip_v1_1_S00_AXI_inst/Inst_adau1761_izedboard/Inst_i2c/Inst_adau1761_configuraiton_data/DOADO[0]
    SLICE_X32Y76         LUT5 (Prop_lut5_I3_O)        0.148     6.988 r  h2_blockDesign_i/AudioCodec/U0/audio_ip_v1_1_S00_AXI_inst/Inst_adau1761_izedboard/Inst_i2c/Inst_adau1761_configuraiton_data/state[2]_i_4/O
                         net (fo=1, routed)           0.452     7.440    h2_blockDesign_i/AudioCodec/U0/audio_ip_v1_1_S00_AXI_inst/Inst_adau1761_izedboard/Inst_i2c/Inst_adau1761_configuraiton_data/state[2]_i_4_n_0
    SLICE_X32Y76         LUT6 (Prop_lut6_I1_O)        0.328     7.768 r  h2_blockDesign_i/AudioCodec/U0/audio_ip_v1_1_S00_AXI_inst/Inst_adau1761_izedboard/Inst_i2c/Inst_adau1761_configuraiton_data/state[2]_i_2/O
                         net (fo=14, routed)          1.009     8.778    h2_blockDesign_i/AudioCodec/U0/audio_ip_v1_1_S00_AXI_inst/Inst_adau1761_izedboard/Inst_i2c/Inst_adau1761_configuraiton_data/data_reg_0[0]
    SLICE_X34Y77         LUT5 (Prop_lut5_I4_O)        0.150     8.928 r  h2_blockDesign_i/AudioCodec/U0/audio_ip_v1_1_S00_AXI_inst/Inst_adau1761_izedboard/Inst_i2c/Inst_adau1761_configuraiton_data/i2c_bits_left[3]_i_4/O
                         net (fo=2, routed)           0.839     9.767    h2_blockDesign_i/AudioCodec/U0/audio_ip_v1_1_S00_AXI_inst/Inst_adau1761_izedboard/Inst_i2c/Inst_i3c2/i2c_data__3
    SLICE_X34Y76         LUT6 (Prop_lut6_I1_O)        0.328    10.095 r  h2_blockDesign_i/AudioCodec/U0/audio_ip_v1_1_S00_AXI_inst/Inst_adau1761_izedboard/Inst_i2c/Inst_i3c2/i2c_data[8]_i_1/O
                         net (fo=9, routed)           0.493    10.587    h2_blockDesign_i/AudioCodec/U0/audio_ip_v1_1_S00_AXI_inst/Inst_adau1761_izedboard/Inst_i2c/Inst_i3c2/i2c_data[8]_i_1_n_0
    SLICE_X33Y78         FDRE                                         r  h2_blockDesign_i/AudioCodec/U0/audio_ip_v1_1_S00_AXI_inst/Inst_adau1761_izedboard/Inst_i2c/Inst_i3c2/i2c_data_reg[1]/CE
  -------------------------------------------------------------------    -------------------

                         (clock clk_fpga_1 rise edge)
                                                     21.000    21.000 r  
    PS7_X0Y0             PS7                          0.000    21.000 r  h2_blockDesign_i/processing_system7_0/inst/PS7_i/FCLKCLK[1]
                         net (fo=1, routed)           1.088    22.088    h2_blockDesign_i/processing_system7_0/inst/FCLK_CLK_unbuffered[1]
    BUFGCTRL_X0Y17       BUFG (Prop_bufg_I_O)         0.091    22.179 r  h2_blockDesign_i/processing_system7_0/inst/buffer_fclk_clk_1.FCLK_CLK_1_BUFG/O
                         net (fo=645, routed)         1.467    23.646    h2_blockDesign_i/AudioCodec/U0/audio_ip_v1_1_S00_AXI_inst/Inst_adau1761_izedboard/Inst_i2c/Inst_i3c2/clk_48
    SLICE_X33Y78         FDRE                                         r  h2_blockDesign_i/AudioCodec/U0/audio_ip_v1_1_S00_AXI_inst/Inst_adau1761_izedboard/Inst_i2c/Inst_i3c2/i2c_data_reg[1]/C
                         clock pessimism              0.263    23.909    
                         clock uncertainty           -0.317    23.592    
    SLICE_X33Y78         FDRE (Setup_fdre_C_CE)      -0.205    23.387    h2_blockDesign_i/AudioCodec/U0/audio_ip_v1_1_S00_AXI_inst/Inst_adau1761_izedboard/Inst_i2c/Inst_i3c2/i2c_data_reg[1]
  -------------------------------------------------------------------
                         required time                         23.387    
                         arrival time                         -10.587    
  -------------------------------------------------------------------
                         slack                                 12.800    

Slack (MET) :             12.800ns  (required time - arrival time)
  Source:                 h2_blockDesign_i/AudioCodec/U0/audio_ip_v1_1_S00_AXI_inst/Inst_adau1761_izedboard/Inst_i2c/Inst_adau1761_configuraiton_data/data_reg/CLKARDCLK
                            (rising edge-triggered cell RAMB18E1 clocked by clk_fpga_1  {rise@0.000ns fall@10.500ns period=21.000ns})
  Destination:            h2_blockDesign_i/AudioCodec/U0/audio_ip_v1_1_S00_AXI_inst/Inst_adau1761_izedboard/Inst_i2c/Inst_i3c2/i2c_data_reg[2]/CE
                            (rising edge-triggered cell FDRE clocked by clk_fpga_1  {rise@0.000ns fall@10.500ns period=21.000ns})
  Path Group:             clk_fpga_1
  Path Type:              Setup (Max at Slow Process Corner)
  Requirement:            21.000ns  (clk_fpga_1 rise@21.000ns - clk_fpga_1 rise@0.000ns)
  Data Path Delay:        7.613ns  (logic 3.408ns (44.766%)  route 4.205ns (55.234%))
  Logic Levels:           4  (LUT5=2 LUT6=2)
  Clock Path Skew:        -0.065ns (DCD - SCD + CPR)
    Destination Clock Delay (DCD):    2.646ns = ( 23.646 - 21.000 ) 
    Source Clock Delay      (SCD):    2.974ns
    Clock Pessimism Removal (CPR):    0.263ns
  Clock Uncertainty:      0.317ns  ((TSJ^2 + TIJ^2)^1/2 + DJ) / 2 + PE
    Total System Jitter     (TSJ):    0.071ns
    Total Input Jitter      (TIJ):    0.630ns
    Discrete Jitter          (DJ):    0.000ns
    Phase Error              (PE):    0.000ns

    Location             Delay type                Incr(ns)  Path(ns)    Netlist Resource(s)
  -------------------------------------------------------------------    -------------------
                         (clock clk_fpga_1 rise edge)
                                                      0.000     0.000 r  
    PS7_X0Y0             PS7                          0.000     0.000 r  h2_blockDesign_i/processing_system7_0/inst/PS7_i/FCLKCLK[1]
                         net (fo=1, routed)           1.193     1.193    h2_blockDesign_i/processing_system7_0/inst/FCLK_CLK_unbuffered[1]
    BUFGCTRL_X0Y17       BUFG (Prop_bufg_I_O)         0.101     1.294 r  h2_blockDesign_i/processing_system7_0/inst/buffer_fclk_clk_1.FCLK_CLK_1_BUFG/O
                         net (fo=645, routed)         1.680     2.974    h2_blockDesign_i/AudioCodec/U0/audio_ip_v1_1_S00_AXI_inst/Inst_adau1761_izedboard/Inst_i2c/Inst_adau1761_configuraiton_data/clk_48
    RAMB18_X2Y30         RAMB18E1                                     r  h2_blockDesign_i/AudioCodec/U0/audio_ip_v1_1_S00_AXI_inst/Inst_adau1761_izedboard/Inst_i2c/Inst_adau1761_configuraiton_data/data_reg/CLKARDCLK
  -------------------------------------------------------------------    -------------------
    RAMB18_X2Y30         RAMB18E1 (Prop_ramb18e1_CLKARDCLK_DOADO[0])
                                                      2.454     5.428 r  h2_blockDesign_i/AudioCodec/U0/audio_ip_v1_1_S00_AXI_inst/Inst_adau1761_izedboard/Inst_i2c/Inst_adau1761_configuraiton_data/data_reg/DOADO[0]
                         net (fo=25, routed)          1.411     6.840    h2_blockDesign_i/AudioCodec/U0/audio_ip_v1_1_S00_AXI_inst/Inst_adau1761_izedboard/Inst_i2c/Inst_adau1761_configuraiton_data/DOADO[0]
    SLICE_X32Y76         LUT5 (Prop_lut5_I3_O)        0.148     6.988 r  h2_blockDesign_i/AudioCodec/U0/audio_ip_v1_1_S00_AXI_inst/Inst_adau1761_izedboard/Inst_i2c/Inst_adau1761_configuraiton_data/state[2]_i_4/O
                         net (fo=1, routed)           0.452     7.440    h2_blockDesign_i/AudioCodec/U0/audio_ip_v1_1_S00_AXI_inst/Inst_adau1761_izedboard/Inst_i2c/Inst_adau1761_configuraiton_data/state[2]_i_4_n_0
    SLICE_X32Y76         LUT6 (Prop_lut6_I1_O)        0.328     7.768 r  h2_blockDesign_i/AudioCodec/U0/audio_ip_v1_1_S00_AXI_inst/Inst_adau1761_izedboard/Inst_i2c/Inst_adau1761_configuraiton_data/state[2]_i_2/O
                         net (fo=14, routed)          1.009     8.778    h2_blockDesign_i/AudioCodec/U0/audio_ip_v1_1_S00_AXI_inst/Inst_adau1761_izedboard/Inst_i2c/Inst_adau1761_configuraiton_data/data_reg_0[0]
    SLICE_X34Y77         LUT5 (Prop_lut5_I4_O)        0.150     8.928 r  h2_blockDesign_i/AudioCodec/U0/audio_ip_v1_1_S00_AXI_inst/Inst_adau1761_izedboard/Inst_i2c/Inst_adau1761_configuraiton_data/i2c_bits_left[3]_i_4/O
                         net (fo=2, routed)           0.839     9.767    h2_blockDesign_i/AudioCodec/U0/audio_ip_v1_1_S00_AXI_inst/Inst_adau1761_izedboard/Inst_i2c/Inst_i3c2/i2c_data__3
    SLICE_X34Y76         LUT6 (Prop_lut6_I1_O)        0.328    10.095 r  h2_blockDesign_i/AudioCodec/U0/audio_ip_v1_1_S00_AXI_inst/Inst_adau1761_izedboard/Inst_i2c/Inst_i3c2/i2c_data[8]_i_1/O
                         net (fo=9, routed)           0.493    10.587    h2_blockDesign_i/AudioCodec/U0/audio_ip_v1_1_S00_AXI_inst/Inst_adau1761_izedboard/Inst_i2c/Inst_i3c2/i2c_data[8]_i_1_n_0
    SLICE_X33Y78         FDRE                                         r  h2_blockDesign_i/AudioCodec/U0/audio_ip_v1_1_S00_AXI_inst/Inst_adau1761_izedboard/Inst_i2c/Inst_i3c2/i2c_data_reg[2]/CE
  -------------------------------------------------------------------    -------------------

                         (clock clk_fpga_1 rise edge)
                                                     21.000    21.000 r  
    PS7_X0Y0             PS7                          0.000    21.000 r  h2_blockDesign_i/processing_system7_0/inst/PS7_i/FCLKCLK[1]
                         net (fo=1, routed)           1.088    22.088    h2_blockDesign_i/processing_system7_0/inst/FCLK_CLK_unbuffered[1]
    BUFGCTRL_X0Y17       BUFG (Prop_bufg_I_O)         0.091    22.179 r  h2_blockDesign_i/processing_system7_0/inst/buffer_fclk_clk_1.FCLK_CLK_1_BUFG/O
                         net (fo=645, routed)         1.467    23.646    h2_blockDesign_i/AudioCodec/U0/audio_ip_v1_1_S00_AXI_inst/Inst_adau1761_izedboard/Inst_i2c/Inst_i3c2/clk_48
    SLICE_X33Y78         FDRE                                         r  h2_blockDesign_i/AudioCodec/U0/audio_ip_v1_1_S00_AXI_inst/Inst_adau1761_izedboard/Inst_i2c/Inst_i3c2/i2c_data_reg[2]/C
                         clock pessimism              0.263    23.909    
                         clock uncertainty           -0.317    23.592    
    SLICE_X33Y78         FDRE (Setup_fdre_C_CE)      -0.205    23.387    h2_blockDesign_i/AudioCodec/U0/audio_ip_v1_1_S00_AXI_inst/Inst_adau1761_izedboard/Inst_i2c/Inst_i3c2/i2c_data_reg[2]
  -------------------------------------------------------------------
                         required time                         23.387    
                         arrival time                         -10.587    
  -------------------------------------------------------------------
                         slack                                 12.800    

Slack (MET) :             12.891ns  (required time - arrival time)
  Source:                 h2_blockDesign_i/AudioCodec/U0/audio_ip_v1_1_S00_AXI_inst/Inst_adau1761_izedboard/Inst_i2c/Inst_adau1761_configuraiton_data/data_reg/CLKARDCLK
                            (rising edge-triggered cell RAMB18E1 clocked by clk_fpga_1  {rise@0.000ns fall@10.500ns period=21.000ns})
  Destination:            h2_blockDesign_i/AudioCodec/U0/audio_ip_v1_1_S00_AXI_inst/Inst_adau1761_izedboard/Inst_i2c/Inst_i3c2/pcnext_reg[6]/CE
                            (rising edge-triggered cell FDRE clocked by clk_fpga_1  {rise@0.000ns fall@10.500ns period=21.000ns})
  Path Group:             clk_fpga_1
  Path Type:              Setup (Max at Slow Process Corner)
  Requirement:            21.000ns  (clk_fpga_1 rise@21.000ns - clk_fpga_1 rise@0.000ns)
  Data Path Delay:        7.518ns  (logic 3.178ns (42.271%)  route 4.340ns (57.729%))
  Logic Levels:           4  (LUT5=2 LUT6=2)
  Clock Path Skew:        -0.104ns (DCD - SCD + CPR)
    Destination Clock Delay (DCD):    2.641ns = ( 23.641 - 21.000 ) 
    Source Clock Delay      (SCD):    2.974ns
    Clock Pessimism Removal (CPR):    0.229ns
  Clock Uncertainty:      0.317ns  ((TSJ^2 + TIJ^2)^1/2 + DJ) / 2 + PE
    Total System Jitter     (TSJ):    0.071ns
    Total Input Jitter      (TIJ):    0.630ns
    Discrete Jitter          (DJ):    0.000ns
    Phase Error              (PE):    0.000ns

    Location             Delay type                Incr(ns)  Path(ns)    Netlist Resource(s)
  -------------------------------------------------------------------    -------------------
                         (clock clk_fpga_1 rise edge)
                                                      0.000     0.000 r  
    PS7_X0Y0             PS7                          0.000     0.000 r  h2_blockDesign_i/processing_system7_0/inst/PS7_i/FCLKCLK[1]
                         net (fo=1, routed)           1.193     1.193    h2_blockDesign_i/processing_system7_0/inst/FCLK_CLK_unbuffered[1]
    BUFGCTRL_X0Y17       BUFG (Prop_bufg_I_O)         0.101     1.294 r  h2_blockDesign_i/processing_system7_0/inst/buffer_fclk_clk_1.FCLK_CLK_1_BUFG/O
                         net (fo=645, routed)         1.680     2.974    h2_blockDesign_i/AudioCodec/U0/audio_ip_v1_1_S00_AXI_inst/Inst_adau1761_izedboard/Inst_i2c/Inst_adau1761_configuraiton_data/clk_48
    RAMB18_X2Y30         RAMB18E1                                     r  h2_blockDesign_i/AudioCodec/U0/audio_ip_v1_1_S00_AXI_inst/Inst_adau1761_izedboard/Inst_i2c/Inst_adau1761_configuraiton_data/data_reg/CLKARDCLK
  -------------------------------------------------------------------    -------------------
    RAMB18_X2Y30         RAMB18E1 (Prop_ramb18e1_CLKARDCLK_DOADO[0])
                                                      2.454     5.428 r  h2_blockDesign_i/AudioCodec/U0/audio_ip_v1_1_S00_AXI_inst/Inst_adau1761_izedboard/Inst_i2c/Inst_adau1761_configuraiton_data/data_reg/DOADO[0]
                         net (fo=25, routed)          1.411     6.840    h2_blockDesign_i/AudioCodec/U0/audio_ip_v1_1_S00_AXI_inst/Inst_adau1761_izedboard/Inst_i2c/Inst_adau1761_configuraiton_data/DOADO[0]
    SLICE_X32Y76         LUT5 (Prop_lut5_I3_O)        0.148     6.988 r  h2_blockDesign_i/AudioCodec/U0/audio_ip_v1_1_S00_AXI_inst/Inst_adau1761_izedboard/Inst_i2c/Inst_adau1761_configuraiton_data/state[2]_i_4/O
                         net (fo=1, routed)           0.452     7.440    h2_blockDesign_i/AudioCodec/U0/audio_ip_v1_1_S00_AXI_inst/Inst_adau1761_izedboard/Inst_i2c/Inst_adau1761_configuraiton_data/state[2]_i_4_n_0
    SLICE_X32Y76         LUT6 (Prop_lut6_I1_O)        0.328     7.768 r  h2_blockDesign_i/AudioCodec/U0/audio_ip_v1_1_S00_AXI_inst/Inst_adau1761_izedboard/Inst_i2c/Inst_adau1761_configuraiton_data/state[2]_i_2/O
                         net (fo=14, routed)          1.009     8.778    h2_blockDesign_i/AudioCodec/U0/audio_ip_v1_1_S00_AXI_inst/Inst_adau1761_izedboard/Inst_i2c/Inst_adau1761_configuraiton_data/data_reg_0[0]
    SLICE_X34Y77         LUT5 (Prop_lut5_I3_O)        0.124     8.902 r  h2_blockDesign_i/AudioCodec/U0/audio_ip_v1_1_S00_AXI_inst/Inst_adau1761_izedboard/Inst_i2c/Inst_adau1761_configuraiton_data/pcnext[9]_i_4/O
                         net (fo=1, routed)           0.689     9.591    h2_blockDesign_i/AudioCodec/U0/audio_ip_v1_1_S00_AXI_inst/Inst_adau1761_izedboard/Inst_i2c/Inst_i3c2/pcnext_reg_rep[0]_0
    SLICE_X34Y77         LUT6 (Prop_lut6_I3_O)        0.124     9.715 r  h2_blockDesign_i/AudioCodec/U0/audio_ip_v1_1_S00_AXI_inst/Inst_adau1761_izedboard/Inst_i2c/Inst_i3c2/pcnext[9]_i_1/O
                         net (fo=21, routed)          0.778    10.493    h2_blockDesign_i/AudioCodec/U0/audio_ip_v1_1_S00_AXI_inst/Inst_adau1761_izedboard/Inst_i2c/Inst_i3c2/pcnext[9]_i_1_n_0
    SLICE_X32Y74         FDRE                                         r  h2_blockDesign_i/AudioCodec/U0/audio_ip_v1_1_S00_AXI_inst/Inst_adau1761_izedboard/Inst_i2c/Inst_i3c2/pcnext_reg[6]/CE
  -------------------------------------------------------------------    -------------------

                         (clock clk_fpga_1 rise edge)
                                                     21.000    21.000 r  
    PS7_X0Y0             PS7                          0.000    21.000 r  h2_blockDesign_i/processing_system7_0/inst/PS7_i/FCLKCLK[1]
                         net (fo=1, routed)           1.088    22.088    h2_blockDesign_i/processing_system7_0/inst/FCLK_CLK_unbuffered[1]
    BUFGCTRL_X0Y17       BUFG (Prop_bufg_I_O)         0.091    22.179 r  h2_blockDesign_i/processing_system7_0/inst/buffer_fclk_clk_1.FCLK_CLK_1_BUFG/O
                         net (fo=645, routed)         1.462    23.641    h2_blockDesign_i/AudioCodec/U0/audio_ip_v1_1_S00_AXI_inst/Inst_adau1761_izedboard/Inst_i2c/Inst_i3c2/clk_48
    SLICE_X32Y74         FDRE                                         r  h2_blockDesign_i/AudioCodec/U0/audio_ip_v1_1_S00_AXI_inst/Inst_adau1761_izedboard/Inst_i2c/Inst_i3c2/pcnext_reg[6]/C
                         clock pessimism              0.229    23.870    
                         clock uncertainty           -0.317    23.553    
    SLICE_X32Y74         FDRE (Setup_fdre_C_CE)      -0.169    23.384    h2_blockDesign_i/AudioCodec/U0/audio_ip_v1_1_S00_AXI_inst/Inst_adau1761_izedboard/Inst_i2c/Inst_i3c2/pcnext_reg[6]
  -------------------------------------------------------------------
                         required time                         23.384    
                         arrival time                         -10.493    
  -------------------------------------------------------------------
                         slack                                 12.891    





Min Delay Paths
--------------------------------------------------------------------------------------
Slack (MET) :             0.062ns  (arrival time - required time)
  Source:                 h2_blockDesign_i/AudioCodec/U0/audio_ip_v1_1_S00_AXI_inst/lpms2_r/delay_line_reg[439]__0/C
                            (rising edge-triggered cell FDRE clocked by clk_fpga_1  {rise@0.000ns fall@10.500ns period=21.000ns})
  Destination:            h2_blockDesign_i/AudioCodec/U0/audio_ip_v1_1_S00_AXI_inst/lpms3_r/delay_line_reg[874]_srl15/D
                            (rising edge-triggered cell SRL16E clocked by clk_fpga_1  {rise@0.000ns fall@10.500ns period=21.000ns})
  Path Group:             clk_fpga_1
  Path Type:              Hold (Min at Fast Process Corner)
  Requirement:            0.000ns  (clk_fpga_1 rise@0.000ns - clk_fpga_1 rise@0.000ns)
  Data Path Delay:        0.385ns  (logic 0.148ns (38.434%)  route 0.237ns (61.566%))
  Logic Levels:           0  
  Clock Path Skew:        0.259ns (DCD - SCD - CPR)
    Destination Clock Delay (DCD):    1.273ns
    Source Clock Delay      (SCD):    0.975ns
    Clock Pessimism Removal (CPR):    0.039ns

    Location             Delay type                Incr(ns)  Path(ns)    Netlist Resource(s)
  -------------------------------------------------------------------    -------------------
                         (clock clk_fpga_1 rise edge)
                                                      0.000     0.000 r  
    PS7_X0Y0             PS7                          0.000     0.000 r  h2_blockDesign_i/processing_system7_0/inst/PS7_i/FCLKCLK[1]
                         net (fo=1, routed)           0.310     0.310    h2_blockDesign_i/processing_system7_0/inst/FCLK_CLK_unbuffered[1]
    BUFGCTRL_X0Y17       BUFG (Prop_bufg_I_O)         0.026     0.336 r  h2_blockDesign_i/processing_system7_0/inst/buffer_fclk_clk_1.FCLK_CLK_1_BUFG/O
                         net (fo=645, routed)         0.639     0.975    h2_blockDesign_i/AudioCodec/U0/audio_ip_v1_1_S00_AXI_inst/lpms2_r/clk_48
    SLICE_X46Y102        FDRE                                         r  h2_blockDesign_i/AudioCodec/U0/audio_ip_v1_1_S00_AXI_inst/lpms2_r/delay_line_reg[439]__0/C
  -------------------------------------------------------------------    -------------------
    SLICE_X46Y102        FDRE (Prop_fdre_C_Q)         0.148     1.123 r  h2_blockDesign_i/AudioCodec/U0/audio_ip_v1_1_S00_AXI_inst/lpms2_r/delay_line_reg[439]__0/Q
                         net (fo=4, routed)           0.237     1.360    h2_blockDesign_i/AudioCodec/U0/audio_ip_v1_1_S00_AXI_inst/lpms3_r/delay_line[4]
    SLICE_X50Y101        SRL16E                                       r  h2_blockDesign_i/AudioCodec/U0/audio_ip_v1_1_S00_AXI_inst/lpms3_r/delay_line_reg[874]_srl15/D
  -------------------------------------------------------------------    -------------------

                         (clock clk_fpga_1 rise edge)
                                                      0.000     0.000 r  
    PS7_X0Y0             PS7                          0.000     0.000 r  h2_blockDesign_i/processing_system7_0/inst/PS7_i/FCLKCLK[1]
                         net (fo=1, routed)           0.337     0.337    h2_blockDesign_i/processing_system7_0/inst/FCLK_CLK_unbuffered[1]
    BUFGCTRL_X0Y17       BUFG (Prop_bufg_I_O)         0.029     0.366 r  h2_blockDesign_i/processing_system7_0/inst/buffer_fclk_clk_1.FCLK_CLK_1_BUFG/O
                         net (fo=645, routed)         0.907     1.273    h2_blockDesign_i/AudioCodec/U0/audio_ip_v1_1_S00_AXI_inst/lpms3_r/clk_48
    SLICE_X50Y101        SRL16E                                       r  h2_blockDesign_i/AudioCodec/U0/audio_ip_v1_1_S00_AXI_inst/lpms3_r/delay_line_reg[874]_srl15/CLK
                         clock pessimism             -0.039     1.234    
    SLICE_X50Y101        SRL16E (Hold_srl16e_CLK_D)
                                                      0.064     1.298    h2_blockDesign_i/AudioCodec/U0/audio_ip_v1_1_S00_AXI_inst/lpms3_r/delay_line_reg[874]_srl15
  -------------------------------------------------------------------
                         required time                         -1.298    
                         arrival time                           1.360    
  -------------------------------------------------------------------
                         slack                                  0.062    

Slack (MET) :             0.072ns  (arrival time - required time)
  Source:                 h2_blockDesign_i/AudioCodec/U0/audio_ip_v1_1_S00_AXI_inst/Inst_adau1761_izedboard/Inst_i2c/Inst_i3c2/pcnext_reg_rep[3]/C
                            (rising edge-triggered cell FDRE clocked by clk_fpga_1  {rise@0.000ns fall@10.500ns period=21.000ns})
  Destination:            h2_blockDesign_i/AudioCodec/U0/audio_ip_v1_1_S00_AXI_inst/Inst_adau1761_izedboard/Inst_i2c/Inst_adau1761_configuraiton_data/data_reg/ADDRARDADDR[7]
                            (rising edge-triggered cell RAMB18E1 clocked by clk_fpga_1  {rise@0.000ns fall@10.500ns period=21.000ns})
  Path Group:             clk_fpga_1
  Path Type:              Hold (Min at Fast Process Corner)
  Requirement:            0.000ns  (clk_fpga_1 rise@0.000ns - clk_fpga_1 rise@0.000ns)
  Data Path Delay:        0.314ns  (logic 0.164ns (52.150%)  route 0.150ns (47.850%))
  Logic Levels:           0  
  Clock Path Skew:        0.059ns (DCD - SCD - CPR)
    Destination Clock Delay (DCD):    1.221ns
    Source Clock Delay      (SCD):    0.881ns
    Clock Pessimism Removal (CPR):    0.281ns

    Location             Delay type                Incr(ns)  Path(ns)    Netlist Resource(s)
  -------------------------------------------------------------------    -------------------
                         (clock clk_fpga_1 rise edge)
                                                      0.000     0.000 r  
    PS7_X0Y0             PS7                          0.000     0.000 r  h2_blockDesign_i/processing_system7_0/inst/PS7_i/FCLKCLK[1]
                         net (fo=1, routed)           0.310     0.310    h2_blockDesign_i/processing_system7_0/inst/FCLK_CLK_unbuffered[1]
    BUFGCTRL_X0Y17       BUFG (Prop_bufg_I_O)         0.026     0.336 r  h2_blockDesign_i/processing_system7_0/inst/buffer_fclk_clk_1.FCLK_CLK_1_BUFG/O
                         net (fo=645, routed)         0.545     0.881    h2_blockDesign_i/AudioCodec/U0/audio_ip_v1_1_S00_AXI_inst/Inst_adau1761_izedboard/Inst_i2c/Inst_i3c2/clk_48
    SLICE_X32Y75         FDRE                                         r  h2_blockDesign_i/AudioCodec/U0/audio_ip_v1_1_S00_AXI_inst/Inst_adau1761_izedboard/Inst_i2c/Inst_i3c2/pcnext_reg_rep[3]/C
  -------------------------------------------------------------------    -------------------
    SLICE_X32Y75         FDRE (Prop_fdre_C_Q)         0.164     1.045 r  h2_blockDesign_i/AudioCodec/U0/audio_ip_v1_1_S00_AXI_inst/Inst_adau1761_izedboard/Inst_i2c/Inst_i3c2/pcnext_reg_rep[3]/Q
                         net (fo=1, routed)           0.150     1.195    h2_blockDesign_i/AudioCodec/U0/audio_ip_v1_1_S00_AXI_inst/Inst_adau1761_izedboard/Inst_i2c/Inst_adau1761_configuraiton_data/Q[3]
    RAMB18_X2Y30         RAMB18E1                                     r  h2_blockDesign_i/AudioCodec/U0/audio_ip_v1_1_S00_AXI_inst/Inst_adau1761_izedboard/Inst_i2c/Inst_adau1761_configuraiton_data/data_reg/ADDRARDADDR[7]
  -------------------------------------------------------------------    -------------------

                         (clock clk_fpga_1 rise edge)
                                                      0.000     0.000 r  
    PS7_X0Y0             PS7                          0.000     0.000 r  h2_blockDesign_i/processing_system7_0/inst/PS7_i/FCLKCLK[1]
                         net (fo=1, routed)           0.337     0.337    h2_blockDesign_i/processing_system7_0/inst/FCLK_CLK_unbuffered[1]
    BUFGCTRL_X0Y17       BUFG (Prop_bufg_I_O)         0.029     0.366 r  h2_blockDesign_i/processing_system7_0/inst/buffer_fclk_clk_1.FCLK_CLK_1_BUFG/O
                         net (fo=645, routed)         0.855     1.221    h2_blockDesign_i/AudioCodec/U0/audio_ip_v1_1_S00_AXI_inst/Inst_adau1761_izedboard/Inst_i2c/Inst_adau1761_configuraiton_data/clk_48
    RAMB18_X2Y30         RAMB18E1                                     r  h2_blockDesign_i/AudioCodec/U0/audio_ip_v1_1_S00_AXI_inst/Inst_adau1761_izedboard/Inst_i2c/Inst_adau1761_configuraiton_data/data_reg/CLKARDCLK
                         clock pessimism             -0.281     0.940    
    RAMB18_X2Y30         RAMB18E1 (Hold_ramb18e1_CLKARDCLK_ADDRARDADDR[7])
                                                      0.183     1.123    h2_blockDesign_i/AudioCodec/U0/audio_ip_v1_1_S00_AXI_inst/Inst_adau1761_izedboard/Inst_i2c/Inst_adau1761_configuraiton_data/data_reg
  -------------------------------------------------------------------
                         required time                         -1.123    
                         arrival time                           1.195    
  -------------------------------------------------------------------
                         slack                                  0.072    

Slack (MET) :             0.077ns  (arrival time - required time)
  Source:                 h2_blockDesign_i/AudioCodec/U0/audio_ip_v1_1_S00_AXI_inst/Inst_adau1761_izedboard/Inst_i2s_data_interface/i2s_d_in_last_reg/C
                            (rising edge-triggered cell FDRE clocked by clk_fpga_1  {rise@0.000ns fall@10.500ns period=21.000ns})
  Destination:            h2_blockDesign_i/AudioCodec/U0/audio_ip_v1_1_S00_AXI_inst/Inst_adau1761_izedboard/Inst_i2s_data_interface/sr_in_reg[31]_srl32/D
                            (rising edge-triggered cell SRLC32E clocked by clk_fpga_1  {rise@0.000ns fall@10.500ns period=21.000ns})
  Path Group:             clk_fpga_1
  Path Type:              Hold (Min at Fast Process Corner)
  Requirement:            0.000ns  (clk_fpga_1 rise@0.000ns - clk_fpga_1 rise@0.000ns)
  Data Path Delay:        0.276ns  (logic 0.164ns (59.419%)  route 0.112ns (40.581%))
  Logic Levels:           0  
  Clock Path Skew:        0.016ns (DCD - SCD - CPR)
    Destination Clock Delay (DCD):    1.190ns
    Source Clock Delay      (SCD):    0.892ns
    Clock Pessimism Removal (CPR):    0.282ns

    Location             Delay type                Incr(ns)  Path(ns)    Netlist Resource(s)
  -------------------------------------------------------------------    -------------------
                         (clock clk_fpga_1 rise edge)
                                                      0.000     0.000 r  
    PS7_X0Y0             PS7                          0.000     0.000 r  h2_blockDesign_i/processing_system7_0/inst/PS7_i/FCLKCLK[1]
                         net (fo=1, routed)           0.310     0.310    h2_blockDesign_i/processing_system7_0/inst/FCLK_CLK_unbuffered[1]
    BUFGCTRL_X0Y17       BUFG (Prop_bufg_I_O)         0.026     0.336 r  h2_blockDesign_i/processing_system7_0/inst/buffer_fclk_clk_1.FCLK_CLK_1_BUFG/O
                         net (fo=645, routed)         0.556     0.892    h2_blockDesign_i/AudioCodec/U0/audio_ip_v1_1_S00_AXI_inst/Inst_adau1761_izedboard/Inst_i2s_data_interface/clk_48
    SLICE_X46Y95         FDRE                                         r  h2_blockDesign_i/AudioCodec/U0/audio_ip_v1_1_S00_AXI_inst/Inst_adau1761_izedboard/Inst_i2s_data_interface/i2s_d_in_last_reg/C
  -------------------------------------------------------------------    -------------------
    SLICE_X46Y95         FDRE (Prop_fdre_C_Q)         0.164     1.056 r  h2_blockDesign_i/AudioCodec/U0/audio_ip_v1_1_S00_AXI_inst/Inst_adau1761_izedboard/Inst_i2s_data_interface/i2s_d_in_last_reg/Q
                         net (fo=1, routed)           0.112     1.168    h2_blockDesign_i/AudioCodec/U0/audio_ip_v1_1_S00_AXI_inst/Inst_adau1761_izedboard/Inst_i2s_data_interface/i2s_d_in_last
    SLICE_X46Y96         SRLC32E                                      r  h2_blockDesign_i/AudioCodec/U0/audio_ip_v1_1_S00_AXI_inst/Inst_adau1761_izedboard/Inst_i2s_data_interface/sr_in_reg[31]_srl32/D
  -------------------------------------------------------------------    -------------------

                         (clock clk_fpga_1 rise edge)
                                                      0.000     0.000 r  
    PS7_X0Y0             PS7                          0.000     0.000 r  h2_blockDesign_i/processing_system7_0/inst/PS7_i/FCLKCLK[1]
                         net (fo=1, routed)           0.337     0.337    h2_blockDesign_i/processing_system7_0/inst/FCLK_CLK_unbuffered[1]
    BUFGCTRL_X0Y17       BUFG (Prop_bufg_I_O)         0.029     0.366 r  h2_blockDesign_i/processing_system7_0/inst/buffer_fclk_clk_1.FCLK_CLK_1_BUFG/O
                         net (fo=645, routed)         0.824     1.190    h2_blockDesign_i/AudioCodec/U0/audio_ip_v1_1_S00_AXI_inst/Inst_adau1761_izedboard/Inst_i2s_data_interface/clk_48
    SLICE_X46Y96         SRLC32E                                      r  h2_blockDesign_i/AudioCodec/U0/audio_ip_v1_1_S00_AXI_inst/Inst_adau1761_izedboard/Inst_i2s_data_interface/sr_in_reg[31]_srl32/CLK
                         clock pessimism             -0.282     0.908    
    SLICE_X46Y96         SRLC32E (Hold_srlc32e_CLK_D)
                                                      0.183     1.091    h2_blockDesign_i/AudioCodec/U0/audio_ip_v1_1_S00_AXI_inst/Inst_adau1761_izedboard/Inst_i2s_data_interface/sr_in_reg[31]_srl32
  -------------------------------------------------------------------
                         required time                         -1.091    
                         arrival time                           1.168    
  -------------------------------------------------------------------
                         slack                                  0.077    

Slack (MET) :             0.086ns  (arrival time - required time)
  Source:                 h2_blockDesign_i/AudioCodec/U0/audio_ip_v1_1_S00_AXI_inst/Inst_adau1761_izedboard/Inst_i2s_data_interface/bclk_delay_reg[1]__0/C
                            (rising edge-triggered cell FDRE clocked by clk_fpga_1  {rise@0.000ns fall@10.500ns period=21.000ns})
  Destination:            h2_blockDesign_i/AudioCodec/U0/audio_ip_v1_1_S00_AXI_inst/Inst_adau1761_izedboard/Inst_i2s_data_interface/bclk_delay_reg[0]/D
                            (rising edge-triggered cell FDRE clocked by clk_fpga_1  {rise@0.000ns fall@10.500ns period=21.000ns})
  Path Group:             clk_fpga_1
  Path Type:              Hold (Min at Fast Process Corner)
  Requirement:            0.000ns  (clk_fpga_1 rise@0.000ns - clk_fpga_1 rise@0.000ns)
  Data Path Delay:        0.443ns  (logic 0.148ns (33.441%)  route 0.295ns (66.559%))
  Logic Levels:           0  
  Clock Path Skew:        0.350ns (DCD - SCD - CPR)
    Destination Clock Delay (DCD):    1.297ns
    Source Clock Delay      (SCD):    0.912ns
    Clock Pessimism Removal (CPR):    0.035ns

    Location             Delay type                Incr(ns)  Path(ns)    Netlist Resource(s)
  -------------------------------------------------------------------    -------------------
                         (clock clk_fpga_1 rise edge)
                                                      0.000     0.000 r  
    PS7_X0Y0             PS7                          0.000     0.000 r  h2_blockDesign_i/processing_system7_0/inst/PS7_i/FCLKCLK[1]
                         net (fo=1, routed)           0.310     0.310    h2_blockDesign_i/processing_system7_0/inst/FCLK_CLK_unbuffered[1]
    BUFGCTRL_X0Y17       BUFG (Prop_bufg_I_O)         0.026     0.336 r  h2_blockDesign_i/processing_system7_0/inst/buffer_fclk_clk_1.FCLK_CLK_1_BUFG/O
                         net (fo=645, routed)         0.576     0.912    h2_blockDesign_i/AudioCodec/U0/audio_ip_v1_1_S00_AXI_inst/Inst_adau1761_izedboard/Inst_i2s_data_interface/clk_48
    SLICE_X54Y95         FDRE                                         r  h2_blockDesign_i/AudioCodec/U0/audio_ip_v1_1_S00_AXI_inst/Inst_adau1761_izedboard/Inst_i2s_data_interface/bclk_delay_reg[1]__0/C
  -------------------------------------------------------------------    -------------------
    SLICE_X54Y95         FDRE (Prop_fdre_C_Q)         0.148     1.060 r  h2_blockDesign_i/AudioCodec/U0/audio_ip_v1_1_S00_AXI_inst/Inst_adau1761_izedboard/Inst_i2s_data_interface/bclk_delay_reg[1]__0/Q
                         net (fo=4, routed)           0.295     1.354    h2_blockDesign_i/AudioCodec/U0/audio_ip_v1_1_S00_AXI_inst/Inst_adau1761_izedboard/Inst_i2s_data_interface/bclk_delay_reg[1]__0_n_0
    SLICE_X54Y103        FDRE                                         r  h2_blockDesign_i/AudioCodec/U0/audio_ip_v1_1_S00_AXI_inst/Inst_adau1761_izedboard/Inst_i2s_data_interface/bclk_delay_reg[0]/D
  -------------------------------------------------------------------    -------------------

                         (clock clk_fpga_1 rise edge)
                                                      0.000     0.000 r  
    PS7_X0Y0             PS7                          0.000     0.000 r  h2_blockDesign_i/processing_system7_0/inst/PS7_i/FCLKCLK[1]
                         net (fo=1, routed)           0.337     0.337    h2_blockDesign_i/processing_system7_0/inst/FCLK_CLK_unbuffered[1]
    BUFGCTRL_X0Y17       BUFG (Prop_bufg_I_O)         0.029     0.366 r  h2_blockDesign_i/processing_system7_0/inst/buffer_fclk_clk_1.FCLK_CLK_1_BUFG/O
                         net (fo=645, routed)         0.931     1.297    h2_blockDesign_i/AudioCodec/U0/audio_ip_v1_1_S00_AXI_inst/Inst_adau1761_izedboard/Inst_i2s_data_interface/clk_48
    SLICE_X54Y103        FDRE                                         r  h2_blockDesign_i/AudioCodec/U0/audio_ip_v1_1_S00_AXI_inst/Inst_adau1761_izedboard/Inst_i2s_data_interface/bclk_delay_reg[0]/C
                         clock pessimism             -0.035     1.262    
    SLICE_X54Y103        FDRE (Hold_fdre_C_D)         0.006     1.268    h2_blockDesign_i/AudioCodec/U0/audio_ip_v1_1_S00_AXI_inst/Inst_adau1761_izedboard/Inst_i2s_data_interface/bclk_delay_reg[0]
  -------------------------------------------------------------------
                         required time                         -1.268    
                         arrival time                           1.354    
  -------------------------------------------------------------------
                         slack                                  0.086    

Slack (MET) :             0.103ns  (arrival time - required time)
  Source:                 h2_blockDesign_i/AudioCodec/U0/audio_ip_v1_1_S00_AXI_inst/Inst_adau1761_izedboard/Inst_i2c/Inst_i3c2/pcnext_reg_rep[5]/C
                            (rising edge-triggered cell FDRE clocked by clk_fpga_1  {rise@0.000ns fall@10.500ns period=21.000ns})
  Destination:            h2_blockDesign_i/AudioCodec/U0/audio_ip_v1_1_S00_AXI_inst/Inst_adau1761_izedboard/Inst_i2c/Inst_adau1761_configuraiton_data/data_reg/ADDRARDADDR[9]
                            (rising edge-triggered cell RAMB18E1 clocked by clk_fpga_1  {rise@0.000ns fall@10.500ns period=21.000ns})
  Path Group:             clk_fpga_1
  Path Type:              Hold (Min at Fast Process Corner)
  Requirement:            0.000ns  (clk_fpga_1 rise@0.000ns - clk_fpga_1 rise@0.000ns)
  Data Path Delay:        0.345ns  (logic 0.141ns (40.826%)  route 0.204ns (59.174%))
  Logic Levels:           0  
  Clock Path Skew:        0.059ns (DCD - SCD - CPR)
    Destination Clock Delay (DCD):    1.221ns
    Source Clock Delay      (SCD):    0.881ns
    Clock Pessimism Removal (CPR):    0.281ns

    Location             Delay type                Incr(ns)  Path(ns)    Netlist Resource(s)
  -------------------------------------------------------------------    -------------------
                         (clock clk_fpga_1 rise edge)
                                                      0.000     0.000 r  
    PS7_X0Y0             PS7                          0.000     0.000 r  h2_blockDesign_i/processing_system7_0/inst/PS7_i/FCLKCLK[1]
                         net (fo=1, routed)           0.310     0.310    h2_blockDesign_i/processing_system7_0/inst/FCLK_CLK_unbuffered[1]
    BUFGCTRL_X0Y17       BUFG (Prop_bufg_I_O)         0.026     0.336 r  h2_blockDesign_i/processing_system7_0/inst/buffer_fclk_clk_1.FCLK_CLK_1_BUFG/O
                         net (fo=645, routed)         0.545     0.881    h2_blockDesign_i/AudioCodec/U0/audio_ip_v1_1_S00_AXI_inst/Inst_adau1761_izedboard/Inst_i2c/Inst_i3c2/clk_48
    SLICE_X33Y75         FDRE                                         r  h2_blockDesign_i/AudioCodec/U0/audio_ip_v1_1_S00_AXI_inst/Inst_adau1761_izedboard/Inst_i2c/Inst_i3c2/pcnext_reg_rep[5]/C
  -------------------------------------------------------------------    -------------------
    SLICE_X33Y75         FDRE (Prop_fdre_C_Q)         0.141     1.022 r  h2_blockDesign_i/AudioCodec/U0/audio_ip_v1_1_S00_AXI_inst/Inst_adau1761_izedboard/Inst_i2c/Inst_i3c2/pcnext_reg_rep[5]/Q
                         net (fo=1, routed)           0.204     1.226    h2_blockDesign_i/AudioCodec/U0/audio_ip_v1_1_S00_AXI_inst/Inst_adau1761_izedboard/Inst_i2c/Inst_adau1761_configuraiton_data/Q[5]
    RAMB18_X2Y30         RAMB18E1                                     r  h2_blockDesign_i/AudioCodec/U0/audio_ip_v1_1_S00_AXI_inst/Inst_adau1761_izedboard/Inst_i2c/Inst_adau1761_configuraiton_data/data_reg/ADDRARDADDR[9]
  -------------------------------------------------------------------    -------------------

                         (clock clk_fpga_1 rise edge)
                                                      0.000     0.000 r  
    PS7_X0Y0             PS7                          0.000     0.000 r  h2_blockDesign_i/processing_system7_0/inst/PS7_i/FCLKCLK[1]
                         net (fo=1, routed)           0.337     0.337    h2_blockDesign_i/processing_system7_0/inst/FCLK_CLK_unbuffered[1]
    BUFGCTRL_X0Y17       BUFG (Prop_bufg_I_O)         0.029     0.366 r  h2_blockDesign_i/processing_system7_0/inst/buffer_fclk_clk_1.FCLK_CLK_1_BUFG/O
                         net (fo=645, routed)         0.855     1.221    h2_blockDesign_i/AudioCodec/U0/audio_ip_v1_1_S00_AXI_inst/Inst_adau1761_izedboard/Inst_i2c/Inst_adau1761_configuraiton_data/clk_48
    RAMB18_X2Y30         RAMB18E1                                     r  h2_blockDesign_i/AudioCodec/U0/audio_ip_v1_1_S00_AXI_inst/Inst_adau1761_izedboard/Inst_i2c/Inst_adau1761_configuraiton_data/data_reg/CLKARDCLK
                         clock pessimism             -0.281     0.940    
    RAMB18_X2Y30         RAMB18E1 (Hold_ramb18e1_CLKARDCLK_ADDRARDADDR[9])
                                                      0.183     1.123    h2_blockDesign_i/AudioCodec/U0/audio_ip_v1_1_S00_AXI_inst/Inst_adau1761_izedboard/Inst_i2c/Inst_adau1761_configuraiton_data/data_reg
  -------------------------------------------------------------------
                         required time                         -1.123    
                         arrival time                           1.226    
  -------------------------------------------------------------------
                         slack                                  0.103    

Slack (MET) :             0.106ns  (arrival time - required time)
  Source:                 h2_blockDesign_i/AudioCodec/U0/audio_ip_v1_1_S00_AXI_inst/Inst_adau1761_izedboard/Inst_i2c/Inst_i3c2/pcnext_reg_rep[2]/C
                            (rising edge-triggered cell FDRE clocked by clk_fpga_1  {rise@0.000ns fall@10.500ns period=21.000ns})
  Destination:            h2_blockDesign_i/AudioCodec/U0/audio_ip_v1_1_S00_AXI_inst/Inst_adau1761_izedboard/Inst_i2c/Inst_adau1761_configuraiton_data/data_reg/ADDRARDADDR[6]
                            (rising edge-triggered cell RAMB18E1 clocked by clk_fpga_1  {rise@0.000ns fall@10.500ns period=21.000ns})
  Path Group:             clk_fpga_1
  Path Type:              Hold (Min at Fast Process Corner)
  Requirement:            0.000ns  (clk_fpga_1 rise@0.000ns - clk_fpga_1 rise@0.000ns)
  Data Path Delay:        0.348ns  (logic 0.141ns (40.513%)  route 0.207ns (59.487%))
  Logic Levels:           0  
  Clock Path Skew:        0.059ns (DCD - SCD - CPR)
    Destination Clock Delay (DCD):    1.221ns
    Source Clock Delay      (SCD):    0.881ns
    Clock Pessimism Removal (CPR):    0.281ns

    Location             Delay type                Incr(ns)  Path(ns)    Netlist Resource(s)
  -------------------------------------------------------------------    -------------------
                         (clock clk_fpga_1 rise edge)
                                                      0.000     0.000 r  
    PS7_X0Y0             PS7                          0.000     0.000 r  h2_blockDesign_i/processing_system7_0/inst/PS7_i/FCLKCLK[1]
                         net (fo=1, routed)           0.310     0.310    h2_blockDesign_i/processing_system7_0/inst/FCLK_CLK_unbuffered[1]
    BUFGCTRL_X0Y17       BUFG (Prop_bufg_I_O)         0.026     0.336 r  h2_blockDesign_i/processing_system7_0/inst/buffer_fclk_clk_1.FCLK_CLK_1_BUFG/O
                         net (fo=645, routed)         0.545     0.881    h2_blockDesign_i/AudioCodec/U0/audio_ip_v1_1_S00_AXI_inst/Inst_adau1761_izedboard/Inst_i2c/Inst_i3c2/clk_48
    SLICE_X33Y75         FDRE                                         r  h2_blockDesign_i/AudioCodec/U0/audio_ip_v1_1_S00_AXI_inst/Inst_adau1761_izedboard/Inst_i2c/Inst_i3c2/pcnext_reg_rep[2]/C
  -------------------------------------------------------------------    -------------------
    SLICE_X33Y75         FDRE (Prop_fdre_C_Q)         0.141     1.022 r  h2_blockDesign_i/AudioCodec/U0/audio_ip_v1_1_S00_AXI_inst/Inst_adau1761_izedboard/Inst_i2c/Inst_i3c2/pcnext_reg_rep[2]/Q
                         net (fo=1, routed)           0.207     1.229    h2_blockDesign_i/AudioCodec/U0/audio_ip_v1_1_S00_AXI_inst/Inst_adau1761_izedboard/Inst_i2c/Inst_adau1761_configuraiton_data/Q[2]
    RAMB18_X2Y30         RAMB18E1                                     r  h2_blockDesign_i/AudioCodec/U0/audio_ip_v1_1_S00_AXI_inst/Inst_adau1761_izedboard/Inst_i2c/Inst_adau1761_configuraiton_data/data_reg/ADDRARDADDR[6]
  -------------------------------------------------------------------    -------------------

                         (clock clk_fpga_1 rise edge)
                                                      0.000     0.000 r  
    PS7_X0Y0             PS7                          0.000     0.000 r  h2_blockDesign_i/processing_system7_0/inst/PS7_i/FCLKCLK[1]
                         net (fo=1, routed)           0.337     0.337    h2_blockDesign_i/processing_system7_0/inst/FCLK_CLK_unbuffered[1]
    BUFGCTRL_X0Y17       BUFG (Prop_bufg_I_O)         0.029     0.366 r  h2_blockDesign_i/processing_system7_0/inst/buffer_fclk_clk_1.FCLK_CLK_1_BUFG/O
                         net (fo=645, routed)         0.855     1.221    h2_blockDesign_i/AudioCodec/U0/audio_ip_v1_1_S00_AXI_inst/Inst_adau1761_izedboard/Inst_i2c/Inst_adau1761_configuraiton_data/clk_48
    RAMB18_X2Y30         RAMB18E1                                     r  h2_blockDesign_i/AudioCodec/U0/audio_ip_v1_1_S00_AXI_inst/Inst_adau1761_izedboard/Inst_i2c/Inst_adau1761_configuraiton_data/data_reg/CLKARDCLK
                         clock pessimism             -0.281     0.940    
    RAMB18_X2Y30         RAMB18E1 (Hold_ramb18e1_CLKARDCLK_ADDRARDADDR[6])
                                                      0.183     1.123    h2_blockDesign_i/AudioCodec/U0/audio_ip_v1_1_S00_AXI_inst/Inst_adau1761_izedboard/Inst_i2c/Inst_adau1761_configuraiton_data/data_reg
  -------------------------------------------------------------------
                         required time                         -1.123    
                         arrival time                           1.229    
  -------------------------------------------------------------------
                         slack                                  0.106    

Slack (MET) :             0.109ns  (arrival time - required time)
  Source:                 h2_blockDesign_i/AudioCodec/U0/audio_ip_v1_1_S00_AXI_inst/Inst_adau1761_izedboard/Inst_i2c/Inst_i3c2/pcnext_reg_rep[4]/C
                            (rising edge-triggered cell FDRE clocked by clk_fpga_1  {rise@0.000ns fall@10.500ns period=21.000ns})
  Destination:            h2_blockDesign_i/AudioCodec/U0/audio_ip_v1_1_S00_AXI_inst/Inst_adau1761_izedboard/Inst_i2c/Inst_adau1761_configuraiton_data/data_reg/ADDRARDADDR[8]
                            (rising edge-triggered cell RAMB18E1 clocked by clk_fpga_1  {rise@0.000ns fall@10.500ns period=21.000ns})
  Path Group:             clk_fpga_1
  Path Type:              Hold (Min at Fast Process Corner)
  Requirement:            0.000ns  (clk_fpga_1 rise@0.000ns - clk_fpga_1 rise@0.000ns)
  Data Path Delay:        0.352ns  (logic 0.141ns (40.102%)  route 0.211ns (59.898%))
  Logic Levels:           0  
  Clock Path Skew:        0.059ns (DCD - SCD - CPR)
    Destination Clock Delay (DCD):    1.221ns
    Source Clock Delay      (SCD):    0.881ns
    Clock Pessimism Removal (CPR):    0.281ns

    Location             Delay type                Incr(ns)  Path(ns)    Netlist Resource(s)
  -------------------------------------------------------------------    -------------------
                         (clock clk_fpga_1 rise edge)
                                                      0.000     0.000 r  
    PS7_X0Y0             PS7                          0.000     0.000 r  h2_blockDesign_i/processing_system7_0/inst/PS7_i/FCLKCLK[1]
                         net (fo=1, routed)           0.310     0.310    h2_blockDesign_i/processing_system7_0/inst/FCLK_CLK_unbuffered[1]
    BUFGCTRL_X0Y17       BUFG (Prop_bufg_I_O)         0.026     0.336 r  h2_blockDesign_i/processing_system7_0/inst/buffer_fclk_clk_1.FCLK_CLK_1_BUFG/O
                         net (fo=645, routed)         0.545     0.881    h2_blockDesign_i/AudioCodec/U0/audio_ip_v1_1_S00_AXI_inst/Inst_adau1761_izedboard/Inst_i2c/Inst_i3c2/clk_48
    SLICE_X33Y75         FDRE                                         r  h2_blockDesign_i/AudioCodec/U0/audio_ip_v1_1_S00_AXI_inst/Inst_adau1761_izedboard/Inst_i2c/Inst_i3c2/pcnext_reg_rep[4]/C
  -------------------------------------------------------------------    -------------------
    SLICE_X33Y75         FDRE (Prop_fdre_C_Q)         0.141     1.022 r  h2_blockDesign_i/AudioCodec/U0/audio_ip_v1_1_S00_AXI_inst/Inst_adau1761_izedboard/Inst_i2c/Inst_i3c2/pcnext_reg_rep[4]/Q
                         net (fo=1, routed)           0.211     1.232    h2_blockDesign_i/AudioCodec/U0/audio_ip_v1_1_S00_AXI_inst/Inst_adau1761_izedboard/Inst_i2c/Inst_adau1761_configuraiton_data/Q[4]
    RAMB18_X2Y30         RAMB18E1                                     r  h2_blockDesign_i/AudioCodec/U0/audio_ip_v1_1_S00_AXI_inst/Inst_adau1761_izedboard/Inst_i2c/Inst_adau1761_configuraiton_data/data_reg/ADDRARDADDR[8]
  -------------------------------------------------------------------    -------------------

                         (clock clk_fpga_1 rise edge)
                                                      0.000     0.000 r  
    PS7_X0Y0             PS7                          0.000     0.000 r  h2_blockDesign_i/processing_system7_0/inst/PS7_i/FCLKCLK[1]
                         net (fo=1, routed)           0.337     0.337    h2_blockDesign_i/processing_system7_0/inst/FCLK_CLK_unbuffered[1]
    BUFGCTRL_X0Y17       BUFG (Prop_bufg_I_O)         0.029     0.366 r  h2_blockDesign_i/processing_system7_0/inst/buffer_fclk_clk_1.FCLK_CLK_1_BUFG/O
                         net (fo=645, routed)         0.855     1.221    h2_blockDesign_i/AudioCodec/U0/audio_ip_v1_1_S00_AXI_inst/Inst_adau1761_izedboard/Inst_i2c/Inst_adau1761_configuraiton_data/clk_48
    RAMB18_X2Y30         RAMB18E1                                     r  h2_blockDesign_i/AudioCodec/U0/audio_ip_v1_1_S00_AXI_inst/Inst_adau1761_izedboard/Inst_i2c/Inst_adau1761_configuraiton_data/data_reg/CLKARDCLK
                         clock pessimism             -0.281     0.940    
    RAMB18_X2Y30         RAMB18E1 (Hold_ramb18e1_CLKARDCLK_ADDRARDADDR[8])
                                                      0.183     1.123    h2_blockDesign_i/AudioCodec/U0/audio_ip_v1_1_S00_AXI_inst/Inst_adau1761_izedboard/Inst_i2c/Inst_adau1761_configuraiton_data/data_reg
  -------------------------------------------------------------------
                         required time                         -1.123    
                         arrival time                           1.232    
  -------------------------------------------------------------------
                         slack                                  0.109    

Slack (MET) :             0.117ns  (arrival time - required time)
  Source:                 h2_blockDesign_i/AudioCodec/U0/audio_ip_v1_1_S00_AXI_inst/Inst_adau1761_izedboard/Inst_i2c/Inst_i3c2/pcnext_reg_rep[1]/C
                            (rising edge-triggered cell FDRE clocked by clk_fpga_1  {rise@0.000ns fall@10.500ns period=21.000ns})
  Destination:            h2_blockDesign_i/AudioCodec/U0/audio_ip_v1_1_S00_AXI_inst/Inst_adau1761_izedboard/Inst_i2c/Inst_adau1761_configuraiton_data/data_reg/ADDRARDADDR[5]
                            (rising edge-triggered cell RAMB18E1 clocked by clk_fpga_1  {rise@0.000ns fall@10.500ns period=21.000ns})
  Path Group:             clk_fpga_1
  Path Type:              Hold (Min at Fast Process Corner)
  Requirement:            0.000ns  (clk_fpga_1 rise@0.000ns - clk_fpga_1 rise@0.000ns)
  Data Path Delay:        0.375ns  (logic 0.164ns (43.686%)  route 0.211ns (56.314%))
  Logic Levels:           0  
  Clock Path Skew:        0.075ns (DCD - SCD - CPR)
    Destination Clock Delay (DCD):    1.221ns
    Source Clock Delay      (SCD):    0.882ns
    Clock Pessimism Removal (CPR):    0.264ns

    Location             Delay type                Incr(ns)  Path(ns)    Netlist Resource(s)
  -------------------------------------------------------------------    -------------------
                         (clock clk_fpga_1 rise edge)
                                                      0.000     0.000 r  
    PS7_X0Y0             PS7                          0.000     0.000 r  h2_blockDesign_i/processing_system7_0/inst/PS7_i/FCLKCLK[1]
                         net (fo=1, routed)           0.310     0.310    h2_blockDesign_i/processing_system7_0/inst/FCLK_CLK_unbuffered[1]
    BUFGCTRL_X0Y17       BUFG (Prop_bufg_I_O)         0.026     0.336 r  h2_blockDesign_i/processing_system7_0/inst/buffer_fclk_clk_1.FCLK_CLK_1_BUFG/O
                         net (fo=645, routed)         0.546     0.882    h2_blockDesign_i/AudioCodec/U0/audio_ip_v1_1_S00_AXI_inst/Inst_adau1761_izedboard/Inst_i2c/Inst_i3c2/clk_48
    SLICE_X34Y76         FDRE                                         r  h2_blockDesign_i/AudioCodec/U0/audio_ip_v1_1_S00_AXI_inst/Inst_adau1761_izedboard/Inst_i2c/Inst_i3c2/pcnext_reg_rep[1]/C
  -------------------------------------------------------------------    -------------------
    SLICE_X34Y76         FDRE (Prop_fdre_C_Q)         0.164     1.046 r  h2_blockDesign_i/AudioCodec/U0/audio_ip_v1_1_S00_AXI_inst/Inst_adau1761_izedboard/Inst_i2c/Inst_i3c2/pcnext_reg_rep[1]/Q
                         net (fo=1, routed)           0.211     1.257    h2_blockDesign_i/AudioCodec/U0/audio_ip_v1_1_S00_AXI_inst/Inst_adau1761_izedboard/Inst_i2c/Inst_adau1761_configuraiton_data/Q[1]
    RAMB18_X2Y30         RAMB18E1                                     r  h2_blockDesign_i/AudioCodec/U0/audio_ip_v1_1_S00_AXI_inst/Inst_adau1761_izedboard/Inst_i2c/Inst_adau1761_configuraiton_data/data_reg/ADDRARDADDR[5]
  -------------------------------------------------------------------    -------------------

                         (clock clk_fpga_1 rise edge)
                                                      0.000     0.000 r  
    PS7_X0Y0             PS7                          0.000     0.000 r  h2_blockDesign_i/processing_system7_0/inst/PS7_i/FCLKCLK[1]
                         net (fo=1, routed)           0.337     0.337    h2_blockDesign_i/processing_system7_0/inst/FCLK_CLK_unbuffered[1]
    BUFGCTRL_X0Y17       BUFG (Prop_bufg_I_O)         0.029     0.366 r  h2_blockDesign_i/processing_system7_0/inst/buffer_fclk_clk_1.FCLK_CLK_1_BUFG/O
                         net (fo=645, routed)         0.855     1.221    h2_blockDesign_i/AudioCodec/U0/audio_ip_v1_1_S00_AXI_inst/Inst_adau1761_izedboard/Inst_i2c/Inst_adau1761_configuraiton_data/clk_48
    RAMB18_X2Y30         RAMB18E1                                     r  h2_blockDesign_i/AudioCodec/U0/audio_ip_v1_1_S00_AXI_inst/Inst_adau1761_izedboard/Inst_i2c/Inst_adau1761_configuraiton_data/data_reg/CLKARDCLK
                         clock pessimism             -0.264     0.957    
    RAMB18_X2Y30         RAMB18E1 (Hold_ramb18e1_CLKARDCLK_ADDRARDADDR[5])
                                                      0.183     1.140    h2_blockDesign_i/AudioCodec/U0/audio_ip_v1_1_S00_AXI_inst/Inst_adau1761_izedboard/Inst_i2c/Inst_adau1761_configuraiton_data/data_reg
  -------------------------------------------------------------------
                         required time                         -1.140    
                         arrival time                           1.257    
  -------------------------------------------------------------------
                         slack                                  0.117    

Slack (MET) :             0.121ns  (arrival time - required time)
  Source:                 h2_blockDesign_i/AudioCodec/U0/audio_ip_v1_1_S00_AXI_inst/lpms2_r/delay_line_reg[441]__0/C
                            (rising edge-triggered cell FDRE clocked by clk_fpga_1  {rise@0.000ns fall@10.500ns period=21.000ns})
  Destination:            h2_blockDesign_i/AudioCodec/U0/audio_ip_v1_1_S00_AXI_inst/lpms3_r/delay_line_reg[876]_srl15/D
                            (rising edge-triggered cell SRL16E clocked by clk_fpga_1  {rise@0.000ns fall@10.500ns period=21.000ns})
  Path Group:             clk_fpga_1
  Path Type:              Hold (Min at Fast Process Corner)
  Requirement:            0.000ns  (clk_fpga_1 rise@0.000ns - clk_fpga_1 rise@0.000ns)
  Data Path Delay:        0.436ns  (logic 0.148ns (33.937%)  route 0.288ns (66.063%))
  Logic Levels:           0  
  Clock Path Skew:        0.259ns (DCD - SCD - CPR)
    Destination Clock Delay (DCD):    1.273ns
    Source Clock Delay      (SCD):    0.975ns
    Clock Pessimism Removal (CPR):    0.039ns

    Location             Delay type                Incr(ns)  Path(ns)    Netlist Resource(s)
  -------------------------------------------------------------------    -------------------
                         (clock clk_fpga_1 rise edge)
                                                      0.000     0.000 r  
    PS7_X0Y0             PS7                          0.000     0.000 r  h2_blockDesign_i/processing_system7_0/inst/PS7_i/FCLKCLK[1]
                         net (fo=1, routed)           0.310     0.310    h2_blockDesign_i/processing_system7_0/inst/FCLK_CLK_unbuffered[1]
    BUFGCTRL_X0Y17       BUFG (Prop_bufg_I_O)         0.026     0.336 r  h2_blockDesign_i/processing_system7_0/inst/buffer_fclk_clk_1.FCLK_CLK_1_BUFG/O
                         net (fo=645, routed)         0.639     0.975    h2_blockDesign_i/AudioCodec/U0/audio_ip_v1_1_S00_AXI_inst/lpms2_r/clk_48
    SLICE_X46Y102        FDRE                                         r  h2_blockDesign_i/AudioCodec/U0/audio_ip_v1_1_S00_AXI_inst/lpms2_r/delay_line_reg[441]__0/C
  -------------------------------------------------------------------    -------------------
    SLICE_X46Y102        FDRE (Prop_fdre_C_Q)         0.148     1.123 r  h2_blockDesign_i/AudioCodec/U0/audio_ip_v1_1_S00_AXI_inst/lpms2_r/delay_line_reg[441]__0/Q
                         net (fo=4, routed)           0.288     1.411    h2_blockDesign_i/AudioCodec/U0/audio_ip_v1_1_S00_AXI_inst/lpms3_r/delay_line[6]
    SLICE_X50Y101        SRL16E                                       r  h2_blockDesign_i/AudioCodec/U0/audio_ip_v1_1_S00_AXI_inst/lpms3_r/delay_line_reg[876]_srl15/D
  -------------------------------------------------------------------    -------------------

                         (clock clk_fpga_1 rise edge)
                                                      0.000     0.000 r  
    PS7_X0Y0             PS7                          0.000     0.000 r  h2_blockDesign_i/processing_system7_0/inst/PS7_i/FCLKCLK[1]
                         net (fo=1, routed)           0.337     0.337    h2_blockDesign_i/processing_system7_0/inst/FCLK_CLK_unbuffered[1]
    BUFGCTRL_X0Y17       BUFG (Prop_bufg_I_O)         0.029     0.366 r  h2_blockDesign_i/processing_system7_0/inst/buffer_fclk_clk_1.FCLK_CLK_1_BUFG/O
                         net (fo=645, routed)         0.907     1.273    h2_blockDesign_i/AudioCodec/U0/audio_ip_v1_1_S00_AXI_inst/lpms3_r/clk_48
    SLICE_X50Y101        SRL16E                                       r  h2_blockDesign_i/AudioCodec/U0/audio_ip_v1_1_S00_AXI_inst/lpms3_r/delay_line_reg[876]_srl15/CLK
                         clock pessimism             -0.039     1.234    
    SLICE_X50Y101        SRL16E (Hold_srl16e_CLK_D)
                                                      0.056     1.290    h2_blockDesign_i/AudioCodec/U0/audio_ip_v1_1_S00_AXI_inst/lpms3_r/delay_line_reg[876]_srl15
  -------------------------------------------------------------------
                         required time                         -1.290    
                         arrival time                           1.411    
  -------------------------------------------------------------------
                         slack                                  0.121    

Slack (MET) :             0.126ns  (arrival time - required time)
  Source:                 h2_blockDesign_i/AudioCodec/U0/audio_ip_v1_1_S00_AXI_inst/Inst_adau1761_izedboard/Inst_i2c/Inst_i3c2/pcnext_reg_rep[8]/C
                            (rising edge-triggered cell FDRE clocked by clk_fpga_1  {rise@0.000ns fall@10.500ns period=21.000ns})
  Destination:            h2_blockDesign_i/AudioCodec/U0/audio_ip_v1_1_S00_AXI_inst/Inst_adau1761_izedboard/Inst_i2c/Inst_adau1761_configuraiton_data/data_reg/ADDRARDADDR[12]
                            (rising edge-triggered cell RAMB18E1 clocked by clk_fpga_1  {rise@0.000ns fall@10.500ns period=21.000ns})
  Path Group:             clk_fpga_1
  Path Type:              Hold (Min at Fast Process Corner)
  Requirement:            0.000ns  (clk_fpga_1 rise@0.000ns - clk_fpga_1 rise@0.000ns)
  Data Path Delay:        0.368ns  (logic 0.164ns (44.552%)  route 0.204ns (55.448%))
  Logic Levels:           0  
  Clock Path Skew:        0.059ns (DCD - SCD - CPR)
    Destination Clock Delay (DCD):    1.221ns
    Source Clock Delay      (SCD):    0.881ns
    Clock Pessimism Removal (CPR):    0.281ns

    Location             Delay type                Incr(ns)  Path(ns)    Netlist Resource(s)
  -------------------------------------------------------------------    -------------------
                         (clock clk_fpga_1 rise edge)
                                                      0.000     0.000 r  
    PS7_X0Y0             PS7                          0.000     0.000 r  h2_blockDesign_i/processing_system7_0/inst/PS7_i/FCLKCLK[1]
                         net (fo=1, routed)           0.310     0.310    h2_blockDesign_i/processing_system7_0/inst/FCLK_CLK_unbuffered[1]
    BUFGCTRL_X0Y17       BUFG (Prop_bufg_I_O)         0.026     0.336 r  h2_blockDesign_i/processing_system7_0/inst/buffer_fclk_clk_1.FCLK_CLK_1_BUFG/O
                         net (fo=645, routed)         0.545     0.881    h2_blockDesign_i/AudioCodec/U0/audio_ip_v1_1_S00_AXI_inst/Inst_adau1761_izedboard/Inst_i2c/Inst_i3c2/clk_48
    SLICE_X32Y75         FDRE                                         r  h2_blockDesign_i/AudioCodec/U0/audio_ip_v1_1_S00_AXI_inst/Inst_adau1761_izedboard/Inst_i2c/Inst_i3c2/pcnext_reg_rep[8]/C
  -------------------------------------------------------------------    -------------------
    SLICE_X32Y75         FDRE (Prop_fdre_C_Q)         0.164     1.045 r  h2_blockDesign_i/AudioCodec/U0/audio_ip_v1_1_S00_AXI_inst/Inst_adau1761_izedboard/Inst_i2c/Inst_i3c2/pcnext_reg_rep[8]/Q
                         net (fo=1, routed)           0.204     1.249    h2_blockDesign_i/AudioCodec/U0/audio_ip_v1_1_S00_AXI_inst/Inst_adau1761_izedboard/Inst_i2c/Inst_adau1761_configuraiton_data/Q[8]
    RAMB18_X2Y30         RAMB18E1                                     r  h2_blockDesign_i/AudioCodec/U0/audio_ip_v1_1_S00_AXI_inst/Inst_adau1761_izedboard/Inst_i2c/Inst_adau1761_configuraiton_data/data_reg/ADDRARDADDR[12]
  -------------------------------------------------------------------    -------------------

                         (clock clk_fpga_1 rise edge)
                                                      0.000     0.000 r  
    PS7_X0Y0             PS7                          0.000     0.000 r  h2_blockDesign_i/processing_system7_0/inst/PS7_i/FCLKCLK[1]
                         net (fo=1, routed)           0.337     0.337    h2_blockDesign_i/processing_system7_0/inst/FCLK_CLK_unbuffered[1]
    BUFGCTRL_X0Y17       BUFG (Prop_bufg_I_O)         0.029     0.366 r  h2_blockDesign_i/processing_system7_0/inst/buffer_fclk_clk_1.FCLK_CLK_1_BUFG/O
                         net (fo=645, routed)         0.855     1.221    h2_blockDesign_i/AudioCodec/U0/audio_ip_v1_1_S00_AXI_inst/Inst_adau1761_izedboard/Inst_i2c/Inst_adau1761_configuraiton_data/clk_48
    RAMB18_X2Y30         RAMB18E1                                     r  h2_blockDesign_i/AudioCodec/U0/audio_ip_v1_1_S00_AXI_inst/Inst_adau1761_izedboard/Inst_i2c/Inst_adau1761_configuraiton_data/data_reg/CLKARDCLK
                         clock pessimism             -0.281     0.940    
    RAMB18_X2Y30         RAMB18E1 (Hold_ramb18e1_CLKARDCLK_ADDRARDADDR[12])
                                                      0.183     1.123    h2_blockDesign_i/AudioCodec/U0/audio_ip_v1_1_S00_AXI_inst/Inst_adau1761_izedboard/Inst_i2c/Inst_adau1761_configuraiton_data/data_reg
  -------------------------------------------------------------------
                         required time                         -1.123    
                         arrival time                           1.249    
  -------------------------------------------------------------------
                         slack                                  0.126    





Pulse Width Checks
--------------------------------------------------------------------------------------
Clock Name:         clk_fpga_1
Waveform(ns):       { 0.000 10.500 }
Period(ns):         21.000
Sources:            { h2_blockDesign_i/processing_system7_0/inst/PS7_i/FCLKCLK[1] }

Check Type        Corner  Lib Pin             Reference Pin  Required(ns)  Actual(ns)  Slack(ns)  Location        Pin
Min Period        n/a     RAMB18E1/CLKARDCLK  n/a            2.576         21.000      18.424     RAMB18_X2Y30    h2_blockDesign_i/AudioCodec/U0/audio_ip_v1_1_S00_AXI_inst/Inst_adau1761_izedboard/Inst_i2c/Inst_adau1761_configuraiton_data/data_reg/CLKARDCLK
Min Period        n/a     BUFG/I              n/a            2.155         21.000      18.845     BUFGCTRL_X0Y17  h2_blockDesign_i/processing_system7_0/inst/buffer_fclk_clk_1.FCLK_CLK_1_BUFG/I
Min Period        n/a     FDRE/C              n/a            1.000         21.000      20.000     SLICE_X32Y79    h2_blockDesign_i/AudioCodec/U0/audio_ip_v1_1_S00_AXI_inst/Inst_adau1761_izedboard/Inst_i2c/Inst_i3c2/outputs_reg[1]/C
Min Period        n/a     FDRE/C              n/a            1.000         21.000      20.000     SLICE_X45Y103   h2_blockDesign_i/AudioCodec/U0/audio_ip_v1_1_S00_AXI_inst/Inst_adau1761_izedboard/Inst_i2s_data_interface/sr_out_reg[46]/C
Min Period        n/a     FDRE/C              n/a            1.000         21.000      20.000     SLICE_X44Y103   h2_blockDesign_i/AudioCodec/U0/audio_ip_v1_1_S00_AXI_inst/Inst_adau1761_izedboard/Inst_i2s_data_interface/sr_out_reg[47]/C
Min Period        n/a     FDRE/C              n/a            1.000         21.000      20.000     SLICE_X44Y104   h2_blockDesign_i/AudioCodec/U0/audio_ip_v1_1_S00_AXI_inst/Inst_adau1761_izedboard/Inst_i2s_data_interface/sr_out_reg[48]/C
Min Period        n/a     FDRE/C              n/a            1.000         21.000      20.000     SLICE_X44Y104   h2_blockDesign_i/AudioCodec/U0/audio_ip_v1_1_S00_AXI_inst/Inst_adau1761_izedboard/Inst_i2s_data_interface/sr_out_reg[49]/C
Min Period        n/a     FDRE/C              n/a            1.000         21.000      20.000     SLICE_X44Y105   h2_blockDesign_i/AudioCodec/U0/audio_ip_v1_1_S00_AXI_inst/Inst_adau1761_izedboard/Inst_i2s_data_interface/sr_out_reg[50]/C
Min Period        n/a     FDRE/C              n/a            1.000         21.000      20.000     SLICE_X44Y105   h2_blockDesign_i/AudioCodec/U0/audio_ip_v1_1_S00_AXI_inst/Inst_adau1761_izedboard/Inst_i2s_data_interface/sr_out_reg[51]/C
Min Period        n/a     FDRE/C              n/a            1.000         21.000      20.000     SLICE_X42Y105   h2_blockDesign_i/AudioCodec/U0/audio_ip_v1_1_S00_AXI_inst/Inst_adau1761_izedboard/Inst_i2s_data_interface/sr_out_reg[52]/C
Low Pulse Width   Slow    SRL16E/CLK          n/a            0.980         10.500      9.520      SLICE_X50Y101   h2_blockDesign_i/AudioCodec/U0/audio_ip_v1_1_S00_AXI_inst/lpms3_r/delay_line_reg[870]_srl15/CLK
Low Pulse Width   Slow    SRL16E/CLK          n/a            0.980         10.500      9.520      SLICE_X50Y101   h2_blockDesign_i/AudioCodec/U0/audio_ip_v1_1_S00_AXI_inst/lpms3_r/delay_line_reg[871]_srl15/CLK
Low Pulse Width   Slow    SRL16E/CLK          n/a            0.980         10.500      9.520      SLICE_X50Y101   h2_blockDesign_i/AudioCodec/U0/audio_ip_v1_1_S00_AXI_inst/lpms3_r/delay_line_reg[872]_srl15/CLK
Low Pulse Width   Slow    SRL16E/CLK          n/a            0.980         10.500      9.520      SLICE_X50Y101   h2_blockDesign_i/AudioCodec/U0/audio_ip_v1_1_S00_AXI_inst/lpms3_r/delay_line_reg[873]_srl15/CLK
Low Pulse Width   Slow    SRL16E/CLK          n/a            0.980         10.500      9.520      SLICE_X50Y101   h2_blockDesign_i/AudioCodec/U0/audio_ip_v1_1_S00_AXI_inst/lpms3_r/delay_line_reg[874]_srl15/CLK
Low Pulse Width   Slow    SRL16E/CLK          n/a            0.980         10.500      9.520      SLICE_X50Y101   h2_blockDesign_i/AudioCodec/U0/audio_ip_v1_1_S00_AXI_inst/lpms3_r/delay_line_reg[875]_srl15/CLK
Low Pulse Width   Slow    SRL16E/CLK          n/a            0.980         10.500      9.520      SLICE_X50Y101   h2_blockDesign_i/AudioCodec/U0/audio_ip_v1_1_S00_AXI_inst/lpms3_r/delay_line_reg[876]_srl15/CLK
Low Pulse Width   Slow    SRL16E/CLK          n/a            0.980         10.500      9.520      SLICE_X50Y101   h2_blockDesign_i/AudioCodec/U0/audio_ip_v1_1_S00_AXI_inst/lpms3_r/delay_line_reg[877]_srl15/CLK
Low Pulse Width   Slow    SRL16E/CLK          n/a            0.980         10.500      9.520      SLICE_X36Y103   h2_blockDesign_i/AudioCodec/U0/audio_ip_v1_1_S00_AXI_inst/lpms2_l/delay_line_reg[414]_srl7/CLK
Low Pulse Width   Slow    SRL16E/CLK          n/a            0.980         10.500      9.520      SLICE_X36Y103   h2_blockDesign_i/AudioCodec/U0/audio_ip_v1_1_S00_AXI_inst/lpms2_l/delay_line_reg[415]_srl7/CLK
High Pulse Width  Fast    SRL16E/CLK          n/a            0.980         10.500      9.520      SLICE_X50Y101   h2_blockDesign_i/AudioCodec/U0/audio_ip_v1_1_S00_AXI_inst/lpms3_r/delay_line_reg[870]_srl15/CLK
High Pulse Width  Fast    SRL16E/CLK          n/a            0.980         10.500      9.520      SLICE_X50Y101   h2_blockDesign_i/AudioCodec/U0/audio_ip_v1_1_S00_AXI_inst/lpms3_r/delay_line_reg[871]_srl15/CLK
High Pulse Width  Fast    SRL16E/CLK          n/a            0.980         10.500      9.520      SLICE_X50Y101   h2_blockDesign_i/AudioCodec/U0/audio_ip_v1_1_S00_AXI_inst/lpms3_r/delay_line_reg[872]_srl15/CLK
High Pulse Width  Fast    SRL16E/CLK          n/a            0.980         10.500      9.520      SLICE_X50Y101   h2_blockDesign_i/AudioCodec/U0/audio_ip_v1_1_S00_AXI_inst/lpms3_r/delay_line_reg[873]_srl15/CLK
High Pulse Width  Fast    SRL16E/CLK          n/a            0.980         10.500      9.520      SLICE_X50Y101   h2_blockDesign_i/AudioCodec/U0/audio_ip_v1_1_S00_AXI_inst/lpms3_r/delay_line_reg[874]_srl15/CLK
High Pulse Width  Fast    SRL16E/CLK          n/a            0.980         10.500      9.520      SLICE_X50Y101   h2_blockDesign_i/AudioCodec/U0/audio_ip_v1_1_S00_AXI_inst/lpms3_r/delay_line_reg[875]_srl15/CLK
High Pulse Width  Fast    SRL16E/CLK          n/a            0.980         10.500      9.520      SLICE_X50Y101   h2_blockDesign_i/AudioCodec/U0/audio_ip_v1_1_S00_AXI_inst/lpms3_r/delay_line_reg[876]_srl15/CLK
High Pulse Width  Fast    SRL16E/CLK          n/a            0.980         10.500      9.520      SLICE_X50Y101   h2_blockDesign_i/AudioCodec/U0/audio_ip_v1_1_S00_AXI_inst/lpms3_r/delay_line_reg[877]_srl15/CLK
High Pulse Width  Fast    SRL16E/CLK          n/a            0.980         10.500      9.520      SLICE_X50Y109   h2_blockDesign_i/AudioCodec/U0/audio_ip_v1_1_S00_AXI_inst/lpms1_r/delay_line_reg[200]_srl7/CLK
High Pulse Width  Fast    SRL16E/CLK          n/a            0.980         10.500      9.520      SLICE_X54Y95    h2_blockDesign_i/AudioCodec/U0/audio_ip_v1_1_S00_AXI_inst/Inst_adau1761_izedboard/Inst_i2s_data_interface/bclk_delay_reg[2]_srl5/CLK



---------------------------------------------------------------------------------------------------
From Clock:  clk_fpga_0
  To Clock:  clk_fpga_1

Setup :          265  Failing Endpoints,  Worst Slack       -4.031ns,  Total Violation     -834.011ns
Hold  :            0  Failing Endpoints,  Worst Slack        0.081ns,  Total Violation        0.000ns
---------------------------------------------------------------------------------------------------


Max Delay Paths
--------------------------------------------------------------------------------------
Slack (VIOLATED) :        -4.031ns  (required time - arrival time)
  Source:                 h2_blockDesign_i/AudioCodec/U0/audio_ip_v1_1_S00_AXI_inst/slv_reg0_reg[2]_rep/C
                            (rising edge-triggered cell FDRE clocked by clk_fpga_0  {rise@0.000ns fall@4.875ns period=9.750ns})
  Destination:            h2_blockDesign_i/AudioCodec/U0/audio_ip_v1_1_S00_AXI_inst/lpms1_l/total_reg[25]/D
                            (rising edge-triggered cell FDRE clocked by clk_fpga_1  {rise@0.000ns fall@10.500ns period=21.000ns})
  Path Group:             clk_fpga_1
  Path Type:              Setup (Max at Slow Process Corner)
  Requirement:            0.750ns  (clk_fpga_1 rise@147.000ns - clk_fpga_0 rise@146.250ns)
  Data Path Delay:        4.189ns  (logic 2.158ns (51.511%)  route 2.031ns (48.489%))
  Logic Levels:           9  (CARRY4=7 LUT3=1 LUT5=1)
  Clock Path Skew:        -0.305ns (DCD - SCD + CPR)
    Destination Clock Delay (DCD):    2.832ns = ( 149.832 - 147.000 ) 
    Source Clock Delay      (SCD):    3.137ns = ( 149.387 - 146.250 ) 
    Clock Pessimism Removal (CPR):    0.000ns
  Clock Uncertainty:      0.349ns  ((TSJ^2 + TIJ^2)^1/2 + DJ) / 2 + PE
    Total System Jitter     (TSJ):    0.071ns
    Total Input Jitter      (TIJ):    0.695ns
    Discrete Jitter          (DJ):    0.000ns
    Phase Error              (PE):    0.000ns
  Clock Domain Crossing:  Inter clock paths are considered valid unless explicitly excluded by timing constraints such as set_clock_groups or set_false_path.

    Location             Delay type                Incr(ns)  Path(ns)    Netlist Resource(s)
  -------------------------------------------------------------------    -------------------
                         (clock clk_fpga_0 rise edge)
                                                    146.250   146.250 r  
    PS7_X0Y0             PS7                          0.000   146.250 r  h2_blockDesign_i/processing_system7_0/inst/PS7_i/FCLKCLK[0]
                         net (fo=1, routed)           1.193   147.443    h2_blockDesign_i/processing_system7_0/inst/FCLK_CLK_unbuffered[0]
    BUFGCTRL_X0Y16       BUFG (Prop_bufg_I_O)         0.101   147.544 r  h2_blockDesign_i/processing_system7_0/inst/buffer_fclk_clk_0.FCLK_CLK_0_BUFG/O
                         net (fo=1060, routed)        1.843   149.387    h2_blockDesign_i/AudioCodec/U0/audio_ip_v1_1_S00_AXI_inst/s00_axi_aclk
    SLICE_X43Y104        FDRE                                         r  h2_blockDesign_i/AudioCodec/U0/audio_ip_v1_1_S00_AXI_inst/slv_reg0_reg[2]_rep/C
  -------------------------------------------------------------------    -------------------
    SLICE_X43Y104        FDRE (Prop_fdre_C_Q)         0.456   149.843 r  h2_blockDesign_i/AudioCodec/U0/audio_ip_v1_1_S00_AXI_inst/slv_reg0_reg[2]_rep/Q
                         net (fo=121, routed)         1.081   150.924    h2_blockDesign_i/AudioCodec/U0/audio_ip_v1_1_S00_AXI_inst/Inst_adau1761_izedboard/Inst_i2s_data_interface/total_reg[3]
    SLICE_X40Y101        LUT3 (Prop_lut3_I1_O)        0.124   151.048 r  h2_blockDesign_i/AudioCodec/U0/audio_ip_v1_1_S00_AXI_inst/Inst_adau1761_izedboard/Inst_i2s_data_interface/delay_line_reg[174]_srl7_i_1/O
                         net (fo=5, routed)           0.951   151.998    h2_blockDesign_i/AudioCodec/U0/audio_ip_v1_1_S00_AXI_inst/lpms1_l/line_in_l_extended[0]
    SLICE_X37Y100        LUT5 (Prop_lut5_I1_O)        0.124   152.122 r  h2_blockDesign_i/AudioCodec/U0/audio_ip_v1_1_S00_AXI_inst/lpms1_l/total0_carry_i_7/O
                         net (fo=1, routed)           0.000   152.122    h2_blockDesign_i/AudioCodec/U0/audio_ip_v1_1_S00_AXI_inst/lpms1_l/total0_carry_i_7_n_0
    SLICE_X37Y100        CARRY4 (Prop_carry4_S[1]_CO[3])
                                                      0.550   152.672 r  h2_blockDesign_i/AudioCodec/U0/audio_ip_v1_1_S00_AXI_inst/lpms1_l/total0_carry/CO[3]
                         net (fo=1, routed)           0.000   152.672    h2_blockDesign_i/AudioCodec/U0/audio_ip_v1_1_S00_AXI_inst/lpms1_l/total0_carry_n_0
    SLICE_X37Y101        CARRY4 (Prop_carry4_CI_CO[3])
                                                      0.114   152.786 r  h2_blockDesign_i/AudioCodec/U0/audio_ip_v1_1_S00_AXI_inst/lpms1_l/total0_carry__0/CO[3]
                         net (fo=1, routed)           0.000   152.786    h2_blockDesign_i/AudioCodec/U0/audio_ip_v1_1_S00_AXI_inst/lpms1_l/total0_carry__0_n_0
    SLICE_X37Y102        CARRY4 (Prop_carry4_CI_CO[3])
                                                      0.114   152.900 r  h2_blockDesign_i/AudioCodec/U0/audio_ip_v1_1_S00_AXI_inst/lpms1_l/total0_carry__1/CO[3]
                         net (fo=1, routed)           0.000   152.900    h2_blockDesign_i/AudioCodec/U0/audio_ip_v1_1_S00_AXI_inst/lpms1_l/total0_carry__1_n_0
    SLICE_X37Y103        CARRY4 (Prop_carry4_CI_CO[3])
                                                      0.114   153.014 r  h2_blockDesign_i/AudioCodec/U0/audio_ip_v1_1_S00_AXI_inst/lpms1_l/total0_carry__2/CO[3]
                         net (fo=1, routed)           0.000   153.014    h2_blockDesign_i/AudioCodec/U0/audio_ip_v1_1_S00_AXI_inst/lpms1_l/total0_carry__2_n_0
    SLICE_X37Y104        CARRY4 (Prop_carry4_CI_CO[3])
                                                      0.114   153.128 r  h2_blockDesign_i/AudioCodec/U0/audio_ip_v1_1_S00_AXI_inst/lpms1_l/total0_carry__3/CO[3]
                         net (fo=1, routed)           0.000   153.128    h2_blockDesign_i/AudioCodec/U0/audio_ip_v1_1_S00_AXI_inst/lpms1_l/total0_carry__3_n_0
    SLICE_X37Y105        CARRY4 (Prop_carry4_CI_CO[3])
                                                      0.114   153.242 r  h2_blockDesign_i/AudioCodec/U0/audio_ip_v1_1_S00_AXI_inst/lpms1_l/total0_carry__4/CO[3]
                         net (fo=1, routed)           0.000   153.242    h2_blockDesign_i/AudioCodec/U0/audio_ip_v1_1_S00_AXI_inst/lpms1_l/total0_carry__4_n_0
    SLICE_X37Y106        CARRY4 (Prop_carry4_CI_O[1])
                                                      0.334   153.576 r  h2_blockDesign_i/AudioCodec/U0/audio_ip_v1_1_S00_AXI_inst/lpms1_l/total0_carry__5/O[1]
                         net (fo=1, routed)           0.000   153.576    h2_blockDesign_i/AudioCodec/U0/audio_ip_v1_1_S00_AXI_inst/lpms1_l/total0_carry__5_n_6
    SLICE_X37Y106        FDRE                                         r  h2_blockDesign_i/AudioCodec/U0/audio_ip_v1_1_S00_AXI_inst/lpms1_l/total_reg[25]/D
  -------------------------------------------------------------------    -------------------

                         (clock clk_fpga_1 rise edge)
                                                    147.000   147.000 r  
    PS7_X0Y0             PS7                          0.000   147.000 r  h2_blockDesign_i/processing_system7_0/inst/PS7_i/FCLKCLK[1]
                         net (fo=1, routed)           1.088   148.088    h2_blockDesign_i/processing_system7_0/inst/FCLK_CLK_unbuffered[1]
    BUFGCTRL_X0Y17       BUFG (Prop_bufg_I_O)         0.091   148.179 r  h2_blockDesign_i/processing_system7_0/inst/buffer_fclk_clk_1.FCLK_CLK_1_BUFG/O
                         net (fo=645, routed)         1.653   149.832    h2_blockDesign_i/AudioCodec/U0/audio_ip_v1_1_S00_AXI_inst/lpms1_l/clk_48
    SLICE_X37Y106        FDRE                                         r  h2_blockDesign_i/AudioCodec/U0/audio_ip_v1_1_S00_AXI_inst/lpms1_l/total_reg[25]/C
                         clock pessimism              0.000   149.832    
                         clock uncertainty           -0.349   149.483    
    SLICE_X37Y106        FDRE (Setup_fdre_C_D)        0.062   149.545    h2_blockDesign_i/AudioCodec/U0/audio_ip_v1_1_S00_AXI_inst/lpms1_l/total_reg[25]
  -------------------------------------------------------------------
                         required time                        149.545    
                         arrival time                        -153.576    
  -------------------------------------------------------------------
                         slack                                 -4.031    

Slack (VIOLATED) :        -3.941ns  (required time - arrival time)
  Source:                 h2_blockDesign_i/AudioCodec/U0/audio_ip_v1_1_S00_AXI_inst/slv_reg0_reg[2]/C
                            (rising edge-triggered cell FDRE clocked by clk_fpga_0  {rise@0.000ns fall@4.875ns period=9.750ns})
  Destination:            h2_blockDesign_i/AudioCodec/U0/audio_ip_v1_1_S00_AXI_inst/lpms1_r/total_reg[25]/D
                            (rising edge-triggered cell FDRE clocked by clk_fpga_1  {rise@0.000ns fall@10.500ns period=21.000ns})
  Path Group:             clk_fpga_1
  Path Type:              Setup (Max at Slow Process Corner)
  Requirement:            0.750ns  (clk_fpga_1 rise@147.000ns - clk_fpga_0 rise@146.250ns)
  Data Path Delay:        4.108ns  (logic 2.026ns (49.314%)  route 2.082ns (50.686%))
  Logic Levels:           8  (CARRY4=6 LUT3=1 LUT6=1)
  Clock Path Skew:        -0.296ns (DCD - SCD + CPR)
    Destination Clock Delay (DCD):    2.829ns = ( 149.829 - 147.000 ) 
    Source Clock Delay      (SCD):    3.125ns = ( 149.375 - 146.250 ) 
    Clock Pessimism Removal (CPR):    0.000ns
  Clock Uncertainty:      0.349ns  ((TSJ^2 + TIJ^2)^1/2 + DJ) / 2 + PE
    Total System Jitter     (TSJ):    0.071ns
    Total Input Jitter      (TIJ):    0.695ns
    Discrete Jitter          (DJ):    0.000ns
    Phase Error              (PE):    0.000ns
  Clock Domain Crossing:  Inter clock paths are considered valid unless explicitly excluded by timing constraints such as set_clock_groups or set_false_path.

    Location             Delay type                Incr(ns)  Path(ns)    Netlist Resource(s)
  -------------------------------------------------------------------    -------------------
                         (clock clk_fpga_0 rise edge)
                                                    146.250   146.250 r  
    PS7_X0Y0             PS7                          0.000   146.250 r  h2_blockDesign_i/processing_system7_0/inst/PS7_i/FCLKCLK[0]
                         net (fo=1, routed)           1.193   147.443    h2_blockDesign_i/processing_system7_0/inst/FCLK_CLK_unbuffered[0]
    BUFGCTRL_X0Y16       BUFG (Prop_bufg_I_O)         0.101   147.544 r  h2_blockDesign_i/processing_system7_0/inst/buffer_fclk_clk_0.FCLK_CLK_0_BUFG/O
                         net (fo=1060, routed)        1.831   149.375    h2_blockDesign_i/AudioCodec/U0/audio_ip_v1_1_S00_AXI_inst/s00_axi_aclk
    SLICE_X52Y103        FDRE                                         r  h2_blockDesign_i/AudioCodec/U0/audio_ip_v1_1_S00_AXI_inst/slv_reg0_reg[2]/C
  -------------------------------------------------------------------    -------------------
    SLICE_X52Y103        FDRE (Prop_fdre_C_Q)         0.456   149.831 r  h2_blockDesign_i/AudioCodec/U0/audio_ip_v1_1_S00_AXI_inst/slv_reg0_reg[2]/Q
                         net (fo=121, routed)         0.859   150.690    h2_blockDesign_i/AudioCodec/U0/audio_ip_v1_1_S00_AXI_inst/Inst_adau1761_izedboard/Inst_i2s_data_interface/delay_line_reg[229]__0_0[0]
    SLICE_X53Y104        LUT3 (Prop_lut3_I1_O)        0.124   150.814 r  h2_blockDesign_i/AudioCodec/U0/audio_ip_v1_1_S00_AXI_inst/Inst_adau1761_izedboard/Inst_i2s_data_interface/delay_line_reg[178]_srl7_i_1__0/O
                         net (fo=8, routed)           1.223   152.037    h2_blockDesign_i/AudioCodec/U0/audio_ip_v1_1_S00_AXI_inst/lpms1_r/line_in_r_extended[4]
    SLICE_X49Y103        LUT6 (Prop_lut6_I4_O)        0.124   152.161 r  h2_blockDesign_i/AudioCodec/U0/audio_ip_v1_1_S00_AXI_inst/lpms1_r/total0_carry__0_i_8__0/O
                         net (fo=1, routed)           0.000   152.161    h2_blockDesign_i/AudioCodec/U0/audio_ip_v1_1_S00_AXI_inst/lpms1_r/total0_carry__0_i_8__0_n_0
    SLICE_X49Y103        CARRY4 (Prop_carry4_S[0]_CO[3])
                                                      0.532   152.693 r  h2_blockDesign_i/AudioCodec/U0/audio_ip_v1_1_S00_AXI_inst/lpms1_r/total0_carry__0/CO[3]
                         net (fo=1, routed)           0.000   152.693    h2_blockDesign_i/AudioCodec/U0/audio_ip_v1_1_S00_AXI_inst/lpms1_r/total0_carry__0_n_0
    SLICE_X49Y104        CARRY4 (Prop_carry4_CI_CO[3])
                                                      0.114   152.807 r  h2_blockDesign_i/AudioCodec/U0/audio_ip_v1_1_S00_AXI_inst/lpms1_r/total0_carry__1/CO[3]
                         net (fo=1, routed)           0.000   152.807    h2_blockDesign_i/AudioCodec/U0/audio_ip_v1_1_S00_AXI_inst/lpms1_r/total0_carry__1_n_0
    SLICE_X49Y105        CARRY4 (Prop_carry4_CI_CO[3])
                                                      0.114   152.921 r  h2_blockDesign_i/AudioCodec/U0/audio_ip_v1_1_S00_AXI_inst/lpms1_r/total0_carry__2/CO[3]
                         net (fo=1, routed)           0.000   152.921    h2_blockDesign_i/AudioCodec/U0/audio_ip_v1_1_S00_AXI_inst/lpms1_r/total0_carry__2_n_0
    SLICE_X49Y106        CARRY4 (Prop_carry4_CI_CO[3])
                                                      0.114   153.035 r  h2_blockDesign_i/AudioCodec/U0/audio_ip_v1_1_S00_AXI_inst/lpms1_r/total0_carry__3/CO[3]
                         net (fo=1, routed)           0.000   153.035    h2_blockDesign_i/AudioCodec/U0/audio_ip_v1_1_S00_AXI_inst/lpms1_r/total0_carry__3_n_0
    SLICE_X49Y107        CARRY4 (Prop_carry4_CI_CO[3])
                                                      0.114   153.149 r  h2_blockDesign_i/AudioCodec/U0/audio_ip_v1_1_S00_AXI_inst/lpms1_r/total0_carry__4/CO[3]
                         net (fo=1, routed)           0.000   153.149    h2_blockDesign_i/AudioCodec/U0/audio_ip_v1_1_S00_AXI_inst/lpms1_r/total0_carry__4_n_0
    SLICE_X49Y108        CARRY4 (Prop_carry4_CI_O[1])
                                                      0.334   153.483 r  h2_blockDesign_i/AudioCodec/U0/audio_ip_v1_1_S00_AXI_inst/lpms1_r/total0_carry__5/O[1]
                         net (fo=1, routed)           0.000   153.483    h2_blockDesign_i/AudioCodec/U0/audio_ip_v1_1_S00_AXI_inst/lpms1_r/total0_carry__5_n_6
    SLICE_X49Y108        FDRE                                         r  h2_blockDesign_i/AudioCodec/U0/audio_ip_v1_1_S00_AXI_inst/lpms1_r/total_reg[25]/D
  -------------------------------------------------------------------    -------------------

                         (clock clk_fpga_1 rise edge)
                                                    147.000   147.000 r  
    PS7_X0Y0             PS7                          0.000   147.000 r  h2_blockDesign_i/processing_system7_0/inst/PS7_i/FCLKCLK[1]
                         net (fo=1, routed)           1.088   148.088    h2_blockDesign_i/processing_system7_0/inst/FCLK_CLK_unbuffered[1]
    BUFGCTRL_X0Y17       BUFG (Prop_bufg_I_O)         0.091   148.179 r  h2_blockDesign_i/processing_system7_0/inst/buffer_fclk_clk_1.FCLK_CLK_1_BUFG/O
                         net (fo=645, routed)         1.650   149.829    h2_blockDesign_i/AudioCodec/U0/audio_ip_v1_1_S00_AXI_inst/lpms1_r/clk_48
    SLICE_X49Y108        FDRE                                         r  h2_blockDesign_i/AudioCodec/U0/audio_ip_v1_1_S00_AXI_inst/lpms1_r/total_reg[25]/C
                         clock pessimism              0.000   149.829    
                         clock uncertainty           -0.349   149.480    
    SLICE_X49Y108        FDRE (Setup_fdre_C_D)        0.062   149.542    h2_blockDesign_i/AudioCodec/U0/audio_ip_v1_1_S00_AXI_inst/lpms1_r/total_reg[25]
  -------------------------------------------------------------------
                         required time                        149.542    
                         arrival time                        -153.483    
  -------------------------------------------------------------------
                         slack                                 -3.941    

Slack (VIOLATED) :        -3.936ns  (required time - arrival time)
  Source:                 h2_blockDesign_i/AudioCodec/U0/audio_ip_v1_1_S00_AXI_inst/slv_reg0_reg[2]_rep/C
                            (rising edge-triggered cell FDRE clocked by clk_fpga_0  {rise@0.000ns fall@4.875ns period=9.750ns})
  Destination:            h2_blockDesign_i/AudioCodec/U0/audio_ip_v1_1_S00_AXI_inst/lpms1_l/total_reg[26]/D
                            (rising edge-triggered cell FDRE clocked by clk_fpga_1  {rise@0.000ns fall@10.500ns period=21.000ns})
  Path Group:             clk_fpga_1
  Path Type:              Setup (Max at Slow Process Corner)
  Requirement:            0.750ns  (clk_fpga_1 rise@147.000ns - clk_fpga_0 rise@146.250ns)
  Data Path Delay:        4.094ns  (logic 2.063ns (50.386%)  route 2.031ns (49.614%))
  Logic Levels:           9  (CARRY4=7 LUT3=1 LUT5=1)
  Clock Path Skew:        -0.305ns (DCD - SCD + CPR)
    Destination Clock Delay (DCD):    2.832ns = ( 149.832 - 147.000 ) 
    Source Clock Delay      (SCD):    3.137ns = ( 149.387 - 146.250 ) 
    Clock Pessimism Removal (CPR):    0.000ns
  Clock Uncertainty:      0.349ns  ((TSJ^2 + TIJ^2)^1/2 + DJ) / 2 + PE
    Total System Jitter     (TSJ):    0.071ns
    Total Input Jitter      (TIJ):    0.695ns
    Discrete Jitter          (DJ):    0.000ns
    Phase Error              (PE):    0.000ns
  Clock Domain Crossing:  Inter clock paths are considered valid unless explicitly excluded by timing constraints such as set_clock_groups or set_false_path.

    Location             Delay type                Incr(ns)  Path(ns)    Netlist Resource(s)
  -------------------------------------------------------------------    -------------------
                         (clock clk_fpga_0 rise edge)
                                                    146.250   146.250 r  
    PS7_X0Y0             PS7                          0.000   146.250 r  h2_blockDesign_i/processing_system7_0/inst/PS7_i/FCLKCLK[0]
                         net (fo=1, routed)           1.193   147.443    h2_blockDesign_i/processing_system7_0/inst/FCLK_CLK_unbuffered[0]
    BUFGCTRL_X0Y16       BUFG (Prop_bufg_I_O)         0.101   147.544 r  h2_blockDesign_i/processing_system7_0/inst/buffer_fclk_clk_0.FCLK_CLK_0_BUFG/O
                         net (fo=1060, routed)        1.843   149.387    h2_blockDesign_i/AudioCodec/U0/audio_ip_v1_1_S00_AXI_inst/s00_axi_aclk
    SLICE_X43Y104        FDRE                                         r  h2_blockDesign_i/AudioCodec/U0/audio_ip_v1_1_S00_AXI_inst/slv_reg0_reg[2]_rep/C
  -------------------------------------------------------------------    -------------------
    SLICE_X43Y104        FDRE (Prop_fdre_C_Q)         0.456   149.843 r  h2_blockDesign_i/AudioCodec/U0/audio_ip_v1_1_S00_AXI_inst/slv_reg0_reg[2]_rep/Q
                         net (fo=121, routed)         1.081   150.924    h2_blockDesign_i/AudioCodec/U0/audio_ip_v1_1_S00_AXI_inst/Inst_adau1761_izedboard/Inst_i2s_data_interface/total_reg[3]
    SLICE_X40Y101        LUT3 (Prop_lut3_I1_O)        0.124   151.048 r  h2_blockDesign_i/AudioCodec/U0/audio_ip_v1_1_S00_AXI_inst/Inst_adau1761_izedboard/Inst_i2s_data_interface/delay_line_reg[174]_srl7_i_1/O
                         net (fo=5, routed)           0.951   151.998    h2_blockDesign_i/AudioCodec/U0/audio_ip_v1_1_S00_AXI_inst/lpms1_l/line_in_l_extended[0]
    SLICE_X37Y100        LUT5 (Prop_lut5_I1_O)        0.124   152.122 r  h2_blockDesign_i/AudioCodec/U0/audio_ip_v1_1_S00_AXI_inst/lpms1_l/total0_carry_i_7/O
                         net (fo=1, routed)           0.000   152.122    h2_blockDesign_i/AudioCodec/U0/audio_ip_v1_1_S00_AXI_inst/lpms1_l/total0_carry_i_7_n_0
    SLICE_X37Y100        CARRY4 (Prop_carry4_S[1]_CO[3])
                                                      0.550   152.672 r  h2_blockDesign_i/AudioCodec/U0/audio_ip_v1_1_S00_AXI_inst/lpms1_l/total0_carry/CO[3]
                         net (fo=1, routed)           0.000   152.672    h2_blockDesign_i/AudioCodec/U0/audio_ip_v1_1_S00_AXI_inst/lpms1_l/total0_carry_n_0
    SLICE_X37Y101        CARRY4 (Prop_carry4_CI_CO[3])
                                                      0.114   152.786 r  h2_blockDesign_i/AudioCodec/U0/audio_ip_v1_1_S00_AXI_inst/lpms1_l/total0_carry__0/CO[3]
                         net (fo=1, routed)           0.000   152.786    h2_blockDesign_i/AudioCodec/U0/audio_ip_v1_1_S00_AXI_inst/lpms1_l/total0_carry__0_n_0
    SLICE_X37Y102        CARRY4 (Prop_carry4_CI_CO[3])
                                                      0.114   152.900 r  h2_blockDesign_i/AudioCodec/U0/audio_ip_v1_1_S00_AXI_inst/lpms1_l/total0_carry__1/CO[3]
                         net (fo=1, routed)           0.000   152.900    h2_blockDesign_i/AudioCodec/U0/audio_ip_v1_1_S00_AXI_inst/lpms1_l/total0_carry__1_n_0
    SLICE_X37Y103        CARRY4 (Prop_carry4_CI_CO[3])
                                                      0.114   153.014 r  h2_blockDesign_i/AudioCodec/U0/audio_ip_v1_1_S00_AXI_inst/lpms1_l/total0_carry__2/CO[3]
                         net (fo=1, routed)           0.000   153.014    h2_blockDesign_i/AudioCodec/U0/audio_ip_v1_1_S00_AXI_inst/lpms1_l/total0_carry__2_n_0
    SLICE_X37Y104        CARRY4 (Prop_carry4_CI_CO[3])
                                                      0.114   153.128 r  h2_blockDesign_i/AudioCodec/U0/audio_ip_v1_1_S00_AXI_inst/lpms1_l/total0_carry__3/CO[3]
                         net (fo=1, routed)           0.000   153.128    h2_blockDesign_i/AudioCodec/U0/audio_ip_v1_1_S00_AXI_inst/lpms1_l/total0_carry__3_n_0
    SLICE_X37Y105        CARRY4 (Prop_carry4_CI_CO[3])
                                                      0.114   153.242 r  h2_blockDesign_i/AudioCodec/U0/audio_ip_v1_1_S00_AXI_inst/lpms1_l/total0_carry__4/CO[3]
                         net (fo=1, routed)           0.000   153.242    h2_blockDesign_i/AudioCodec/U0/audio_ip_v1_1_S00_AXI_inst/lpms1_l/total0_carry__4_n_0
    SLICE_X37Y106        CARRY4 (Prop_carry4_CI_O[2])
                                                      0.239   153.481 r  h2_blockDesign_i/AudioCodec/U0/audio_ip_v1_1_S00_AXI_inst/lpms1_l/total0_carry__5/O[2]
                         net (fo=1, routed)           0.000   153.481    h2_blockDesign_i/AudioCodec/U0/audio_ip_v1_1_S00_AXI_inst/lpms1_l/total0_carry__5_n_5
    SLICE_X37Y106        FDRE                                         r  h2_blockDesign_i/AudioCodec/U0/audio_ip_v1_1_S00_AXI_inst/lpms1_l/total_reg[26]/D
  -------------------------------------------------------------------    -------------------

                         (clock clk_fpga_1 rise edge)
                                                    147.000   147.000 r  
    PS7_X0Y0             PS7                          0.000   147.000 r  h2_blockDesign_i/processing_system7_0/inst/PS7_i/FCLKCLK[1]
                         net (fo=1, routed)           1.088   148.088    h2_blockDesign_i/processing_system7_0/inst/FCLK_CLK_unbuffered[1]
    BUFGCTRL_X0Y17       BUFG (Prop_bufg_I_O)         0.091   148.179 r  h2_blockDesign_i/processing_system7_0/inst/buffer_fclk_clk_1.FCLK_CLK_1_BUFG/O
                         net (fo=645, routed)         1.653   149.832    h2_blockDesign_i/AudioCodec/U0/audio_ip_v1_1_S00_AXI_inst/lpms1_l/clk_48
    SLICE_X37Y106        FDRE                                         r  h2_blockDesign_i/AudioCodec/U0/audio_ip_v1_1_S00_AXI_inst/lpms1_l/total_reg[26]/C
                         clock pessimism              0.000   149.832    
                         clock uncertainty           -0.349   149.483    
    SLICE_X37Y106        FDRE (Setup_fdre_C_D)        0.062   149.545    h2_blockDesign_i/AudioCodec/U0/audio_ip_v1_1_S00_AXI_inst/lpms1_l/total_reg[26]
  -------------------------------------------------------------------
                         required time                        149.545    
                         arrival time                        -153.481    
  -------------------------------------------------------------------
                         slack                                 -3.936    

Slack (VIOLATED) :        -3.920ns  (required time - arrival time)
  Source:                 h2_blockDesign_i/AudioCodec/U0/audio_ip_v1_1_S00_AXI_inst/slv_reg0_reg[2]_rep/C
                            (rising edge-triggered cell FDRE clocked by clk_fpga_0  {rise@0.000ns fall@4.875ns period=9.750ns})
  Destination:            h2_blockDesign_i/AudioCodec/U0/audio_ip_v1_1_S00_AXI_inst/lpms1_l/total_reg[24]/D
                            (rising edge-triggered cell FDRE clocked by clk_fpga_1  {rise@0.000ns fall@10.500ns period=21.000ns})
  Path Group:             clk_fpga_1
  Path Type:              Setup (Max at Slow Process Corner)
  Requirement:            0.750ns  (clk_fpga_1 rise@147.000ns - clk_fpga_0 rise@146.250ns)
  Data Path Delay:        4.078ns  (logic 2.047ns (50.191%)  route 2.031ns (49.809%))
  Logic Levels:           9  (CARRY4=7 LUT3=1 LUT5=1)
  Clock Path Skew:        -0.305ns (DCD - SCD + CPR)
    Destination Clock Delay (DCD):    2.832ns = ( 149.832 - 147.000 ) 
    Source Clock Delay      (SCD):    3.137ns = ( 149.387 - 146.250 ) 
    Clock Pessimism Removal (CPR):    0.000ns
  Clock Uncertainty:      0.349ns  ((TSJ^2 + TIJ^2)^1/2 + DJ) / 2 + PE
    Total System Jitter     (TSJ):    0.071ns
    Total Input Jitter      (TIJ):    0.695ns
    Discrete Jitter          (DJ):    0.000ns
    Phase Error              (PE):    0.000ns
  Clock Domain Crossing:  Inter clock paths are considered valid unless explicitly excluded by timing constraints such as set_clock_groups or set_false_path.

    Location             Delay type                Incr(ns)  Path(ns)    Netlist Resource(s)
  -------------------------------------------------------------------    -------------------
                         (clock clk_fpga_0 rise edge)
                                                    146.250   146.250 r  
    PS7_X0Y0             PS7                          0.000   146.250 r  h2_blockDesign_i/processing_system7_0/inst/PS7_i/FCLKCLK[0]
                         net (fo=1, routed)           1.193   147.443    h2_blockDesign_i/processing_system7_0/inst/FCLK_CLK_unbuffered[0]
    BUFGCTRL_X0Y16       BUFG (Prop_bufg_I_O)         0.101   147.544 r  h2_blockDesign_i/processing_system7_0/inst/buffer_fclk_clk_0.FCLK_CLK_0_BUFG/O
                         net (fo=1060, routed)        1.843   149.387    h2_blockDesign_i/AudioCodec/U0/audio_ip_v1_1_S00_AXI_inst/s00_axi_aclk
    SLICE_X43Y104        FDRE                                         r  h2_blockDesign_i/AudioCodec/U0/audio_ip_v1_1_S00_AXI_inst/slv_reg0_reg[2]_rep/C
  -------------------------------------------------------------------    -------------------
    SLICE_X43Y104        FDRE (Prop_fdre_C_Q)         0.456   149.843 r  h2_blockDesign_i/AudioCodec/U0/audio_ip_v1_1_S00_AXI_inst/slv_reg0_reg[2]_rep/Q
                         net (fo=121, routed)         1.081   150.924    h2_blockDesign_i/AudioCodec/U0/audio_ip_v1_1_S00_AXI_inst/Inst_adau1761_izedboard/Inst_i2s_data_interface/total_reg[3]
    SLICE_X40Y101        LUT3 (Prop_lut3_I1_O)        0.124   151.048 r  h2_blockDesign_i/AudioCodec/U0/audio_ip_v1_1_S00_AXI_inst/Inst_adau1761_izedboard/Inst_i2s_data_interface/delay_line_reg[174]_srl7_i_1/O
                         net (fo=5, routed)           0.951   151.998    h2_blockDesign_i/AudioCodec/U0/audio_ip_v1_1_S00_AXI_inst/lpms1_l/line_in_l_extended[0]
    SLICE_X37Y100        LUT5 (Prop_lut5_I1_O)        0.124   152.122 r  h2_blockDesign_i/AudioCodec/U0/audio_ip_v1_1_S00_AXI_inst/lpms1_l/total0_carry_i_7/O
                         net (fo=1, routed)           0.000   152.122    h2_blockDesign_i/AudioCodec/U0/audio_ip_v1_1_S00_AXI_inst/lpms1_l/total0_carry_i_7_n_0
    SLICE_X37Y100        CARRY4 (Prop_carry4_S[1]_CO[3])
                                                      0.550   152.672 r  h2_blockDesign_i/AudioCodec/U0/audio_ip_v1_1_S00_AXI_inst/lpms1_l/total0_carry/CO[3]
                         net (fo=1, routed)           0.000   152.672    h2_blockDesign_i/AudioCodec/U0/audio_ip_v1_1_S00_AXI_inst/lpms1_l/total0_carry_n_0
    SLICE_X37Y101        CARRY4 (Prop_carry4_CI_CO[3])
                                                      0.114   152.786 r  h2_blockDesign_i/AudioCodec/U0/audio_ip_v1_1_S00_AXI_inst/lpms1_l/total0_carry__0/CO[3]
                         net (fo=1, routed)           0.000   152.786    h2_blockDesign_i/AudioCodec/U0/audio_ip_v1_1_S00_AXI_inst/lpms1_l/total0_carry__0_n_0
    SLICE_X37Y102        CARRY4 (Prop_carry4_CI_CO[3])
                                                      0.114   152.900 r  h2_blockDesign_i/AudioCodec/U0/audio_ip_v1_1_S00_AXI_inst/lpms1_l/total0_carry__1/CO[3]
                         net (fo=1, routed)           0.000   152.900    h2_blockDesign_i/AudioCodec/U0/audio_ip_v1_1_S00_AXI_inst/lpms1_l/total0_carry__1_n_0
    SLICE_X37Y103        CARRY4 (Prop_carry4_CI_CO[3])
                                                      0.114   153.014 r  h2_blockDesign_i/AudioCodec/U0/audio_ip_v1_1_S00_AXI_inst/lpms1_l/total0_carry__2/CO[3]
                         net (fo=1, routed)           0.000   153.014    h2_blockDesign_i/AudioCodec/U0/audio_ip_v1_1_S00_AXI_inst/lpms1_l/total0_carry__2_n_0
    SLICE_X37Y104        CARRY4 (Prop_carry4_CI_CO[3])
                                                      0.114   153.128 r  h2_blockDesign_i/AudioCodec/U0/audio_ip_v1_1_S00_AXI_inst/lpms1_l/total0_carry__3/CO[3]
                         net (fo=1, routed)           0.000   153.128    h2_blockDesign_i/AudioCodec/U0/audio_ip_v1_1_S00_AXI_inst/lpms1_l/total0_carry__3_n_0
    SLICE_X37Y105        CARRY4 (Prop_carry4_CI_CO[3])
                                                      0.114   153.242 r  h2_blockDesign_i/AudioCodec/U0/audio_ip_v1_1_S00_AXI_inst/lpms1_l/total0_carry__4/CO[3]
                         net (fo=1, routed)           0.000   153.242    h2_blockDesign_i/AudioCodec/U0/audio_ip_v1_1_S00_AXI_inst/lpms1_l/total0_carry__4_n_0
    SLICE_X37Y106        CARRY4 (Prop_carry4_CI_O[0])
                                                      0.223   153.465 r  h2_blockDesign_i/AudioCodec/U0/audio_ip_v1_1_S00_AXI_inst/lpms1_l/total0_carry__5/O[0]
                         net (fo=1, routed)           0.000   153.465    h2_blockDesign_i/AudioCodec/U0/audio_ip_v1_1_S00_AXI_inst/lpms1_l/total0_carry__5_n_7
    SLICE_X37Y106        FDRE                                         r  h2_blockDesign_i/AudioCodec/U0/audio_ip_v1_1_S00_AXI_inst/lpms1_l/total_reg[24]/D
  -------------------------------------------------------------------    -------------------

                         (clock clk_fpga_1 rise edge)
                                                    147.000   147.000 r  
    PS7_X0Y0             PS7                          0.000   147.000 r  h2_blockDesign_i/processing_system7_0/inst/PS7_i/FCLKCLK[1]
                         net (fo=1, routed)           1.088   148.088    h2_blockDesign_i/processing_system7_0/inst/FCLK_CLK_unbuffered[1]
    BUFGCTRL_X0Y17       BUFG (Prop_bufg_I_O)         0.091   148.179 r  h2_blockDesign_i/processing_system7_0/inst/buffer_fclk_clk_1.FCLK_CLK_1_BUFG/O
                         net (fo=645, routed)         1.653   149.832    h2_blockDesign_i/AudioCodec/U0/audio_ip_v1_1_S00_AXI_inst/lpms1_l/clk_48
    SLICE_X37Y106        FDRE                                         r  h2_blockDesign_i/AudioCodec/U0/audio_ip_v1_1_S00_AXI_inst/lpms1_l/total_reg[24]/C
                         clock pessimism              0.000   149.832    
                         clock uncertainty           -0.349   149.483    
    SLICE_X37Y106        FDRE (Setup_fdre_C_D)        0.062   149.545    h2_blockDesign_i/AudioCodec/U0/audio_ip_v1_1_S00_AXI_inst/lpms1_l/total_reg[24]
  -------------------------------------------------------------------
                         required time                        149.545    
                         arrival time                        -153.465    
  -------------------------------------------------------------------
                         slack                                 -3.920    

Slack (VIOLATED) :        -3.917ns  (required time - arrival time)
  Source:                 h2_blockDesign_i/AudioCodec/U0/audio_ip_v1_1_S00_AXI_inst/slv_reg0_reg[2]_rep/C
                            (rising edge-triggered cell FDRE clocked by clk_fpga_0  {rise@0.000ns fall@4.875ns period=9.750ns})
  Destination:            h2_blockDesign_i/AudioCodec/U0/audio_ip_v1_1_S00_AXI_inst/lpms1_l/total_reg[21]/D
                            (rising edge-triggered cell FDRE clocked by clk_fpga_1  {rise@0.000ns fall@10.500ns period=21.000ns})
  Path Group:             clk_fpga_1
  Path Type:              Setup (Max at Slow Process Corner)
  Requirement:            0.750ns  (clk_fpga_1 rise@147.000ns - clk_fpga_0 rise@146.250ns)
  Data Path Delay:        4.075ns  (logic 2.044ns (50.154%)  route 2.031ns (49.846%))
  Logic Levels:           8  (CARRY4=6 LUT3=1 LUT5=1)
  Clock Path Skew:        -0.305ns (DCD - SCD + CPR)
    Destination Clock Delay (DCD):    2.832ns = ( 149.832 - 147.000 ) 
    Source Clock Delay      (SCD):    3.137ns = ( 149.387 - 146.250 ) 
    Clock Pessimism Removal (CPR):    0.000ns
  Clock Uncertainty:      0.349ns  ((TSJ^2 + TIJ^2)^1/2 + DJ) / 2 + PE
    Total System Jitter     (TSJ):    0.071ns
    Total Input Jitter      (TIJ):    0.695ns
    Discrete Jitter          (DJ):    0.000ns
    Phase Error              (PE):    0.000ns
  Clock Domain Crossing:  Inter clock paths are considered valid unless explicitly excluded by timing constraints such as set_clock_groups or set_false_path.

    Location             Delay type                Incr(ns)  Path(ns)    Netlist Resource(s)
  -------------------------------------------------------------------    -------------------
                         (clock clk_fpga_0 rise edge)
                                                    146.250   146.250 r  
    PS7_X0Y0             PS7                          0.000   146.250 r  h2_blockDesign_i/processing_system7_0/inst/PS7_i/FCLKCLK[0]
                         net (fo=1, routed)           1.193   147.443    h2_blockDesign_i/processing_system7_0/inst/FCLK_CLK_unbuffered[0]
    BUFGCTRL_X0Y16       BUFG (Prop_bufg_I_O)         0.101   147.544 r  h2_blockDesign_i/processing_system7_0/inst/buffer_fclk_clk_0.FCLK_CLK_0_BUFG/O
                         net (fo=1060, routed)        1.843   149.387    h2_blockDesign_i/AudioCodec/U0/audio_ip_v1_1_S00_AXI_inst/s00_axi_aclk
    SLICE_X43Y104        FDRE                                         r  h2_blockDesign_i/AudioCodec/U0/audio_ip_v1_1_S00_AXI_inst/slv_reg0_reg[2]_rep/C
  -------------------------------------------------------------------    -------------------
    SLICE_X43Y104        FDRE (Prop_fdre_C_Q)         0.456   149.843 r  h2_blockDesign_i/AudioCodec/U0/audio_ip_v1_1_S00_AXI_inst/slv_reg0_reg[2]_rep/Q
                         net (fo=121, routed)         1.081   150.924    h2_blockDesign_i/AudioCodec/U0/audio_ip_v1_1_S00_AXI_inst/Inst_adau1761_izedboard/Inst_i2s_data_interface/total_reg[3]
    SLICE_X40Y101        LUT3 (Prop_lut3_I1_O)        0.124   151.048 r  h2_blockDesign_i/AudioCodec/U0/audio_ip_v1_1_S00_AXI_inst/Inst_adau1761_izedboard/Inst_i2s_data_interface/delay_line_reg[174]_srl7_i_1/O
                         net (fo=5, routed)           0.951   151.998    h2_blockDesign_i/AudioCodec/U0/audio_ip_v1_1_S00_AXI_inst/lpms1_l/line_in_l_extended[0]
    SLICE_X37Y100        LUT5 (Prop_lut5_I1_O)        0.124   152.122 r  h2_blockDesign_i/AudioCodec/U0/audio_ip_v1_1_S00_AXI_inst/lpms1_l/total0_carry_i_7/O
                         net (fo=1, routed)           0.000   152.122    h2_blockDesign_i/AudioCodec/U0/audio_ip_v1_1_S00_AXI_inst/lpms1_l/total0_carry_i_7_n_0
    SLICE_X37Y100        CARRY4 (Prop_carry4_S[1]_CO[3])
                                                      0.550   152.672 r  h2_blockDesign_i/AudioCodec/U0/audio_ip_v1_1_S00_AXI_inst/lpms1_l/total0_carry/CO[3]
                         net (fo=1, routed)           0.000   152.672    h2_blockDesign_i/AudioCodec/U0/audio_ip_v1_1_S00_AXI_inst/lpms1_l/total0_carry_n_0
    SLICE_X37Y101        CARRY4 (Prop_carry4_CI_CO[3])
                                                      0.114   152.786 r  h2_blockDesign_i/AudioCodec/U0/audio_ip_v1_1_S00_AXI_inst/lpms1_l/total0_carry__0/CO[3]
                         net (fo=1, routed)           0.000   152.786    h2_blockDesign_i/AudioCodec/U0/audio_ip_v1_1_S00_AXI_inst/lpms1_l/total0_carry__0_n_0
    SLICE_X37Y102        CARRY4 (Prop_carry4_CI_CO[3])
                                                      0.114   152.900 r  h2_blockDesign_i/AudioCodec/U0/audio_ip_v1_1_S00_AXI_inst/lpms1_l/total0_carry__1/CO[3]
                         net (fo=1, routed)           0.000   152.900    h2_blockDesign_i/AudioCodec/U0/audio_ip_v1_1_S00_AXI_inst/lpms1_l/total0_carry__1_n_0
    SLICE_X37Y103        CARRY4 (Prop_carry4_CI_CO[3])
                                                      0.114   153.014 r  h2_blockDesign_i/AudioCodec/U0/audio_ip_v1_1_S00_AXI_inst/lpms1_l/total0_carry__2/CO[3]
                         net (fo=1, routed)           0.000   153.014    h2_blockDesign_i/AudioCodec/U0/audio_ip_v1_1_S00_AXI_inst/lpms1_l/total0_carry__2_n_0
    SLICE_X37Y104        CARRY4 (Prop_carry4_CI_CO[3])
                                                      0.114   153.128 r  h2_blockDesign_i/AudioCodec/U0/audio_ip_v1_1_S00_AXI_inst/lpms1_l/total0_carry__3/CO[3]
                         net (fo=1, routed)           0.000   153.128    h2_blockDesign_i/AudioCodec/U0/audio_ip_v1_1_S00_AXI_inst/lpms1_l/total0_carry__3_n_0
    SLICE_X37Y105        CARRY4 (Prop_carry4_CI_O[1])
                                                      0.334   153.462 r  h2_blockDesign_i/AudioCodec/U0/audio_ip_v1_1_S00_AXI_inst/lpms1_l/total0_carry__4/O[1]
                         net (fo=1, routed)           0.000   153.462    h2_blockDesign_i/AudioCodec/U0/audio_ip_v1_1_S00_AXI_inst/lpms1_l/total0_carry__4_n_6
    SLICE_X37Y105        FDRE                                         r  h2_blockDesign_i/AudioCodec/U0/audio_ip_v1_1_S00_AXI_inst/lpms1_l/total_reg[21]/D
  -------------------------------------------------------------------    -------------------

                         (clock clk_fpga_1 rise edge)
                                                    147.000   147.000 r  
    PS7_X0Y0             PS7                          0.000   147.000 r  h2_blockDesign_i/processing_system7_0/inst/PS7_i/FCLKCLK[1]
                         net (fo=1, routed)           1.088   148.088    h2_blockDesign_i/processing_system7_0/inst/FCLK_CLK_unbuffered[1]
    BUFGCTRL_X0Y17       BUFG (Prop_bufg_I_O)         0.091   148.179 r  h2_blockDesign_i/processing_system7_0/inst/buffer_fclk_clk_1.FCLK_CLK_1_BUFG/O
                         net (fo=645, routed)         1.653   149.832    h2_blockDesign_i/AudioCodec/U0/audio_ip_v1_1_S00_AXI_inst/lpms1_l/clk_48
    SLICE_X37Y105        FDRE                                         r  h2_blockDesign_i/AudioCodec/U0/audio_ip_v1_1_S00_AXI_inst/lpms1_l/total_reg[21]/C
                         clock pessimism              0.000   149.832    
                         clock uncertainty           -0.349   149.483    
    SLICE_X37Y105        FDRE (Setup_fdre_C_D)        0.062   149.545    h2_blockDesign_i/AudioCodec/U0/audio_ip_v1_1_S00_AXI_inst/lpms1_l/total_reg[21]
  -------------------------------------------------------------------
                         required time                        149.545    
                         arrival time                        -153.462    
  -------------------------------------------------------------------
                         slack                                 -3.917    

Slack (VIOLATED) :        -3.896ns  (required time - arrival time)
  Source:                 h2_blockDesign_i/AudioCodec/U0/audio_ip_v1_1_S00_AXI_inst/slv_reg0_reg[2]_rep/C
                            (rising edge-triggered cell FDRE clocked by clk_fpga_0  {rise@0.000ns fall@4.875ns period=9.750ns})
  Destination:            h2_blockDesign_i/AudioCodec/U0/audio_ip_v1_1_S00_AXI_inst/lpms1_l/total_reg[23]/D
                            (rising edge-triggered cell FDRE clocked by clk_fpga_1  {rise@0.000ns fall@10.500ns period=21.000ns})
  Path Group:             clk_fpga_1
  Path Type:              Setup (Max at Slow Process Corner)
  Requirement:            0.750ns  (clk_fpga_1 rise@147.000ns - clk_fpga_0 rise@146.250ns)
  Data Path Delay:        4.054ns  (logic 2.023ns (49.896%)  route 2.031ns (50.104%))
  Logic Levels:           8  (CARRY4=6 LUT3=1 LUT5=1)
  Clock Path Skew:        -0.305ns (DCD - SCD + CPR)
    Destination Clock Delay (DCD):    2.832ns = ( 149.832 - 147.000 ) 
    Source Clock Delay      (SCD):    3.137ns = ( 149.387 - 146.250 ) 
    Clock Pessimism Removal (CPR):    0.000ns
  Clock Uncertainty:      0.349ns  ((TSJ^2 + TIJ^2)^1/2 + DJ) / 2 + PE
    Total System Jitter     (TSJ):    0.071ns
    Total Input Jitter      (TIJ):    0.695ns
    Discrete Jitter          (DJ):    0.000ns
    Phase Error              (PE):    0.000ns
  Clock Domain Crossing:  Inter clock paths are considered valid unless explicitly excluded by timing constraints such as set_clock_groups or set_false_path.

    Location             Delay type                Incr(ns)  Path(ns)    Netlist Resource(s)
  -------------------------------------------------------------------    -------------------
                         (clock clk_fpga_0 rise edge)
                                                    146.250   146.250 r  
    PS7_X0Y0             PS7                          0.000   146.250 r  h2_blockDesign_i/processing_system7_0/inst/PS7_i/FCLKCLK[0]
                         net (fo=1, routed)           1.193   147.443    h2_blockDesign_i/processing_system7_0/inst/FCLK_CLK_unbuffered[0]
    BUFGCTRL_X0Y16       BUFG (Prop_bufg_I_O)         0.101   147.544 r  h2_blockDesign_i/processing_system7_0/inst/buffer_fclk_clk_0.FCLK_CLK_0_BUFG/O
                         net (fo=1060, routed)        1.843   149.387    h2_blockDesign_i/AudioCodec/U0/audio_ip_v1_1_S00_AXI_inst/s00_axi_aclk
    SLICE_X43Y104        FDRE                                         r  h2_blockDesign_i/AudioCodec/U0/audio_ip_v1_1_S00_AXI_inst/slv_reg0_reg[2]_rep/C
  -------------------------------------------------------------------    -------------------
    SLICE_X43Y104        FDRE (Prop_fdre_C_Q)         0.456   149.843 r  h2_blockDesign_i/AudioCodec/U0/audio_ip_v1_1_S00_AXI_inst/slv_reg0_reg[2]_rep/Q
                         net (fo=121, routed)         1.081   150.924    h2_blockDesign_i/AudioCodec/U0/audio_ip_v1_1_S00_AXI_inst/Inst_adau1761_izedboard/Inst_i2s_data_interface/total_reg[3]
    SLICE_X40Y101        LUT3 (Prop_lut3_I1_O)        0.124   151.048 r  h2_blockDesign_i/AudioCodec/U0/audio_ip_v1_1_S00_AXI_inst/Inst_adau1761_izedboard/Inst_i2s_data_interface/delay_line_reg[174]_srl7_i_1/O
                         net (fo=5, routed)           0.951   151.998    h2_blockDesign_i/AudioCodec/U0/audio_ip_v1_1_S00_AXI_inst/lpms1_l/line_in_l_extended[0]
    SLICE_X37Y100        LUT5 (Prop_lut5_I1_O)        0.124   152.122 r  h2_blockDesign_i/AudioCodec/U0/audio_ip_v1_1_S00_AXI_inst/lpms1_l/total0_carry_i_7/O
                         net (fo=1, routed)           0.000   152.122    h2_blockDesign_i/AudioCodec/U0/audio_ip_v1_1_S00_AXI_inst/lpms1_l/total0_carry_i_7_n_0
    SLICE_X37Y100        CARRY4 (Prop_carry4_S[1]_CO[3])
                                                      0.550   152.672 r  h2_blockDesign_i/AudioCodec/U0/audio_ip_v1_1_S00_AXI_inst/lpms1_l/total0_carry/CO[3]
                         net (fo=1, routed)           0.000   152.672    h2_blockDesign_i/AudioCodec/U0/audio_ip_v1_1_S00_AXI_inst/lpms1_l/total0_carry_n_0
    SLICE_X37Y101        CARRY4 (Prop_carry4_CI_CO[3])
                                                      0.114   152.786 r  h2_blockDesign_i/AudioCodec/U0/audio_ip_v1_1_S00_AXI_inst/lpms1_l/total0_carry__0/CO[3]
                         net (fo=1, routed)           0.000   152.786    h2_blockDesign_i/AudioCodec/U0/audio_ip_v1_1_S00_AXI_inst/lpms1_l/total0_carry__0_n_0
    SLICE_X37Y102        CARRY4 (Prop_carry4_CI_CO[3])
                                                      0.114   152.900 r  h2_blockDesign_i/AudioCodec/U0/audio_ip_v1_1_S00_AXI_inst/lpms1_l/total0_carry__1/CO[3]
                         net (fo=1, routed)           0.000   152.900    h2_blockDesign_i/AudioCodec/U0/audio_ip_v1_1_S00_AXI_inst/lpms1_l/total0_carry__1_n_0
    SLICE_X37Y103        CARRY4 (Prop_carry4_CI_CO[3])
                                                      0.114   153.014 r  h2_blockDesign_i/AudioCodec/U0/audio_ip_v1_1_S00_AXI_inst/lpms1_l/total0_carry__2/CO[3]
                         net (fo=1, routed)           0.000   153.014    h2_blockDesign_i/AudioCodec/U0/audio_ip_v1_1_S00_AXI_inst/lpms1_l/total0_carry__2_n_0
    SLICE_X37Y104        CARRY4 (Prop_carry4_CI_CO[3])
                                                      0.114   153.128 r  h2_blockDesign_i/AudioCodec/U0/audio_ip_v1_1_S00_AXI_inst/lpms1_l/total0_carry__3/CO[3]
                         net (fo=1, routed)           0.000   153.128    h2_blockDesign_i/AudioCodec/U0/audio_ip_v1_1_S00_AXI_inst/lpms1_l/total0_carry__3_n_0
    SLICE_X37Y105        CARRY4 (Prop_carry4_CI_O[3])
                                                      0.313   153.441 r  h2_blockDesign_i/AudioCodec/U0/audio_ip_v1_1_S00_AXI_inst/lpms1_l/total0_carry__4/O[3]
                         net (fo=1, routed)           0.000   153.441    h2_blockDesign_i/AudioCodec/U0/audio_ip_v1_1_S00_AXI_inst/lpms1_l/total0_carry__4_n_4
    SLICE_X37Y105        FDRE                                         r  h2_blockDesign_i/AudioCodec/U0/audio_ip_v1_1_S00_AXI_inst/lpms1_l/total_reg[23]/D
  -------------------------------------------------------------------    -------------------

                         (clock clk_fpga_1 rise edge)
                                                    147.000   147.000 r  
    PS7_X0Y0             PS7                          0.000   147.000 r  h2_blockDesign_i/processing_system7_0/inst/PS7_i/FCLKCLK[1]
                         net (fo=1, routed)           1.088   148.088    h2_blockDesign_i/processing_system7_0/inst/FCLK_CLK_unbuffered[1]
    BUFGCTRL_X0Y17       BUFG (Prop_bufg_I_O)         0.091   148.179 r  h2_blockDesign_i/processing_system7_0/inst/buffer_fclk_clk_1.FCLK_CLK_1_BUFG/O
                         net (fo=645, routed)         1.653   149.832    h2_blockDesign_i/AudioCodec/U0/audio_ip_v1_1_S00_AXI_inst/lpms1_l/clk_48
    SLICE_X37Y105        FDRE                                         r  h2_blockDesign_i/AudioCodec/U0/audio_ip_v1_1_S00_AXI_inst/lpms1_l/total_reg[23]/C
                         clock pessimism              0.000   149.832    
                         clock uncertainty           -0.349   149.483    
    SLICE_X37Y105        FDRE (Setup_fdre_C_D)        0.062   149.545    h2_blockDesign_i/AudioCodec/U0/audio_ip_v1_1_S00_AXI_inst/lpms1_l/total_reg[23]
  -------------------------------------------------------------------
                         required time                        149.545    
                         arrival time                        -153.441    
  -------------------------------------------------------------------
                         slack                                 -3.896    

Slack (VIOLATED) :        -3.895ns  (required time - arrival time)
  Source:                 h2_blockDesign_i/AudioCodec/U0/audio_ip_v1_1_S00_AXI_inst/slv_reg2_reg[3]/C
                            (rising edge-triggered cell FDRE clocked by clk_fpga_0  {rise@0.000ns fall@4.875ns period=9.750ns})
  Destination:            h2_blockDesign_i/AudioCodec/U0/audio_ip_v1_1_S00_AXI_inst/lpms2_r/total_reg[25]/D
                            (rising edge-triggered cell FDRE clocked by clk_fpga_1  {rise@0.000ns fall@10.500ns period=21.000ns})
  Path Group:             clk_fpga_1
  Path Type:              Setup (Max at Slow Process Corner)
  Requirement:            0.750ns  (clk_fpga_1 rise@147.000ns - clk_fpga_0 rise@146.250ns)
  Data Path Delay:        4.098ns  (logic 1.988ns (48.512%)  route 2.110ns (51.488%))
  Logic Levels:           9  (CARRY4=7 LUT3=1 LUT6=1)
  Clock Path Skew:        -0.307ns (DCD - SCD + CPR)
    Destination Clock Delay (DCD):    2.818ns = ( 149.818 - 147.000 ) 
    Source Clock Delay      (SCD):    3.125ns = ( 149.375 - 146.250 ) 
    Clock Pessimism Removal (CPR):    0.000ns
  Clock Uncertainty:      0.349ns  ((TSJ^2 + TIJ^2)^1/2 + DJ) / 2 + PE
    Total System Jitter     (TSJ):    0.071ns
    Total Input Jitter      (TIJ):    0.695ns
    Discrete Jitter          (DJ):    0.000ns
    Phase Error              (PE):    0.000ns
  Clock Domain Crossing:  Inter clock paths are considered valid unless explicitly excluded by timing constraints such as set_clock_groups or set_false_path.

    Location             Delay type                Incr(ns)  Path(ns)    Netlist Resource(s)
  -------------------------------------------------------------------    -------------------
                         (clock clk_fpga_0 rise edge)
                                                    146.250   146.250 r  
    PS7_X0Y0             PS7                          0.000   146.250 r  h2_blockDesign_i/processing_system7_0/inst/PS7_i/FCLKCLK[0]
                         net (fo=1, routed)           1.193   147.443    h2_blockDesign_i/processing_system7_0/inst/FCLK_CLK_unbuffered[0]
    BUFGCTRL_X0Y16       BUFG (Prop_bufg_I_O)         0.101   147.544 r  h2_blockDesign_i/processing_system7_0/inst/buffer_fclk_clk_0.FCLK_CLK_0_BUFG/O
                         net (fo=1060, routed)        1.831   149.375    h2_blockDesign_i/AudioCodec/U0/audio_ip_v1_1_S00_AXI_inst/s00_axi_aclk
    SLICE_X53Y103        FDRE                                         r  h2_blockDesign_i/AudioCodec/U0/audio_ip_v1_1_S00_AXI_inst/slv_reg2_reg[3]/C
  -------------------------------------------------------------------    -------------------
    SLICE_X53Y103        FDRE (Prop_fdre_C_Q)         0.456   149.831 r  h2_blockDesign_i/AudioCodec/U0/audio_ip_v1_1_S00_AXI_inst/slv_reg2_reg[3]/Q
                         net (fo=5, routed)           1.061   150.892    h2_blockDesign_i/AudioCodec/U0/audio_ip_v1_1_S00_AXI_inst/Inst_adau1761_izedboard/Inst_i2s_data_interface/delay_line_reg[229]__0_1[3]
    SLICE_X52Y103        LUT3 (Prop_lut3_I0_O)        0.124   151.016 r  h2_blockDesign_i/AudioCodec/U0/audio_ip_v1_1_S00_AXI_inst/Inst_adau1761_izedboard/Inst_i2s_data_interface/delay_line_reg[177]_srl7_i_1__0/O
                         net (fo=8, routed)           1.049   152.065    h2_blockDesign_i/AudioCodec/U0/audio_ip_v1_1_S00_AXI_inst/lpms2_r/line_in_r_extended[3]
    SLICE_X50Y102        LUT6 (Prop_lut6_I4_O)        0.124   152.189 r  h2_blockDesign_i/AudioCodec/U0/audio_ip_v1_1_S00_AXI_inst/lpms2_r/total0_carry_i_5__2/O
                         net (fo=1, routed)           0.000   152.189    h2_blockDesign_i/AudioCodec/U0/audio_ip_v1_1_S00_AXI_inst/lpms2_r/total0_carry_i_5__2_n_0
    SLICE_X50Y102        CARRY4 (Prop_carry4_S[3]_CO[3])
                                                      0.376   152.565 r  h2_blockDesign_i/AudioCodec/U0/audio_ip_v1_1_S00_AXI_inst/lpms2_r/total0_carry/CO[3]
                         net (fo=1, routed)           0.000   152.565    h2_blockDesign_i/AudioCodec/U0/audio_ip_v1_1_S00_AXI_inst/lpms2_r/total0_carry_n_0
    SLICE_X50Y103        CARRY4 (Prop_carry4_CI_CO[3])
                                                      0.117   152.682 r  h2_blockDesign_i/AudioCodec/U0/audio_ip_v1_1_S00_AXI_inst/lpms2_r/total0_carry__0/CO[3]
                         net (fo=1, routed)           0.000   152.682    h2_blockDesign_i/AudioCodec/U0/audio_ip_v1_1_S00_AXI_inst/lpms2_r/total0_carry__0_n_0
    SLICE_X50Y104        CARRY4 (Prop_carry4_CI_CO[3])
                                                      0.117   152.799 r  h2_blockDesign_i/AudioCodec/U0/audio_ip_v1_1_S00_AXI_inst/lpms2_r/total0_carry__1/CO[3]
                         net (fo=1, routed)           0.000   152.799    h2_blockDesign_i/AudioCodec/U0/audio_ip_v1_1_S00_AXI_inst/lpms2_r/total0_carry__1_n_0
    SLICE_X50Y105        CARRY4 (Prop_carry4_CI_CO[3])
                                                      0.117   152.916 r  h2_blockDesign_i/AudioCodec/U0/audio_ip_v1_1_S00_AXI_inst/lpms2_r/total0_carry__2/CO[3]
                         net (fo=1, routed)           0.000   152.916    h2_blockDesign_i/AudioCodec/U0/audio_ip_v1_1_S00_AXI_inst/lpms2_r/total0_carry__2_n_0
    SLICE_X50Y106        CARRY4 (Prop_carry4_CI_CO[3])
                                                      0.117   153.033 r  h2_blockDesign_i/AudioCodec/U0/audio_ip_v1_1_S00_AXI_inst/lpms2_r/total0_carry__3/CO[3]
                         net (fo=1, routed)           0.000   153.033    h2_blockDesign_i/AudioCodec/U0/audio_ip_v1_1_S00_AXI_inst/lpms2_r/total0_carry__3_n_0
    SLICE_X50Y107        CARRY4 (Prop_carry4_CI_CO[3])
                                                      0.117   153.150 r  h2_blockDesign_i/AudioCodec/U0/audio_ip_v1_1_S00_AXI_inst/lpms2_r/total0_carry__4/CO[3]
                         net (fo=1, routed)           0.000   153.150    h2_blockDesign_i/AudioCodec/U0/audio_ip_v1_1_S00_AXI_inst/lpms2_r/total0_carry__4_n_0
    SLICE_X50Y108        CARRY4 (Prop_carry4_CI_O[1])
                                                      0.323   153.473 r  h2_blockDesign_i/AudioCodec/U0/audio_ip_v1_1_S00_AXI_inst/lpms2_r/total0_carry__5/O[1]
                         net (fo=1, routed)           0.000   153.473    h2_blockDesign_i/AudioCodec/U0/audio_ip_v1_1_S00_AXI_inst/lpms2_r/total0_carry__5_n_6
    SLICE_X50Y108        FDRE                                         r  h2_blockDesign_i/AudioCodec/U0/audio_ip_v1_1_S00_AXI_inst/lpms2_r/total_reg[25]/D
  -------------------------------------------------------------------    -------------------

                         (clock clk_fpga_1 rise edge)
                                                    147.000   147.000 r  
    PS7_X0Y0             PS7                          0.000   147.000 r  h2_blockDesign_i/processing_system7_0/inst/PS7_i/FCLKCLK[1]
                         net (fo=1, routed)           1.088   148.088    h2_blockDesign_i/processing_system7_0/inst/FCLK_CLK_unbuffered[1]
    BUFGCTRL_X0Y17       BUFG (Prop_bufg_I_O)         0.091   148.179 r  h2_blockDesign_i/processing_system7_0/inst/buffer_fclk_clk_1.FCLK_CLK_1_BUFG/O
                         net (fo=645, routed)         1.639   149.818    h2_blockDesign_i/AudioCodec/U0/audio_ip_v1_1_S00_AXI_inst/lpms2_r/clk_48
    SLICE_X50Y108        FDRE                                         r  h2_blockDesign_i/AudioCodec/U0/audio_ip_v1_1_S00_AXI_inst/lpms2_r/total_reg[25]/C
                         clock pessimism              0.000   149.818    
                         clock uncertainty           -0.349   149.469    
    SLICE_X50Y108        FDRE (Setup_fdre_C_D)        0.109   149.578    h2_blockDesign_i/AudioCodec/U0/audio_ip_v1_1_S00_AXI_inst/lpms2_r/total_reg[25]
  -------------------------------------------------------------------
                         required time                        149.578    
                         arrival time                        -153.473    
  -------------------------------------------------------------------
                         slack                                 -3.895    

Slack (VIOLATED) :        -3.887ns  (required time - arrival time)
  Source:                 h2_blockDesign_i/AudioCodec/U0/audio_ip_v1_1_S00_AXI_inst/slv_reg2_reg[3]/C
                            (rising edge-triggered cell FDRE clocked by clk_fpga_0  {rise@0.000ns fall@4.875ns period=9.750ns})
  Destination:            h2_blockDesign_i/AudioCodec/U0/audio_ip_v1_1_S00_AXI_inst/lpms2_r/total_reg[27]/D
                            (rising edge-triggered cell FDRE clocked by clk_fpga_1  {rise@0.000ns fall@10.500ns period=21.000ns})
  Path Group:             clk_fpga_1
  Path Type:              Setup (Max at Slow Process Corner)
  Requirement:            0.750ns  (clk_fpga_1 rise@147.000ns - clk_fpga_0 rise@146.250ns)
  Data Path Delay:        4.090ns  (logic 1.980ns (48.411%)  route 2.110ns (51.589%))
  Logic Levels:           9  (CARRY4=7 LUT3=1 LUT6=1)
  Clock Path Skew:        -0.307ns (DCD - SCD + CPR)
    Destination Clock Delay (DCD):    2.818ns = ( 149.818 - 147.000 ) 
    Source Clock Delay      (SCD):    3.125ns = ( 149.375 - 146.250 ) 
    Clock Pessimism Removal (CPR):    0.000ns
  Clock Uncertainty:      0.349ns  ((TSJ^2 + TIJ^2)^1/2 + DJ) / 2 + PE
    Total System Jitter     (TSJ):    0.071ns
    Total Input Jitter      (TIJ):    0.695ns
    Discrete Jitter          (DJ):    0.000ns
    Phase Error              (PE):    0.000ns
  Clock Domain Crossing:  Inter clock paths are considered valid unless explicitly excluded by timing constraints such as set_clock_groups or set_false_path.

    Location             Delay type                Incr(ns)  Path(ns)    Netlist Resource(s)
  -------------------------------------------------------------------    -------------------
                         (clock clk_fpga_0 rise edge)
                                                    146.250   146.250 r  
    PS7_X0Y0             PS7                          0.000   146.250 r  h2_blockDesign_i/processing_system7_0/inst/PS7_i/FCLKCLK[0]
                         net (fo=1, routed)           1.193   147.443    h2_blockDesign_i/processing_system7_0/inst/FCLK_CLK_unbuffered[0]
    BUFGCTRL_X0Y16       BUFG (Prop_bufg_I_O)         0.101   147.544 r  h2_blockDesign_i/processing_system7_0/inst/buffer_fclk_clk_0.FCLK_CLK_0_BUFG/O
                         net (fo=1060, routed)        1.831   149.375    h2_blockDesign_i/AudioCodec/U0/audio_ip_v1_1_S00_AXI_inst/s00_axi_aclk
    SLICE_X53Y103        FDRE                                         r  h2_blockDesign_i/AudioCodec/U0/audio_ip_v1_1_S00_AXI_inst/slv_reg2_reg[3]/C
  -------------------------------------------------------------------    -------------------
    SLICE_X53Y103        FDRE (Prop_fdre_C_Q)         0.456   149.831 r  h2_blockDesign_i/AudioCodec/U0/audio_ip_v1_1_S00_AXI_inst/slv_reg2_reg[3]/Q
                         net (fo=5, routed)           1.061   150.892    h2_blockDesign_i/AudioCodec/U0/audio_ip_v1_1_S00_AXI_inst/Inst_adau1761_izedboard/Inst_i2s_data_interface/delay_line_reg[229]__0_1[3]
    SLICE_X52Y103        LUT3 (Prop_lut3_I0_O)        0.124   151.016 r  h2_blockDesign_i/AudioCodec/U0/audio_ip_v1_1_S00_AXI_inst/Inst_adau1761_izedboard/Inst_i2s_data_interface/delay_line_reg[177]_srl7_i_1__0/O
                         net (fo=8, routed)           1.049   152.065    h2_blockDesign_i/AudioCodec/U0/audio_ip_v1_1_S00_AXI_inst/lpms2_r/line_in_r_extended[3]
    SLICE_X50Y102        LUT6 (Prop_lut6_I4_O)        0.124   152.189 r  h2_blockDesign_i/AudioCodec/U0/audio_ip_v1_1_S00_AXI_inst/lpms2_r/total0_carry_i_5__2/O
                         net (fo=1, routed)           0.000   152.189    h2_blockDesign_i/AudioCodec/U0/audio_ip_v1_1_S00_AXI_inst/lpms2_r/total0_carry_i_5__2_n_0
    SLICE_X50Y102        CARRY4 (Prop_carry4_S[3]_CO[3])
                                                      0.376   152.565 r  h2_blockDesign_i/AudioCodec/U0/audio_ip_v1_1_S00_AXI_inst/lpms2_r/total0_carry/CO[3]
                         net (fo=1, routed)           0.000   152.565    h2_blockDesign_i/AudioCodec/U0/audio_ip_v1_1_S00_AXI_inst/lpms2_r/total0_carry_n_0
    SLICE_X50Y103        CARRY4 (Prop_carry4_CI_CO[3])
                                                      0.117   152.682 r  h2_blockDesign_i/AudioCodec/U0/audio_ip_v1_1_S00_AXI_inst/lpms2_r/total0_carry__0/CO[3]
                         net (fo=1, routed)           0.000   152.682    h2_blockDesign_i/AudioCodec/U0/audio_ip_v1_1_S00_AXI_inst/lpms2_r/total0_carry__0_n_0
    SLICE_X50Y104        CARRY4 (Prop_carry4_CI_CO[3])
                                                      0.117   152.799 r  h2_blockDesign_i/AudioCodec/U0/audio_ip_v1_1_S00_AXI_inst/lpms2_r/total0_carry__1/CO[3]
                         net (fo=1, routed)           0.000   152.799    h2_blockDesign_i/AudioCodec/U0/audio_ip_v1_1_S00_AXI_inst/lpms2_r/total0_carry__1_n_0
    SLICE_X50Y105        CARRY4 (Prop_carry4_CI_CO[3])
                                                      0.117   152.916 r  h2_blockDesign_i/AudioCodec/U0/audio_ip_v1_1_S00_AXI_inst/lpms2_r/total0_carry__2/CO[3]
                         net (fo=1, routed)           0.000   152.916    h2_blockDesign_i/AudioCodec/U0/audio_ip_v1_1_S00_AXI_inst/lpms2_r/total0_carry__2_n_0
    SLICE_X50Y106        CARRY4 (Prop_carry4_CI_CO[3])
                                                      0.117   153.033 r  h2_blockDesign_i/AudioCodec/U0/audio_ip_v1_1_S00_AXI_inst/lpms2_r/total0_carry__3/CO[3]
                         net (fo=1, routed)           0.000   153.033    h2_blockDesign_i/AudioCodec/U0/audio_ip_v1_1_S00_AXI_inst/lpms2_r/total0_carry__3_n_0
    SLICE_X50Y107        CARRY4 (Prop_carry4_CI_CO[3])
                                                      0.117   153.150 r  h2_blockDesign_i/AudioCodec/U0/audio_ip_v1_1_S00_AXI_inst/lpms2_r/total0_carry__4/CO[3]
                         net (fo=1, routed)           0.000   153.150    h2_blockDesign_i/AudioCodec/U0/audio_ip_v1_1_S00_AXI_inst/lpms2_r/total0_carry__4_n_0
    SLICE_X50Y108        CARRY4 (Prop_carry4_CI_O[3])
                                                      0.315   153.465 r  h2_blockDesign_i/AudioCodec/U0/audio_ip_v1_1_S00_AXI_inst/lpms2_r/total0_carry__5/O[3]
                         net (fo=1, routed)           0.000   153.465    h2_blockDesign_i/AudioCodec/U0/audio_ip_v1_1_S00_AXI_inst/lpms2_r/total0_carry__5_n_4
    SLICE_X50Y108        FDRE                                         r  h2_blockDesign_i/AudioCodec/U0/audio_ip_v1_1_S00_AXI_inst/lpms2_r/total_reg[27]/D
  -------------------------------------------------------------------    -------------------

                         (clock clk_fpga_1 rise edge)
                                                    147.000   147.000 r  
    PS7_X0Y0             PS7                          0.000   147.000 r  h2_blockDesign_i/processing_system7_0/inst/PS7_i/FCLKCLK[1]
                         net (fo=1, routed)           1.088   148.088    h2_blockDesign_i/processing_system7_0/inst/FCLK_CLK_unbuffered[1]
    BUFGCTRL_X0Y17       BUFG (Prop_bufg_I_O)         0.091   148.179 r  h2_blockDesign_i/processing_system7_0/inst/buffer_fclk_clk_1.FCLK_CLK_1_BUFG/O
                         net (fo=645, routed)         1.639   149.818    h2_blockDesign_i/AudioCodec/U0/audio_ip_v1_1_S00_AXI_inst/lpms2_r/clk_48
    SLICE_X50Y108        FDRE                                         r  h2_blockDesign_i/AudioCodec/U0/audio_ip_v1_1_S00_AXI_inst/lpms2_r/total_reg[27]/C
                         clock pessimism              0.000   149.818    
                         clock uncertainty           -0.349   149.469    
    SLICE_X50Y108        FDRE (Setup_fdre_C_D)        0.109   149.578    h2_blockDesign_i/AudioCodec/U0/audio_ip_v1_1_S00_AXI_inst/lpms2_r/total_reg[27]
  -------------------------------------------------------------------
                         required time                        149.578    
                         arrival time                        -153.465    
  -------------------------------------------------------------------
                         slack                                 -3.887    

Slack (VIOLATED) :        -3.868ns  (required time - arrival time)
  Source:                 h2_blockDesign_i/AudioCodec/U0/audio_ip_v1_1_S00_AXI_inst/slv_reg0_reg[2]_rep/C
                            (rising edge-triggered cell FDRE clocked by clk_fpga_0  {rise@0.000ns fall@4.875ns period=9.750ns})
  Destination:            h2_blockDesign_i/AudioCodec/U0/audio_ip_v1_1_S00_AXI_inst/lpms3_l/total_reg[28]/D
                            (rising edge-triggered cell FDRE clocked by clk_fpga_1  {rise@0.000ns fall@10.500ns period=21.000ns})
  Path Group:             clk_fpga_1
  Path Type:              Setup (Max at Slow Process Corner)
  Requirement:            0.750ns  (clk_fpga_1 rise@147.000ns - clk_fpga_0 rise@146.250ns)
  Data Path Delay:        4.025ns  (logic 2.012ns (49.984%)  route 2.013ns (50.016%))
  Logic Levels:           10  (CARRY4=8 LUT3=1 LUT6=1)
  Clock Path Skew:        -0.306ns (DCD - SCD + CPR)
    Destination Clock Delay (DCD):    2.831ns = ( 149.831 - 147.000 ) 
    Source Clock Delay      (SCD):    3.137ns = ( 149.387 - 146.250 ) 
    Clock Pessimism Removal (CPR):    0.000ns
  Clock Uncertainty:      0.349ns  ((TSJ^2 + TIJ^2)^1/2 + DJ) / 2 + PE
    Total System Jitter     (TSJ):    0.071ns
    Total Input Jitter      (TIJ):    0.695ns
    Discrete Jitter          (DJ):    0.000ns
    Phase Error              (PE):    0.000ns
  Clock Domain Crossing:  Inter clock paths are considered valid unless explicitly excluded by timing constraints such as set_clock_groups or set_false_path.

    Location             Delay type                Incr(ns)  Path(ns)    Netlist Resource(s)
  -------------------------------------------------------------------    -------------------
                         (clock clk_fpga_0 rise edge)
                                                    146.250   146.250 r  
    PS7_X0Y0             PS7                          0.000   146.250 r  h2_blockDesign_i/processing_system7_0/inst/PS7_i/FCLKCLK[0]
                         net (fo=1, routed)           1.193   147.443    h2_blockDesign_i/processing_system7_0/inst/FCLK_CLK_unbuffered[0]
    BUFGCTRL_X0Y16       BUFG (Prop_bufg_I_O)         0.101   147.544 r  h2_blockDesign_i/processing_system7_0/inst/buffer_fclk_clk_0.FCLK_CLK_0_BUFG/O
                         net (fo=1060, routed)        1.843   149.387    h2_blockDesign_i/AudioCodec/U0/audio_ip_v1_1_S00_AXI_inst/s00_axi_aclk
    SLICE_X43Y104        FDRE                                         r  h2_blockDesign_i/AudioCodec/U0/audio_ip_v1_1_S00_AXI_inst/slv_reg0_reg[2]_rep/C
  -------------------------------------------------------------------    -------------------
    SLICE_X43Y104        FDRE (Prop_fdre_C_Q)         0.456   149.843 r  h2_blockDesign_i/AudioCodec/U0/audio_ip_v1_1_S00_AXI_inst/slv_reg0_reg[2]_rep/Q
                         net (fo=121, routed)         1.056   150.899    h2_blockDesign_i/AudioCodec/U0/audio_ip_v1_1_S00_AXI_inst/Inst_adau1761_izedboard/Inst_i2s_data_interface/total_reg[3]
    SLICE_X41Y101        LUT3 (Prop_lut3_I1_O)        0.124   151.023 r  h2_blockDesign_i/AudioCodec/U0/audio_ip_v1_1_S00_AXI_inst/Inst_adau1761_izedboard/Inst_i2s_data_interface/delay_line_reg[177]_srl7_i_1/O
                         net (fo=8, routed)           0.957   151.980    h2_blockDesign_i/AudioCodec/U0/audio_ip_v1_1_S00_AXI_inst/lpms3_l/line_in_l_extended[3]
    SLICE_X39Y101        LUT6 (Prop_lut6_I4_O)        0.124   152.104 r  h2_blockDesign_i/AudioCodec/U0/audio_ip_v1_1_S00_AXI_inst/lpms3_l/total0_carry_i_5__3/O
                         net (fo=1, routed)           0.000   152.104    h2_blockDesign_i/AudioCodec/U0/audio_ip_v1_1_S00_AXI_inst/lpms3_l/total0_carry_i_5__3_n_0
    SLICE_X39Y101        CARRY4 (Prop_carry4_S[3]_CO[3])
                                                      0.401   152.505 r  h2_blockDesign_i/AudioCodec/U0/audio_ip_v1_1_S00_AXI_inst/lpms3_l/total0_carry/CO[3]
                         net (fo=1, routed)           0.000   152.505    h2_blockDesign_i/AudioCodec/U0/audio_ip_v1_1_S00_AXI_inst/lpms3_l/total0_carry_n_0
    SLICE_X39Y102        CARRY4 (Prop_carry4_CI_CO[3])
                                                      0.114   152.619 r  h2_blockDesign_i/AudioCodec/U0/audio_ip_v1_1_S00_AXI_inst/lpms3_l/total0_carry__0/CO[3]
                         net (fo=1, routed)           0.000   152.619    h2_blockDesign_i/AudioCodec/U0/audio_ip_v1_1_S00_AXI_inst/lpms3_l/total0_carry__0_n_0
    SLICE_X39Y103        CARRY4 (Prop_carry4_CI_CO[3])
                                                      0.114   152.733 r  h2_blockDesign_i/AudioCodec/U0/audio_ip_v1_1_S00_AXI_inst/lpms3_l/total0_carry__1/CO[3]
                         net (fo=1, routed)           0.000   152.733    h2_blockDesign_i/AudioCodec/U0/audio_ip_v1_1_S00_AXI_inst/lpms3_l/total0_carry__1_n_0
    SLICE_X39Y104        CARRY4 (Prop_carry4_CI_CO[3])
                                                      0.114   152.847 r  h2_blockDesign_i/AudioCodec/U0/audio_ip_v1_1_S00_AXI_inst/lpms3_l/total0_carry__2/CO[3]
                         net (fo=1, routed)           0.000   152.847    h2_blockDesign_i/AudioCodec/U0/audio_ip_v1_1_S00_AXI_inst/lpms3_l/total0_carry__2_n_0
    SLICE_X39Y105        CARRY4 (Prop_carry4_CI_CO[3])
                                                      0.114   152.961 r  h2_blockDesign_i/AudioCodec/U0/audio_ip_v1_1_S00_AXI_inst/lpms3_l/total0_carry__3/CO[3]
                         net (fo=1, routed)           0.000   152.961    h2_blockDesign_i/AudioCodec/U0/audio_ip_v1_1_S00_AXI_inst/lpms3_l/total0_carry__3_n_0
    SLICE_X39Y106        CARRY4 (Prop_carry4_CI_CO[3])
                                                      0.114   153.075 r  h2_blockDesign_i/AudioCodec/U0/audio_ip_v1_1_S00_AXI_inst/lpms3_l/total0_carry__4/CO[3]
                         net (fo=1, routed)           0.000   153.075    h2_blockDesign_i/AudioCodec/U0/audio_ip_v1_1_S00_AXI_inst/lpms3_l/total0_carry__4_n_0
    SLICE_X39Y107        CARRY4 (Prop_carry4_CI_CO[3])
                                                      0.114   153.189 r  h2_blockDesign_i/AudioCodec/U0/audio_ip_v1_1_S00_AXI_inst/lpms3_l/total0_carry__5/CO[3]
                         net (fo=1, routed)           0.000   153.189    h2_blockDesign_i/AudioCodec/U0/audio_ip_v1_1_S00_AXI_inst/lpms3_l/total0_carry__5_n_0
    SLICE_X39Y108        CARRY4 (Prop_carry4_CI_O[0])
                                                      0.223   153.412 r  h2_blockDesign_i/AudioCodec/U0/audio_ip_v1_1_S00_AXI_inst/lpms3_l/total0_carry__6/O[0]
                         net (fo=1, routed)           0.000   153.412    h2_blockDesign_i/AudioCodec/U0/audio_ip_v1_1_S00_AXI_inst/lpms3_l/total0_carry__6_n_7
    SLICE_X39Y108        FDRE                                         r  h2_blockDesign_i/AudioCodec/U0/audio_ip_v1_1_S00_AXI_inst/lpms3_l/total_reg[28]/D
  -------------------------------------------------------------------    -------------------

                         (clock clk_fpga_1 rise edge)
                                                    147.000   147.000 r  
    PS7_X0Y0             PS7                          0.000   147.000 r  h2_blockDesign_i/processing_system7_0/inst/PS7_i/FCLKCLK[1]
                         net (fo=1, routed)           1.088   148.088    h2_blockDesign_i/processing_system7_0/inst/FCLK_CLK_unbuffered[1]
    BUFGCTRL_X0Y17       BUFG (Prop_bufg_I_O)         0.091   148.179 r  h2_blockDesign_i/processing_system7_0/inst/buffer_fclk_clk_1.FCLK_CLK_1_BUFG/O
                         net (fo=645, routed)         1.652   149.831    h2_blockDesign_i/AudioCodec/U0/audio_ip_v1_1_S00_AXI_inst/lpms3_l/clk_48
    SLICE_X39Y108        FDRE                                         r  h2_blockDesign_i/AudioCodec/U0/audio_ip_v1_1_S00_AXI_inst/lpms3_l/total_reg[28]/C
                         clock pessimism              0.000   149.831    
                         clock uncertainty           -0.349   149.482    
    SLICE_X39Y108        FDRE (Setup_fdre_C_D)        0.062   149.544    h2_blockDesign_i/AudioCodec/U0/audio_ip_v1_1_S00_AXI_inst/lpms3_l/total_reg[28]
  -------------------------------------------------------------------
                         required time                        149.544    
                         arrival time                        -153.412    
  -------------------------------------------------------------------
                         slack                                 -3.868    

Slack (VIOLATED) :        -3.865ns  (required time - arrival time)
  Source:                 h2_blockDesign_i/AudioCodec/U0/audio_ip_v1_1_S00_AXI_inst/slv_reg0_reg[2]_rep/C
                            (rising edge-triggered cell FDRE clocked by clk_fpga_0  {rise@0.000ns fall@4.875ns period=9.750ns})
  Destination:            h2_blockDesign_i/AudioCodec/U0/audio_ip_v1_1_S00_AXI_inst/lpms3_l/total_reg[25]/D
                            (rising edge-triggered cell FDRE clocked by clk_fpga_1  {rise@0.000ns fall@10.500ns period=21.000ns})
  Path Group:             clk_fpga_1
  Path Type:              Setup (Max at Slow Process Corner)
  Requirement:            0.750ns  (clk_fpga_1 rise@147.000ns - clk_fpga_0 rise@146.250ns)
  Data Path Delay:        4.022ns  (logic 2.009ns (49.947%)  route 2.013ns (50.053%))
  Logic Levels:           9  (CARRY4=7 LUT3=1 LUT6=1)
  Clock Path Skew:        -0.306ns (DCD - SCD + CPR)
    Destination Clock Delay (DCD):    2.831ns = ( 149.831 - 147.000 ) 
    Source Clock Delay      (SCD):    3.137ns = ( 149.387 - 146.250 ) 
    Clock Pessimism Removal (CPR):    0.000ns
  Clock Uncertainty:      0.349ns  ((TSJ^2 + TIJ^2)^1/2 + DJ) / 2 + PE
    Total System Jitter     (TSJ):    0.071ns
    Total Input Jitter      (TIJ):    0.695ns
    Discrete Jitter          (DJ):    0.000ns
    Phase Error              (PE):    0.000ns
  Clock Domain Crossing:  Inter clock paths are considered valid unless explicitly excluded by timing constraints such as set_clock_groups or set_false_path.

    Location             Delay type                Incr(ns)  Path(ns)    Netlist Resource(s)
  -------------------------------------------------------------------    -------------------
                         (clock clk_fpga_0 rise edge)
                                                    146.250   146.250 r  
    PS7_X0Y0             PS7                          0.000   146.250 r  h2_blockDesign_i/processing_system7_0/inst/PS7_i/FCLKCLK[0]
                         net (fo=1, routed)           1.193   147.443    h2_blockDesign_i/processing_system7_0/inst/FCLK_CLK_unbuffered[0]
    BUFGCTRL_X0Y16       BUFG (Prop_bufg_I_O)         0.101   147.544 r  h2_blockDesign_i/processing_system7_0/inst/buffer_fclk_clk_0.FCLK_CLK_0_BUFG/O
                         net (fo=1060, routed)        1.843   149.387    h2_blockDesign_i/AudioCodec/U0/audio_ip_v1_1_S00_AXI_inst/s00_axi_aclk
    SLICE_X43Y104        FDRE                                         r  h2_blockDesign_i/AudioCodec/U0/audio_ip_v1_1_S00_AXI_inst/slv_reg0_reg[2]_rep/C
  -------------------------------------------------------------------    -------------------
    SLICE_X43Y104        FDRE (Prop_fdre_C_Q)         0.456   149.843 r  h2_blockDesign_i/AudioCodec/U0/audio_ip_v1_1_S00_AXI_inst/slv_reg0_reg[2]_rep/Q
                         net (fo=121, routed)         1.056   150.899    h2_blockDesign_i/AudioCodec/U0/audio_ip_v1_1_S00_AXI_inst/Inst_adau1761_izedboard/Inst_i2s_data_interface/total_reg[3]
    SLICE_X41Y101        LUT3 (Prop_lut3_I1_O)        0.124   151.023 r  h2_blockDesign_i/AudioCodec/U0/audio_ip_v1_1_S00_AXI_inst/Inst_adau1761_izedboard/Inst_i2s_data_interface/delay_line_reg[177]_srl7_i_1/O
                         net (fo=8, routed)           0.957   151.980    h2_blockDesign_i/AudioCodec/U0/audio_ip_v1_1_S00_AXI_inst/lpms3_l/line_in_l_extended[3]
    SLICE_X39Y101        LUT6 (Prop_lut6_I4_O)        0.124   152.104 r  h2_blockDesign_i/AudioCodec/U0/audio_ip_v1_1_S00_AXI_inst/lpms3_l/total0_carry_i_5__3/O
                         net (fo=1, routed)           0.000   152.104    h2_blockDesign_i/AudioCodec/U0/audio_ip_v1_1_S00_AXI_inst/lpms3_l/total0_carry_i_5__3_n_0
    SLICE_X39Y101        CARRY4 (Prop_carry4_S[3]_CO[3])
                                                      0.401   152.505 r  h2_blockDesign_i/AudioCodec/U0/audio_ip_v1_1_S00_AXI_inst/lpms3_l/total0_carry/CO[3]
                         net (fo=1, routed)           0.000   152.505    h2_blockDesign_i/AudioCodec/U0/audio_ip_v1_1_S00_AXI_inst/lpms3_l/total0_carry_n_0
    SLICE_X39Y102        CARRY4 (Prop_carry4_CI_CO[3])
                                                      0.114   152.619 r  h2_blockDesign_i/AudioCodec/U0/audio_ip_v1_1_S00_AXI_inst/lpms3_l/total0_carry__0/CO[3]
                         net (fo=1, routed)           0.000   152.619    h2_blockDesign_i/AudioCodec/U0/audio_ip_v1_1_S00_AXI_inst/lpms3_l/total0_carry__0_n_0
    SLICE_X39Y103        CARRY4 (Prop_carry4_CI_CO[3])
                                                      0.114   152.733 r  h2_blockDesign_i/AudioCodec/U0/audio_ip_v1_1_S00_AXI_inst/lpms3_l/total0_carry__1/CO[3]
                         net (fo=1, routed)           0.000   152.733    h2_blockDesign_i/AudioCodec/U0/audio_ip_v1_1_S00_AXI_inst/lpms3_l/total0_carry__1_n_0
    SLICE_X39Y104        CARRY4 (Prop_carry4_CI_CO[3])
                                                      0.114   152.847 r  h2_blockDesign_i/AudioCodec/U0/audio_ip_v1_1_S00_AXI_inst/lpms3_l/total0_carry__2/CO[3]
                         net (fo=1, routed)           0.000   152.847    h2_blockDesign_i/AudioCodec/U0/audio_ip_v1_1_S00_AXI_inst/lpms3_l/total0_carry__2_n_0
    SLICE_X39Y105        CARRY4 (Prop_carry4_CI_CO[3])
                                                      0.114   152.961 r  h2_blockDesign_i/AudioCodec/U0/audio_ip_v1_1_S00_AXI_inst/lpms3_l/total0_carry__3/CO[3]
                         net (fo=1, routed)           0.000   152.961    h2_blockDesign_i/AudioCodec/U0/audio_ip_v1_1_S00_AXI_inst/lpms3_l/total0_carry__3_n_0
    SLICE_X39Y106        CARRY4 (Prop_carry4_CI_CO[3])
                                                      0.114   153.075 r  h2_blockDesign_i/AudioCodec/U0/audio_ip_v1_1_S00_AXI_inst/lpms3_l/total0_carry__4/CO[3]
                         net (fo=1, routed)           0.000   153.075    h2_blockDesign_i/AudioCodec/U0/audio_ip_v1_1_S00_AXI_inst/lpms3_l/total0_carry__4_n_0
    SLICE_X39Y107        CARRY4 (Prop_carry4_CI_O[1])
                                                      0.334   153.409 r  h2_blockDesign_i/AudioCodec/U0/audio_ip_v1_1_S00_AXI_inst/lpms3_l/total0_carry__5/O[1]
                         net (fo=1, routed)           0.000   153.409    h2_blockDesign_i/AudioCodec/U0/audio_ip_v1_1_S00_AXI_inst/lpms3_l/total0_carry__5_n_6
    SLICE_X39Y107        FDRE                                         r  h2_blockDesign_i/AudioCodec/U0/audio_ip_v1_1_S00_AXI_inst/lpms3_l/total_reg[25]/D
  -------------------------------------------------------------------    -------------------

                         (clock clk_fpga_1 rise edge)
                                                    147.000   147.000 r  
    PS7_X0Y0             PS7                          0.000   147.000 r  h2_blockDesign_i/processing_system7_0/inst/PS7_i/FCLKCLK[1]
                         net (fo=1, routed)           1.088   148.088    h2_blockDesign_i/processing_system7_0/inst/FCLK_CLK_unbuffered[1]
    BUFGCTRL_X0Y17       BUFG (Prop_bufg_I_O)         0.091   148.179 r  h2_blockDesign_i/processing_system7_0/inst/buffer_fclk_clk_1.FCLK_CLK_1_BUFG/O
                         net (fo=645, routed)         1.652   149.831    h2_blockDesign_i/AudioCodec/U0/audio_ip_v1_1_S00_AXI_inst/lpms3_l/clk_48
    SLICE_X39Y107        FDRE                                         r  h2_blockDesign_i/AudioCodec/U0/audio_ip_v1_1_S00_AXI_inst/lpms3_l/total_reg[25]/C
                         clock pessimism              0.000   149.831    
                         clock uncertainty           -0.349   149.482    
    SLICE_X39Y107        FDRE (Setup_fdre_C_D)        0.062   149.544    h2_blockDesign_i/AudioCodec/U0/audio_ip_v1_1_S00_AXI_inst/lpms3_l/total_reg[25]
  -------------------------------------------------------------------
                         required time                        149.544    
                         arrival time                        -153.409    
  -------------------------------------------------------------------
                         slack                                 -3.865    





Min Delay Paths
--------------------------------------------------------------------------------------
Slack (MET) :             0.081ns  (arrival time - required time)
  Source:                 h2_blockDesign_i/AudioCodec/U0/audio_ip_v1_1_S00_AXI_inst/slv_reg1_reg[1]/C
                            (rising edge-triggered cell FDRE clocked by clk_fpga_0  {rise@0.000ns fall@4.875ns period=9.750ns})
  Destination:            h2_blockDesign_i/AudioCodec/U0/audio_ip_v1_1_S00_AXI_inst/lpms3_l/total_reg[3]/D
                            (rising edge-triggered cell FDRE clocked by clk_fpga_1  {rise@0.000ns fall@10.500ns period=21.000ns})
  Path Group:             clk_fpga_1
  Path Type:              Hold (Min at Fast Process Corner)
  Requirement:            0.000ns  (clk_fpga_1 rise@0.000ns - clk_fpga_0 rise@0.000ns)
  Data Path Delay:        0.838ns  (logic 0.313ns (37.372%)  route 0.525ns (62.628%))
  Logic Levels:           2  (CARRY4=1 LUT5=1)
  Clock Path Skew:        0.302ns (DCD - SCD - CPR)
    Destination Clock Delay (DCD):    1.277ns
    Source Clock Delay      (SCD):    0.975ns
    Clock Pessimism Removal (CPR):    -0.000ns
  Clock Uncertainty:      0.349ns  ((TSJ^2 + TIJ^2)^1/2 + DJ) / 2 + PE
    Total System Jitter     (TSJ):    0.071ns
    Total Input Jitter      (TIJ):    0.695ns
    Discrete Jitter          (DJ):    0.000ns
    Phase Error              (PE):    0.000ns
  Clock Domain Crossing:  Inter clock paths are considered valid unless explicitly excluded by timing constraints such as set_clock_groups or set_false_path.

    Location             Delay type                Incr(ns)  Path(ns)    Netlist Resource(s)
  -------------------------------------------------------------------    -------------------
                         (clock clk_fpga_0 rise edge)
                                                      0.000     0.000 r  
    PS7_X0Y0             PS7                          0.000     0.000 r  h2_blockDesign_i/processing_system7_0/inst/PS7_i/FCLKCLK[0]
                         net (fo=1, routed)           0.310     0.310    h2_blockDesign_i/processing_system7_0/inst/FCLK_CLK_unbuffered[0]
    BUFGCTRL_X0Y16       BUFG (Prop_bufg_I_O)         0.026     0.336 r  h2_blockDesign_i/processing_system7_0/inst/buffer_fclk_clk_0.FCLK_CLK_0_BUFG/O
                         net (fo=1060, routed)        0.639     0.975    h2_blockDesign_i/AudioCodec/U0/audio_ip_v1_1_S00_AXI_inst/s00_axi_aclk
    SLICE_X40Y102        FDRE                                         r  h2_blockDesign_i/AudioCodec/U0/audio_ip_v1_1_S00_AXI_inst/slv_reg1_reg[1]/C
  -------------------------------------------------------------------    -------------------
    SLICE_X40Y102        FDRE (Prop_fdre_C_Q)         0.141     1.116 r  h2_blockDesign_i/AudioCodec/U0/audio_ip_v1_1_S00_AXI_inst/slv_reg1_reg[1]/Q
                         net (fo=5, routed)           0.299     1.415    h2_blockDesign_i/AudioCodec/U0/audio_ip_v1_1_S00_AXI_inst/lpms3_l/total_reg[27]_0[1]
    SLICE_X41Y100        LUT5 (Prop_lut5_I2_O)        0.045     1.460 r  h2_blockDesign_i/AudioCodec/U0/audio_ip_v1_1_S00_AXI_inst/lpms3_l/total0_carry_i_2__1/O
                         net (fo=1, routed)           0.225     1.686    h2_blockDesign_i/AudioCodec/U0/audio_ip_v1_1_S00_AXI_inst/lpms3_l/total0_carry_i_2__1_n_0
    SLICE_X39Y101        CARRY4 (Prop_carry4_DI[2]_O[3])
                                                      0.127     1.813 r  h2_blockDesign_i/AudioCodec/U0/audio_ip_v1_1_S00_AXI_inst/lpms3_l/total0_carry/O[3]
                         net (fo=1, routed)           0.000     1.813    h2_blockDesign_i/AudioCodec/U0/audio_ip_v1_1_S00_AXI_inst/lpms3_l/total0_carry_n_4
    SLICE_X39Y101        FDRE                                         r  h2_blockDesign_i/AudioCodec/U0/audio_ip_v1_1_S00_AXI_inst/lpms3_l/total_reg[3]/D
  -------------------------------------------------------------------    -------------------

                         (clock clk_fpga_1 rise edge)
                                                      0.000     0.000 r  
    PS7_X0Y0             PS7                          0.000     0.000 r  h2_blockDesign_i/processing_system7_0/inst/PS7_i/FCLKCLK[1]
                         net (fo=1, routed)           0.337     0.337    h2_blockDesign_i/processing_system7_0/inst/FCLK_CLK_unbuffered[1]
    BUFGCTRL_X0Y17       BUFG (Prop_bufg_I_O)         0.029     0.366 r  h2_blockDesign_i/processing_system7_0/inst/buffer_fclk_clk_1.FCLK_CLK_1_BUFG/O
                         net (fo=645, routed)         0.911     1.277    h2_blockDesign_i/AudioCodec/U0/audio_ip_v1_1_S00_AXI_inst/lpms3_l/clk_48
    SLICE_X39Y101        FDRE                                         r  h2_blockDesign_i/AudioCodec/U0/audio_ip_v1_1_S00_AXI_inst/lpms3_l/total_reg[3]/C
                         clock pessimism              0.000     1.277    
                         clock uncertainty            0.349     1.626    
    SLICE_X39Y101        FDRE (Hold_fdre_C_D)         0.105     1.731    h2_blockDesign_i/AudioCodec/U0/audio_ip_v1_1_S00_AXI_inst/lpms3_l/total_reg[3]
  -------------------------------------------------------------------
                         required time                         -1.731    
                         arrival time                           1.813    
  -------------------------------------------------------------------
                         slack                                  0.081    

Slack (MET) :             0.084ns  (arrival time - required time)
  Source:                 h2_blockDesign_i/AudioCodec/U0/audio_ip_v1_1_S00_AXI_inst/slv_reg2_reg[1]/C
                            (rising edge-triggered cell FDRE clocked by clk_fpga_0  {rise@0.000ns fall@4.875ns period=9.750ns})
  Destination:            h2_blockDesign_i/AudioCodec/U0/audio_ip_v1_1_S00_AXI_inst/lpms1_r/total_reg[3]/D
                            (rising edge-triggered cell FDRE clocked by clk_fpga_1  {rise@0.000ns fall@10.500ns period=21.000ns})
  Path Group:             clk_fpga_1
  Path Type:              Hold (Min at Fast Process Corner)
  Requirement:            0.000ns  (clk_fpga_1 rise@0.000ns - clk_fpga_0 rise@0.000ns)
  Data Path Delay:        0.845ns  (logic 0.313ns (37.028%)  route 0.532ns (62.972%))
  Logic Levels:           2  (CARRY4=1 LUT5=1)
  Clock Path Skew:        0.307ns (DCD - SCD - CPR)
    Destination Clock Delay (DCD):    1.277ns
    Source Clock Delay      (SCD):    0.970ns
    Clock Pessimism Removal (CPR):    -0.000ns
  Clock Uncertainty:      0.349ns  ((TSJ^2 + TIJ^2)^1/2 + DJ) / 2 + PE
    Total System Jitter     (TSJ):    0.071ns
    Total Input Jitter      (TIJ):    0.695ns
    Discrete Jitter          (DJ):    0.000ns
    Phase Error              (PE):    0.000ns
  Clock Domain Crossing:  Inter clock paths are considered valid unless explicitly excluded by timing constraints such as set_clock_groups or set_false_path.

    Location             Delay type                Incr(ns)  Path(ns)    Netlist Resource(s)
  -------------------------------------------------------------------    -------------------
                         (clock clk_fpga_0 rise edge)
                                                      0.000     0.000 r  
    PS7_X0Y0             PS7                          0.000     0.000 r  h2_blockDesign_i/processing_system7_0/inst/PS7_i/FCLKCLK[0]
                         net (fo=1, routed)           0.310     0.310    h2_blockDesign_i/processing_system7_0/inst/FCLK_CLK_unbuffered[0]
    BUFGCTRL_X0Y16       BUFG (Prop_bufg_I_O)         0.026     0.336 r  h2_blockDesign_i/processing_system7_0/inst/buffer_fclk_clk_0.FCLK_CLK_0_BUFG/O
                         net (fo=1060, routed)        0.634     0.970    h2_blockDesign_i/AudioCodec/U0/audio_ip_v1_1_S00_AXI_inst/s00_axi_aclk
    SLICE_X53Y103        FDRE                                         r  h2_blockDesign_i/AudioCodec/U0/audio_ip_v1_1_S00_AXI_inst/slv_reg2_reg[1]/C
  -------------------------------------------------------------------    -------------------
    SLICE_X53Y103        FDRE (Prop_fdre_C_Q)         0.141     1.111 r  h2_blockDesign_i/AudioCodec/U0/audio_ip_v1_1_S00_AXI_inst/slv_reg2_reg[1]/Q
                         net (fo=5, routed)           0.292     1.403    h2_blockDesign_i/AudioCodec/U0/audio_ip_v1_1_S00_AXI_inst/lpms1_r/total_reg[26]_0[1]
    SLICE_X48Y102        LUT5 (Prop_lut5_I2_O)        0.045     1.448 r  h2_blockDesign_i/AudioCodec/U0/audio_ip_v1_1_S00_AXI_inst/lpms1_r/total0_carry_i_2__2/O
                         net (fo=1, routed)           0.240     1.688    h2_blockDesign_i/AudioCodec/U0/audio_ip_v1_1_S00_AXI_inst/lpms1_r/total0_carry_i_2__2_n_0
    SLICE_X49Y102        CARRY4 (Prop_carry4_DI[2]_O[3])
                                                      0.127     1.815 r  h2_blockDesign_i/AudioCodec/U0/audio_ip_v1_1_S00_AXI_inst/lpms1_r/total0_carry/O[3]
                         net (fo=1, routed)           0.000     1.815    h2_blockDesign_i/AudioCodec/U0/audio_ip_v1_1_S00_AXI_inst/lpms1_r/total0_carry_n_4
    SLICE_X49Y102        FDRE                                         r  h2_blockDesign_i/AudioCodec/U0/audio_ip_v1_1_S00_AXI_inst/lpms1_r/total_reg[3]/D
  -------------------------------------------------------------------    -------------------

                         (clock clk_fpga_1 rise edge)
                                                      0.000     0.000 r  
    PS7_X0Y0             PS7                          0.000     0.000 r  h2_blockDesign_i/processing_system7_0/inst/PS7_i/FCLKCLK[1]
                         net (fo=1, routed)           0.337     0.337    h2_blockDesign_i/processing_system7_0/inst/FCLK_CLK_unbuffered[1]
    BUFGCTRL_X0Y17       BUFG (Prop_bufg_I_O)         0.029     0.366 r  h2_blockDesign_i/processing_system7_0/inst/buffer_fclk_clk_1.FCLK_CLK_1_BUFG/O
                         net (fo=645, routed)         0.911     1.277    h2_blockDesign_i/AudioCodec/U0/audio_ip_v1_1_S00_AXI_inst/lpms1_r/clk_48
    SLICE_X49Y102        FDRE                                         r  h2_blockDesign_i/AudioCodec/U0/audio_ip_v1_1_S00_AXI_inst/lpms1_r/total_reg[3]/C
                         clock pessimism              0.000     1.277    
                         clock uncertainty            0.349     1.626    
    SLICE_X49Y102        FDRE (Hold_fdre_C_D)         0.105     1.731    h2_blockDesign_i/AudioCodec/U0/audio_ip_v1_1_S00_AXI_inst/lpms1_r/total_reg[3]
  -------------------------------------------------------------------
                         required time                         -1.731    
                         arrival time                           1.815    
  -------------------------------------------------------------------
                         slack                                  0.084    

Slack (MET) :             0.085ns  (arrival time - required time)
  Source:                 h2_blockDesign_i/AudioCodec/U0/audio_ip_v1_1_S00_AXI_inst/slv_reg2_reg[0]/C
                            (rising edge-triggered cell FDRE clocked by clk_fpga_0  {rise@0.000ns fall@4.875ns period=9.750ns})
  Destination:            h2_blockDesign_i/AudioCodec/U0/audio_ip_v1_1_S00_AXI_inst/lpms2_r/total_reg[0]/D
                            (rising edge-triggered cell FDRE clocked by clk_fpga_1  {rise@0.000ns fall@10.500ns period=21.000ns})
  Path Group:             clk_fpga_1
  Path Type:              Hold (Min at Fast Process Corner)
  Requirement:            0.000ns  (clk_fpga_1 rise@0.000ns - clk_fpga_0 rise@0.000ns)
  Data Path Delay:        0.870ns  (logic 0.256ns (29.430%)  route 0.614ns (70.570%))
  Logic Levels:           2  (CARRY4=1 LUT5=1)
  Clock Path Skew:        0.302ns (DCD - SCD - CPR)
    Destination Clock Delay (DCD):    1.273ns
    Source Clock Delay      (SCD):    0.971ns
    Clock Pessimism Removal (CPR):    -0.000ns
  Clock Uncertainty:      0.349ns  ((TSJ^2 + TIJ^2)^1/2 + DJ) / 2 + PE
    Total System Jitter     (TSJ):    0.071ns
    Total Input Jitter      (TIJ):    0.695ns
    Discrete Jitter          (DJ):    0.000ns
    Phase Error              (PE):    0.000ns
  Clock Domain Crossing:  Inter clock paths are considered valid unless explicitly excluded by timing constraints such as set_clock_groups or set_false_path.

    Location             Delay type                Incr(ns)  Path(ns)    Netlist Resource(s)
  -------------------------------------------------------------------    -------------------
                         (clock clk_fpga_0 rise edge)
                                                      0.000     0.000 r  
    PS7_X0Y0             PS7                          0.000     0.000 r  h2_blockDesign_i/processing_system7_0/inst/PS7_i/FCLKCLK[0]
                         net (fo=1, routed)           0.310     0.310    h2_blockDesign_i/processing_system7_0/inst/FCLK_CLK_unbuffered[0]
    BUFGCTRL_X0Y16       BUFG (Prop_bufg_I_O)         0.026     0.336 r  h2_blockDesign_i/processing_system7_0/inst/buffer_fclk_clk_0.FCLK_CLK_0_BUFG/O
                         net (fo=1060, routed)        0.635     0.971    h2_blockDesign_i/AudioCodec/U0/audio_ip_v1_1_S00_AXI_inst/s00_axi_aclk
    SLICE_X52Y101        FDRE                                         r  h2_blockDesign_i/AudioCodec/U0/audio_ip_v1_1_S00_AXI_inst/slv_reg2_reg[0]/C
  -------------------------------------------------------------------    -------------------
    SLICE_X52Y101        FDRE (Prop_fdre_C_Q)         0.141     1.112 r  h2_blockDesign_i/AudioCodec/U0/audio_ip_v1_1_S00_AXI_inst/slv_reg2_reg[0]/Q
                         net (fo=12, routed)          0.614     1.726    h2_blockDesign_i/AudioCodec/U0/audio_ip_v1_1_S00_AXI_inst/lpms2_r/total_reg[27]_0[0]
    SLICE_X50Y102        LUT5 (Prop_lut5_I1_O)        0.045     1.771 r  h2_blockDesign_i/AudioCodec/U0/audio_ip_v1_1_S00_AXI_inst/lpms2_r/total0_carry_i_8__3/O
                         net (fo=1, routed)           0.000     1.771    h2_blockDesign_i/AudioCodec/U0/audio_ip_v1_1_S00_AXI_inst/lpms2_r/total0_carry_i_8__3_n_0
    SLICE_X50Y102        CARRY4 (Prop_carry4_S[0]_O[0])
                                                      0.070     1.841 r  h2_blockDesign_i/AudioCodec/U0/audio_ip_v1_1_S00_AXI_inst/lpms2_r/total0_carry/O[0]
                         net (fo=1, routed)           0.000     1.841    h2_blockDesign_i/AudioCodec/U0/audio_ip_v1_1_S00_AXI_inst/lpms2_r/total0_carry_n_7
    SLICE_X50Y102        FDRE                                         r  h2_blockDesign_i/AudioCodec/U0/audio_ip_v1_1_S00_AXI_inst/lpms2_r/total_reg[0]/D
  -------------------------------------------------------------------    -------------------

                         (clock clk_fpga_1 rise edge)
                                                      0.000     0.000 r  
    PS7_X0Y0             PS7                          0.000     0.000 r  h2_blockDesign_i/processing_system7_0/inst/PS7_i/FCLKCLK[1]
                         net (fo=1, routed)           0.337     0.337    h2_blockDesign_i/processing_system7_0/inst/FCLK_CLK_unbuffered[1]
    BUFGCTRL_X0Y17       BUFG (Prop_bufg_I_O)         0.029     0.366 r  h2_blockDesign_i/processing_system7_0/inst/buffer_fclk_clk_1.FCLK_CLK_1_BUFG/O
                         net (fo=645, routed)         0.907     1.273    h2_blockDesign_i/AudioCodec/U0/audio_ip_v1_1_S00_AXI_inst/lpms2_r/clk_48
    SLICE_X50Y102        FDRE                                         r  h2_blockDesign_i/AudioCodec/U0/audio_ip_v1_1_S00_AXI_inst/lpms2_r/total_reg[0]/C
                         clock pessimism              0.000     1.273    
                         clock uncertainty            0.349     1.622    
    SLICE_X50Y102        FDRE (Hold_fdre_C_D)         0.134     1.756    h2_blockDesign_i/AudioCodec/U0/audio_ip_v1_1_S00_AXI_inst/lpms2_r/total_reg[0]
  -------------------------------------------------------------------
                         required time                         -1.756    
                         arrival time                           1.841    
  -------------------------------------------------------------------
                         slack                                  0.085    

Slack (MET) :             0.094ns  (arrival time - required time)
  Source:                 h2_blockDesign_i/AudioCodec/U0/audio_ip_v1_1_S00_AXI_inst/slv_reg1_reg[0]/C
                            (rising edge-triggered cell FDRE clocked by clk_fpga_0  {rise@0.000ns fall@4.875ns period=9.750ns})
  Destination:            h2_blockDesign_i/AudioCodec/U0/audio_ip_v1_1_S00_AXI_inst/lpms1_l/total_reg[0]/D
                            (rising edge-triggered cell FDRE clocked by clk_fpga_1  {rise@0.000ns fall@10.500ns period=21.000ns})
  Path Group:             clk_fpga_1
  Path Type:              Hold (Min at Fast Process Corner)
  Requirement:            0.000ns  (clk_fpga_1 rise@0.000ns - clk_fpga_0 rise@0.000ns)
  Data Path Delay:        0.850ns  (logic 0.256ns (30.120%)  route 0.594ns (69.880%))
  Logic Levels:           2  (CARRY4=1 LUT5=1)
  Clock Path Skew:        0.302ns (DCD - SCD - CPR)
    Destination Clock Delay (DCD):    1.277ns
    Source Clock Delay      (SCD):    0.975ns
    Clock Pessimism Removal (CPR):    -0.000ns
  Clock Uncertainty:      0.349ns  ((TSJ^2 + TIJ^2)^1/2 + DJ) / 2 + PE
    Total System Jitter     (TSJ):    0.071ns
    Total Input Jitter      (TIJ):    0.695ns
    Discrete Jitter          (DJ):    0.000ns
    Phase Error              (PE):    0.000ns
  Clock Domain Crossing:  Inter clock paths are considered valid unless explicitly excluded by timing constraints such as set_clock_groups or set_false_path.

    Location             Delay type                Incr(ns)  Path(ns)    Netlist Resource(s)
  -------------------------------------------------------------------    -------------------
                         (clock clk_fpga_0 rise edge)
                                                      0.000     0.000 r  
    PS7_X0Y0             PS7                          0.000     0.000 r  h2_blockDesign_i/processing_system7_0/inst/PS7_i/FCLKCLK[0]
                         net (fo=1, routed)           0.310     0.310    h2_blockDesign_i/processing_system7_0/inst/FCLK_CLK_unbuffered[0]
    BUFGCTRL_X0Y16       BUFG (Prop_bufg_I_O)         0.026     0.336 r  h2_blockDesign_i/processing_system7_0/inst/buffer_fclk_clk_0.FCLK_CLK_0_BUFG/O
                         net (fo=1060, routed)        0.639     0.975    h2_blockDesign_i/AudioCodec/U0/audio_ip_v1_1_S00_AXI_inst/s00_axi_aclk
    SLICE_X41Y101        FDRE                                         r  h2_blockDesign_i/AudioCodec/U0/audio_ip_v1_1_S00_AXI_inst/slv_reg1_reg[0]/C
  -------------------------------------------------------------------    -------------------
    SLICE_X41Y101        FDRE (Prop_fdre_C_Q)         0.141     1.116 r  h2_blockDesign_i/AudioCodec/U0/audio_ip_v1_1_S00_AXI_inst/slv_reg1_reg[0]/Q
                         net (fo=11, routed)          0.594     1.710    h2_blockDesign_i/AudioCodec/U0/audio_ip_v1_1_S00_AXI_inst/lpms1_l/total_reg[26]_0[0]
    SLICE_X37Y100        LUT5 (Prop_lut5_I1_O)        0.045     1.755 r  h2_blockDesign_i/AudioCodec/U0/audio_ip_v1_1_S00_AXI_inst/lpms1_l/total0_carry_i_8/O
                         net (fo=1, routed)           0.000     1.755    h2_blockDesign_i/AudioCodec/U0/audio_ip_v1_1_S00_AXI_inst/lpms1_l/total0_carry_i_8_n_0
    SLICE_X37Y100        CARRY4 (Prop_carry4_S[0]_O[0])
                                                      0.070     1.825 r  h2_blockDesign_i/AudioCodec/U0/audio_ip_v1_1_S00_AXI_inst/lpms1_l/total0_carry/O[0]
                         net (fo=1, routed)           0.000     1.825    h2_blockDesign_i/AudioCodec/U0/audio_ip_v1_1_S00_AXI_inst/lpms1_l/total0_carry_n_7
    SLICE_X37Y100        FDRE                                         r  h2_blockDesign_i/AudioCodec/U0/audio_ip_v1_1_S00_AXI_inst/lpms1_l/total_reg[0]/D
  -------------------------------------------------------------------    -------------------

                         (clock clk_fpga_1 rise edge)
                                                      0.000     0.000 r  
    PS7_X0Y0             PS7                          0.000     0.000 r  h2_blockDesign_i/processing_system7_0/inst/PS7_i/FCLKCLK[1]
                         net (fo=1, routed)           0.337     0.337    h2_blockDesign_i/processing_system7_0/inst/FCLK_CLK_unbuffered[1]
    BUFGCTRL_X0Y17       BUFG (Prop_bufg_I_O)         0.029     0.366 r  h2_blockDesign_i/processing_system7_0/inst/buffer_fclk_clk_1.FCLK_CLK_1_BUFG/O
                         net (fo=645, routed)         0.911     1.277    h2_blockDesign_i/AudioCodec/U0/audio_ip_v1_1_S00_AXI_inst/lpms1_l/clk_48
    SLICE_X37Y100        FDRE                                         r  h2_blockDesign_i/AudioCodec/U0/audio_ip_v1_1_S00_AXI_inst/lpms1_l/total_reg[0]/C
                         clock pessimism              0.000     1.277    
                         clock uncertainty            0.349     1.626    
    SLICE_X37Y100        FDRE (Hold_fdre_C_D)         0.105     1.731    h2_blockDesign_i/AudioCodec/U0/audio_ip_v1_1_S00_AXI_inst/lpms1_l/total_reg[0]
  -------------------------------------------------------------------
                         required time                         -1.731    
                         arrival time                           1.825    
  -------------------------------------------------------------------
                         slack                                  0.094    

Slack (MET) :             0.095ns  (arrival time - required time)
  Source:                 h2_blockDesign_i/AudioCodec/U0/audio_ip_v1_1_S00_AXI_inst/slv_reg1_reg[12]/C
                            (rising edge-triggered cell FDRE clocked by clk_fpga_0  {rise@0.000ns fall@4.875ns period=9.750ns})
  Destination:            h2_blockDesign_i/AudioCodec/U0/audio_ip_v1_1_S00_AXI_inst/lpms1_l/total_reg[14]/D
                            (rising edge-triggered cell FDRE clocked by clk_fpga_1  {rise@0.000ns fall@10.500ns period=21.000ns})
  Path Group:             clk_fpga_1
  Path Type:              Hold (Min at Fast Process Corner)
  Requirement:            0.000ns  (clk_fpga_1 rise@0.000ns - clk_fpga_0 rise@0.000ns)
  Data Path Delay:        0.851ns  (logic 0.332ns (39.008%)  route 0.519ns (60.992%))
  Logic Levels:           2  (CARRY4=1 LUT5=1)
  Clock Path Skew:        0.302ns (DCD - SCD - CPR)
    Destination Clock Delay (DCD):    1.276ns
    Source Clock Delay      (SCD):    0.974ns
    Clock Pessimism Removal (CPR):    -0.000ns
  Clock Uncertainty:      0.349ns  ((TSJ^2 + TIJ^2)^1/2 + DJ) / 2 + PE
    Total System Jitter     (TSJ):    0.071ns
    Total Input Jitter      (TIJ):    0.695ns
    Discrete Jitter          (DJ):    0.000ns
    Phase Error              (PE):    0.000ns
  Clock Domain Crossing:  Inter clock paths are considered valid unless explicitly excluded by timing constraints such as set_clock_groups or set_false_path.

    Location             Delay type                Incr(ns)  Path(ns)    Netlist Resource(s)
  -------------------------------------------------------------------    -------------------
                         (clock clk_fpga_0 rise edge)
                                                      0.000     0.000 r  
    PS7_X0Y0             PS7                          0.000     0.000 r  h2_blockDesign_i/processing_system7_0/inst/PS7_i/FCLKCLK[0]
                         net (fo=1, routed)           0.310     0.310    h2_blockDesign_i/processing_system7_0/inst/FCLK_CLK_unbuffered[0]
    BUFGCTRL_X0Y16       BUFG (Prop_bufg_I_O)         0.026     0.336 r  h2_blockDesign_i/processing_system7_0/inst/buffer_fclk_clk_0.FCLK_CLK_0_BUFG/O
                         net (fo=1060, routed)        0.638     0.974    h2_blockDesign_i/AudioCodec/U0/audio_ip_v1_1_S00_AXI_inst/s00_axi_aclk
    SLICE_X41Y105        FDRE                                         r  h2_blockDesign_i/AudioCodec/U0/audio_ip_v1_1_S00_AXI_inst/slv_reg1_reg[12]/C
  -------------------------------------------------------------------    -------------------
    SLICE_X41Y105        FDRE (Prop_fdre_C_Q)         0.141     1.115 r  h2_blockDesign_i/AudioCodec/U0/audio_ip_v1_1_S00_AXI_inst/slv_reg1_reg[12]/Q
                         net (fo=5, routed)           0.248     1.363    h2_blockDesign_i/AudioCodec/U0/audio_ip_v1_1_S00_AXI_inst/lpms1_l/total_reg[26]_0[12]
    SLICE_X37Y107        LUT5 (Prop_lut5_I2_O)        0.045     1.408 r  h2_blockDesign_i/AudioCodec/U0/audio_ip_v1_1_S00_AXI_inst/lpms1_l/total0_carry__2_i_3/O
                         net (fo=1, routed)           0.271     1.679    h2_blockDesign_i/AudioCodec/U0/audio_ip_v1_1_S00_AXI_inst/lpms1_l/total0_carry__2_i_3_n_0
    SLICE_X37Y103        CARRY4 (Prop_carry4_DI[1]_O[2])
                                                      0.146     1.825 r  h2_blockDesign_i/AudioCodec/U0/audio_ip_v1_1_S00_AXI_inst/lpms1_l/total0_carry__2/O[2]
                         net (fo=1, routed)           0.000     1.825    h2_blockDesign_i/AudioCodec/U0/audio_ip_v1_1_S00_AXI_inst/lpms1_l/total0_carry__2_n_5
    SLICE_X37Y103        FDRE                                         r  h2_blockDesign_i/AudioCodec/U0/audio_ip_v1_1_S00_AXI_inst/lpms1_l/total_reg[14]/D
  -------------------------------------------------------------------    -------------------

                         (clock clk_fpga_1 rise edge)
                                                      0.000     0.000 r  
    PS7_X0Y0             PS7                          0.000     0.000 r  h2_blockDesign_i/processing_system7_0/inst/PS7_i/FCLKCLK[1]
                         net (fo=1, routed)           0.337     0.337    h2_blockDesign_i/processing_system7_0/inst/FCLK_CLK_unbuffered[1]
    BUFGCTRL_X0Y17       BUFG (Prop_bufg_I_O)         0.029     0.366 r  h2_blockDesign_i/processing_system7_0/inst/buffer_fclk_clk_1.FCLK_CLK_1_BUFG/O
                         net (fo=645, routed)         0.910     1.276    h2_blockDesign_i/AudioCodec/U0/audio_ip_v1_1_S00_AXI_inst/lpms1_l/clk_48
    SLICE_X37Y103        FDRE                                         r  h2_blockDesign_i/AudioCodec/U0/audio_ip_v1_1_S00_AXI_inst/lpms1_l/total_reg[14]/C
                         clock pessimism              0.000     1.276    
                         clock uncertainty            0.349     1.625    
    SLICE_X37Y103        FDRE (Hold_fdre_C_D)         0.105     1.730    h2_blockDesign_i/AudioCodec/U0/audio_ip_v1_1_S00_AXI_inst/lpms1_l/total_reg[14]
  -------------------------------------------------------------------
                         required time                         -1.730    
                         arrival time                           1.825    
  -------------------------------------------------------------------
                         slack                                  0.095    

Slack (MET) :             0.096ns  (arrival time - required time)
  Source:                 h2_blockDesign_i/AudioCodec/U0/audio_ip_v1_1_S00_AXI_inst/slv_reg2_reg[16]/C
                            (rising edge-triggered cell FDRE clocked by clk_fpga_0  {rise@0.000ns fall@4.875ns period=9.750ns})
  Destination:            h2_blockDesign_i/AudioCodec/U0/audio_ip_v1_1_S00_AXI_inst/lpms3_r/total_reg[18]/D
                            (rising edge-triggered cell FDRE clocked by clk_fpga_1  {rise@0.000ns fall@10.500ns period=21.000ns})
  Path Group:             clk_fpga_1
  Path Type:              Hold (Min at Fast Process Corner)
  Requirement:            0.000ns  (clk_fpga_1 rise@0.000ns - clk_fpga_0 rise@0.000ns)
  Data Path Delay:        0.853ns  (logic 0.332ns (38.937%)  route 0.521ns (61.063%))
  Logic Levels:           2  (CARRY4=1 LUT5=1)
  Clock Path Skew:        0.302ns (DCD - SCD - CPR)
    Destination Clock Delay (DCD):    1.272ns
    Source Clock Delay      (SCD):    0.970ns
    Clock Pessimism Removal (CPR):    -0.000ns
  Clock Uncertainty:      0.349ns  ((TSJ^2 + TIJ^2)^1/2 + DJ) / 2 + PE
    Total System Jitter     (TSJ):    0.071ns
    Total Input Jitter      (TIJ):    0.695ns
    Discrete Jitter          (DJ):    0.000ns
    Phase Error              (PE):    0.000ns
  Clock Domain Crossing:  Inter clock paths are considered valid unless explicitly excluded by timing constraints such as set_clock_groups or set_false_path.

    Location             Delay type                Incr(ns)  Path(ns)    Netlist Resource(s)
  -------------------------------------------------------------------    -------------------
                         (clock clk_fpga_0 rise edge)
                                                      0.000     0.000 r  
    PS7_X0Y0             PS7                          0.000     0.000 r  h2_blockDesign_i/processing_system7_0/inst/PS7_i/FCLKCLK[0]
                         net (fo=1, routed)           0.310     0.310    h2_blockDesign_i/processing_system7_0/inst/FCLK_CLK_unbuffered[0]
    BUFGCTRL_X0Y16       BUFG (Prop_bufg_I_O)         0.026     0.336 r  h2_blockDesign_i/processing_system7_0/inst/buffer_fclk_clk_0.FCLK_CLK_0_BUFG/O
                         net (fo=1060, routed)        0.634     0.970    h2_blockDesign_i/AudioCodec/U0/audio_ip_v1_1_S00_AXI_inst/s00_axi_aclk
    SLICE_X52Y106        FDRE                                         r  h2_blockDesign_i/AudioCodec/U0/audio_ip_v1_1_S00_AXI_inst/slv_reg2_reg[16]/C
  -------------------------------------------------------------------    -------------------
    SLICE_X52Y106        FDRE (Prop_fdre_C_Q)         0.141     1.111 r  h2_blockDesign_i/AudioCodec/U0/audio_ip_v1_1_S00_AXI_inst/slv_reg2_reg[16]/Q
                         net (fo=5, routed)           0.240     1.351    h2_blockDesign_i/AudioCodec/U0/audio_ip_v1_1_S00_AXI_inst/lpms3_r/total_reg[27]_0[16]
    SLICE_X52Y106        LUT5 (Prop_lut5_I2_O)        0.045     1.396 r  h2_blockDesign_i/AudioCodec/U0/audio_ip_v1_1_S00_AXI_inst/lpms3_r/total0_carry__3_i_3__4/O
                         net (fo=1, routed)           0.281     1.677    h2_blockDesign_i/AudioCodec/U0/audio_ip_v1_1_S00_AXI_inst/lpms3_r/total0_carry__3_i_3__4_n_0
    SLICE_X51Y106        CARRY4 (Prop_carry4_DI[1]_O[2])
                                                      0.146     1.823 r  h2_blockDesign_i/AudioCodec/U0/audio_ip_v1_1_S00_AXI_inst/lpms3_r/total0_carry__3/O[2]
                         net (fo=1, routed)           0.000     1.823    h2_blockDesign_i/AudioCodec/U0/audio_ip_v1_1_S00_AXI_inst/lpms3_r/total0_carry__3_n_5
    SLICE_X51Y106        FDRE                                         r  h2_blockDesign_i/AudioCodec/U0/audio_ip_v1_1_S00_AXI_inst/lpms3_r/total_reg[18]/D
  -------------------------------------------------------------------    -------------------

                         (clock clk_fpga_1 rise edge)
                                                      0.000     0.000 r  
    PS7_X0Y0             PS7                          0.000     0.000 r  h2_blockDesign_i/processing_system7_0/inst/PS7_i/FCLKCLK[1]
                         net (fo=1, routed)           0.337     0.337    h2_blockDesign_i/processing_system7_0/inst/FCLK_CLK_unbuffered[1]
    BUFGCTRL_X0Y17       BUFG (Prop_bufg_I_O)         0.029     0.366 r  h2_blockDesign_i/processing_system7_0/inst/buffer_fclk_clk_1.FCLK_CLK_1_BUFG/O
                         net (fo=645, routed)         0.906     1.272    h2_blockDesign_i/AudioCodec/U0/audio_ip_v1_1_S00_AXI_inst/lpms3_r/clk_48
    SLICE_X51Y106        FDRE                                         r  h2_blockDesign_i/AudioCodec/U0/audio_ip_v1_1_S00_AXI_inst/lpms3_r/total_reg[18]/C
                         clock pessimism              0.000     1.272    
                         clock uncertainty            0.349     1.621    
    SLICE_X51Y106        FDRE (Hold_fdre_C_D)         0.105     1.726    h2_blockDesign_i/AudioCodec/U0/audio_ip_v1_1_S00_AXI_inst/lpms3_r/total_reg[18]
  -------------------------------------------------------------------
                         required time                         -1.726    
                         arrival time                           1.823    
  -------------------------------------------------------------------
                         slack                                  0.096    

Slack (MET) :             0.097ns  (arrival time - required time)
  Source:                 h2_blockDesign_i/AudioCodec/U0/audio_ip_v1_1_S00_AXI_inst/slv_reg1_reg[2]/C
                            (rising edge-triggered cell FDRE clocked by clk_fpga_0  {rise@0.000ns fall@4.875ns period=9.750ns})
  Destination:            h2_blockDesign_i/AudioCodec/U0/audio_ip_v1_1_S00_AXI_inst/lpms3_l/total_reg[4]/D
                            (rising edge-triggered cell FDRE clocked by clk_fpga_1  {rise@0.000ns fall@10.500ns period=21.000ns})
  Path Group:             clk_fpga_1
  Path Type:              Hold (Min at Fast Process Corner)
  Requirement:            0.000ns  (clk_fpga_1 rise@0.000ns - clk_fpga_0 rise@0.000ns)
  Data Path Delay:        0.854ns  (logic 0.353ns (41.351%)  route 0.501ns (58.649%))
  Logic Levels:           3  (CARRY4=2 LUT5=1)
  Clock Path Skew:        0.302ns (DCD - SCD - CPR)
    Destination Clock Delay (DCD):    1.277ns
    Source Clock Delay      (SCD):    0.975ns
    Clock Pessimism Removal (CPR):    -0.000ns
  Clock Uncertainty:      0.349ns  ((TSJ^2 + TIJ^2)^1/2 + DJ) / 2 + PE
    Total System Jitter     (TSJ):    0.071ns
    Total Input Jitter      (TIJ):    0.695ns
    Discrete Jitter          (DJ):    0.000ns
    Phase Error              (PE):    0.000ns
  Clock Domain Crossing:  Inter clock paths are considered valid unless explicitly excluded by timing constraints such as set_clock_groups or set_false_path.

    Location             Delay type                Incr(ns)  Path(ns)    Netlist Resource(s)
  -------------------------------------------------------------------    -------------------
                         (clock clk_fpga_0 rise edge)
                                                      0.000     0.000 r  
    PS7_X0Y0             PS7                          0.000     0.000 r  h2_blockDesign_i/processing_system7_0/inst/PS7_i/FCLKCLK[0]
                         net (fo=1, routed)           0.310     0.310    h2_blockDesign_i/processing_system7_0/inst/FCLK_CLK_unbuffered[0]
    BUFGCTRL_X0Y16       BUFG (Prop_bufg_I_O)         0.026     0.336 r  h2_blockDesign_i/processing_system7_0/inst/buffer_fclk_clk_0.FCLK_CLK_0_BUFG/O
                         net (fo=1060, routed)        0.639     0.975    h2_blockDesign_i/AudioCodec/U0/audio_ip_v1_1_S00_AXI_inst/s00_axi_aclk
    SLICE_X40Y102        FDRE                                         r  h2_blockDesign_i/AudioCodec/U0/audio_ip_v1_1_S00_AXI_inst/slv_reg1_reg[2]/C
  -------------------------------------------------------------------    -------------------
    SLICE_X40Y102        FDRE (Prop_fdre_C_Q)         0.141     1.116 r  h2_blockDesign_i/AudioCodec/U0/audio_ip_v1_1_S00_AXI_inst/slv_reg1_reg[2]/Q
                         net (fo=5, routed)           0.262     1.378    h2_blockDesign_i/AudioCodec/U0/audio_ip_v1_1_S00_AXI_inst/lpms3_l/total_reg[27]_0[2]
    SLICE_X40Y101        LUT5 (Prop_lut5_I2_O)        0.045     1.423 r  h2_blockDesign_i/AudioCodec/U0/audio_ip_v1_1_S00_AXI_inst/lpms3_l/total0_carry_i_1__1/O
                         net (fo=1, routed)           0.239     1.662    h2_blockDesign_i/AudioCodec/U0/audio_ip_v1_1_S00_AXI_inst/lpms3_l/total0_carry_i_1__1_n_0
    SLICE_X39Y101        CARRY4 (Prop_carry4_DI[3]_CO[3])
                                                      0.113     1.775 r  h2_blockDesign_i/AudioCodec/U0/audio_ip_v1_1_S00_AXI_inst/lpms3_l/total0_carry/CO[3]
                         net (fo=1, routed)           0.000     1.775    h2_blockDesign_i/AudioCodec/U0/audio_ip_v1_1_S00_AXI_inst/lpms3_l/total0_carry_n_0
    SLICE_X39Y102        CARRY4 (Prop_carry4_CI_O[0])
                                                      0.054     1.829 r  h2_blockDesign_i/AudioCodec/U0/audio_ip_v1_1_S00_AXI_inst/lpms3_l/total0_carry__0/O[0]
                         net (fo=1, routed)           0.000     1.829    h2_blockDesign_i/AudioCodec/U0/audio_ip_v1_1_S00_AXI_inst/lpms3_l/total0_carry__0_n_7
    SLICE_X39Y102        FDRE                                         r  h2_blockDesign_i/AudioCodec/U0/audio_ip_v1_1_S00_AXI_inst/lpms3_l/total_reg[4]/D
  -------------------------------------------------------------------    -------------------

                         (clock clk_fpga_1 rise edge)
                                                      0.000     0.000 r  
    PS7_X0Y0             PS7                          0.000     0.000 r  h2_blockDesign_i/processing_system7_0/inst/PS7_i/FCLKCLK[1]
                         net (fo=1, routed)           0.337     0.337    h2_blockDesign_i/processing_system7_0/inst/FCLK_CLK_unbuffered[1]
    BUFGCTRL_X0Y17       BUFG (Prop_bufg_I_O)         0.029     0.366 r  h2_blockDesign_i/processing_system7_0/inst/buffer_fclk_clk_1.FCLK_CLK_1_BUFG/O
                         net (fo=645, routed)         0.911     1.277    h2_blockDesign_i/AudioCodec/U0/audio_ip_v1_1_S00_AXI_inst/lpms3_l/clk_48
    SLICE_X39Y102        FDRE                                         r  h2_blockDesign_i/AudioCodec/U0/audio_ip_v1_1_S00_AXI_inst/lpms3_l/total_reg[4]/C
                         clock pessimism              0.000     1.277    
                         clock uncertainty            0.349     1.626    
    SLICE_X39Y102        FDRE (Hold_fdre_C_D)         0.105     1.731    h2_blockDesign_i/AudioCodec/U0/audio_ip_v1_1_S00_AXI_inst/lpms3_l/total_reg[4]
  -------------------------------------------------------------------
                         required time                         -1.731    
                         arrival time                           1.829    
  -------------------------------------------------------------------
                         slack                                  0.097    

Slack (MET) :             0.098ns  (arrival time - required time)
  Source:                 h2_blockDesign_i/AudioCodec/U0/audio_ip_v1_1_S00_AXI_inst/slv_reg1_reg[0]/C
                            (rising edge-triggered cell FDRE clocked by clk_fpga_0  {rise@0.000ns fall@4.875ns period=9.750ns})
  Destination:            h2_blockDesign_i/AudioCodec/U0/audio_ip_v1_1_S00_AXI_inst/lpms3_l/total_reg[2]/D
                            (rising edge-triggered cell FDRE clocked by clk_fpga_1  {rise@0.000ns fall@10.500ns period=21.000ns})
  Path Group:             clk_fpga_1
  Path Type:              Hold (Min at Fast Process Corner)
  Requirement:            0.000ns  (clk_fpga_1 rise@0.000ns - clk_fpga_0 rise@0.000ns)
  Data Path Delay:        0.854ns  (logic 0.332ns (38.857%)  route 0.522ns (61.143%))
  Logic Levels:           2  (CARRY4=1 LUT4=1)
  Clock Path Skew:        0.302ns (DCD - SCD - CPR)
    Destination Clock Delay (DCD):    1.277ns
    Source Clock Delay      (SCD):    0.975ns
    Clock Pessimism Removal (CPR):    -0.000ns
  Clock Uncertainty:      0.349ns  ((TSJ^2 + TIJ^2)^1/2 + DJ) / 2 + PE
    Total System Jitter     (TSJ):    0.071ns
    Total Input Jitter      (TIJ):    0.695ns
    Discrete Jitter          (DJ):    0.000ns
    Phase Error              (PE):    0.000ns
  Clock Domain Crossing:  Inter clock paths are considered valid unless explicitly excluded by timing constraints such as set_clock_groups or set_false_path.

    Location             Delay type                Incr(ns)  Path(ns)    Netlist Resource(s)
  -------------------------------------------------------------------    -------------------
                         (clock clk_fpga_0 rise edge)
                                                      0.000     0.000 r  
    PS7_X0Y0             PS7                          0.000     0.000 r  h2_blockDesign_i/processing_system7_0/inst/PS7_i/FCLKCLK[0]
                         net (fo=1, routed)           0.310     0.310    h2_blockDesign_i/processing_system7_0/inst/FCLK_CLK_unbuffered[0]
    BUFGCTRL_X0Y16       BUFG (Prop_bufg_I_O)         0.026     0.336 r  h2_blockDesign_i/processing_system7_0/inst/buffer_fclk_clk_0.FCLK_CLK_0_BUFG/O
                         net (fo=1060, routed)        0.639     0.975    h2_blockDesign_i/AudioCodec/U0/audio_ip_v1_1_S00_AXI_inst/s00_axi_aclk
    SLICE_X41Y101        FDRE                                         r  h2_blockDesign_i/AudioCodec/U0/audio_ip_v1_1_S00_AXI_inst/slv_reg1_reg[0]/C
  -------------------------------------------------------------------    -------------------
    SLICE_X41Y101        FDRE (Prop_fdre_C_Q)         0.141     1.116 r  h2_blockDesign_i/AudioCodec/U0/audio_ip_v1_1_S00_AXI_inst/slv_reg1_reg[0]/Q
                         net (fo=11, routed)          0.264     1.380    h2_blockDesign_i/AudioCodec/U0/audio_ip_v1_1_S00_AXI_inst/Inst_adau1761_izedboard/Inst_i2s_data_interface/delay_line_reg[229]__0[0]
    SLICE_X39Y100        LUT4 (Prop_lut4_I2_O)        0.045     1.425 r  h2_blockDesign_i/AudioCodec/U0/audio_ip_v1_1_S00_AXI_inst/Inst_adau1761_izedboard/Inst_i2s_data_interface/total0_carry_i_3__1/O
                         net (fo=1, routed)           0.258     1.683    h2_blockDesign_i/AudioCodec/U0/audio_ip_v1_1_S00_AXI_inst/lpms3_l/total_reg[3]_0[1]
    SLICE_X39Y101        CARRY4 (Prop_carry4_DI[1]_O[2])
                                                      0.146     1.829 r  h2_blockDesign_i/AudioCodec/U0/audio_ip_v1_1_S00_AXI_inst/lpms3_l/total0_carry/O[2]
                         net (fo=1, routed)           0.000     1.829    h2_blockDesign_i/AudioCodec/U0/audio_ip_v1_1_S00_AXI_inst/lpms3_l/total0_carry_n_5
    SLICE_X39Y101        FDRE                                         r  h2_blockDesign_i/AudioCodec/U0/audio_ip_v1_1_S00_AXI_inst/lpms3_l/total_reg[2]/D
  -------------------------------------------------------------------    -------------------

                         (clock clk_fpga_1 rise edge)
                                                      0.000     0.000 r  
    PS7_X0Y0             PS7                          0.000     0.000 r  h2_blockDesign_i/processing_system7_0/inst/PS7_i/FCLKCLK[1]
                         net (fo=1, routed)           0.337     0.337    h2_blockDesign_i/processing_system7_0/inst/FCLK_CLK_unbuffered[1]
    BUFGCTRL_X0Y17       BUFG (Prop_bufg_I_O)         0.029     0.366 r  h2_blockDesign_i/processing_system7_0/inst/buffer_fclk_clk_1.FCLK_CLK_1_BUFG/O
                         net (fo=645, routed)         0.911     1.277    h2_blockDesign_i/AudioCodec/U0/audio_ip_v1_1_S00_AXI_inst/lpms3_l/clk_48
    SLICE_X39Y101        FDRE                                         r  h2_blockDesign_i/AudioCodec/U0/audio_ip_v1_1_S00_AXI_inst/lpms3_l/total_reg[2]/C
                         clock pessimism              0.000     1.277    
                         clock uncertainty            0.349     1.626    
    SLICE_X39Y101        FDRE (Hold_fdre_C_D)         0.105     1.731    h2_blockDesign_i/AudioCodec/U0/audio_ip_v1_1_S00_AXI_inst/lpms3_l/total_reg[2]
  -------------------------------------------------------------------
                         required time                         -1.731    
                         arrival time                           1.829    
  -------------------------------------------------------------------
                         slack                                  0.098    

Slack (MET) :             0.103ns  (arrival time - required time)
  Source:                 h2_blockDesign_i/AudioCodec/U0/audio_ip_v1_1_S00_AXI_inst/slv_reg1_reg[0]/C
                            (rising edge-triggered cell FDRE clocked by clk_fpga_0  {rise@0.000ns fall@4.875ns period=9.750ns})
  Destination:            h2_blockDesign_i/AudioCodec/U0/audio_ip_v1_1_S00_AXI_inst/lpms3_l/total_reg[0]/D
                            (rising edge-triggered cell FDRE clocked by clk_fpga_1  {rise@0.000ns fall@10.500ns period=21.000ns})
  Path Group:             clk_fpga_1
  Path Type:              Hold (Min at Fast Process Corner)
  Requirement:            0.000ns  (clk_fpga_1 rise@0.000ns - clk_fpga_0 rise@0.000ns)
  Data Path Delay:        0.859ns  (logic 0.256ns (29.804%)  route 0.603ns (70.196%))
  Logic Levels:           2  (CARRY4=1 LUT5=1)
  Clock Path Skew:        0.302ns (DCD - SCD - CPR)
    Destination Clock Delay (DCD):    1.277ns
    Source Clock Delay      (SCD):    0.975ns
    Clock Pessimism Removal (CPR):    -0.000ns
  Clock Uncertainty:      0.349ns  ((TSJ^2 + TIJ^2)^1/2 + DJ) / 2 + PE
    Total System Jitter     (TSJ):    0.071ns
    Total Input Jitter      (TIJ):    0.695ns
    Discrete Jitter          (DJ):    0.000ns
    Phase Error              (PE):    0.000ns
  Clock Domain Crossing:  Inter clock paths are considered valid unless explicitly excluded by timing constraints such as set_clock_groups or set_false_path.

    Location             Delay type                Incr(ns)  Path(ns)    Netlist Resource(s)
  -------------------------------------------------------------------    -------------------
                         (clock clk_fpga_0 rise edge)
                                                      0.000     0.000 r  
    PS7_X0Y0             PS7                          0.000     0.000 r  h2_blockDesign_i/processing_system7_0/inst/PS7_i/FCLKCLK[0]
                         net (fo=1, routed)           0.310     0.310    h2_blockDesign_i/processing_system7_0/inst/FCLK_CLK_unbuffered[0]
    BUFGCTRL_X0Y16       BUFG (Prop_bufg_I_O)         0.026     0.336 r  h2_blockDesign_i/processing_system7_0/inst/buffer_fclk_clk_0.FCLK_CLK_0_BUFG/O
                         net (fo=1060, routed)        0.639     0.975    h2_blockDesign_i/AudioCodec/U0/audio_ip_v1_1_S00_AXI_inst/s00_axi_aclk
    SLICE_X41Y101        FDRE                                         r  h2_blockDesign_i/AudioCodec/U0/audio_ip_v1_1_S00_AXI_inst/slv_reg1_reg[0]/C
  -------------------------------------------------------------------    -------------------
    SLICE_X41Y101        FDRE (Prop_fdre_C_Q)         0.141     1.116 r  h2_blockDesign_i/AudioCodec/U0/audio_ip_v1_1_S00_AXI_inst/slv_reg1_reg[0]/Q
                         net (fo=11, routed)          0.603     1.719    h2_blockDesign_i/AudioCodec/U0/audio_ip_v1_1_S00_AXI_inst/lpms3_l/total_reg[27]_0[0]
    SLICE_X39Y101        LUT5 (Prop_lut5_I1_O)        0.045     1.764 r  h2_blockDesign_i/AudioCodec/U0/audio_ip_v1_1_S00_AXI_inst/lpms3_l/total0_carry_i_8__1/O
                         net (fo=1, routed)           0.000     1.764    h2_blockDesign_i/AudioCodec/U0/audio_ip_v1_1_S00_AXI_inst/lpms3_l/total0_carry_i_8__1_n_0
    SLICE_X39Y101        CARRY4 (Prop_carry4_S[0]_O[0])
                                                      0.070     1.834 r  h2_blockDesign_i/AudioCodec/U0/audio_ip_v1_1_S00_AXI_inst/lpms3_l/total0_carry/O[0]
                         net (fo=1, routed)           0.000     1.834    h2_blockDesign_i/AudioCodec/U0/audio_ip_v1_1_S00_AXI_inst/lpms3_l/total0_carry_n_7
    SLICE_X39Y101        FDRE                                         r  h2_blockDesign_i/AudioCodec/U0/audio_ip_v1_1_S00_AXI_inst/lpms3_l/total_reg[0]/D
  -------------------------------------------------------------------    -------------------

                         (clock clk_fpga_1 rise edge)
                                                      0.000     0.000 r  
    PS7_X0Y0             PS7                          0.000     0.000 r  h2_blockDesign_i/processing_system7_0/inst/PS7_i/FCLKCLK[1]
                         net (fo=1, routed)           0.337     0.337    h2_blockDesign_i/processing_system7_0/inst/FCLK_CLK_unbuffered[1]
    BUFGCTRL_X0Y17       BUFG (Prop_bufg_I_O)         0.029     0.366 r  h2_blockDesign_i/processing_system7_0/inst/buffer_fclk_clk_1.FCLK_CLK_1_BUFG/O
                         net (fo=645, routed)         0.911     1.277    h2_blockDesign_i/AudioCodec/U0/audio_ip_v1_1_S00_AXI_inst/lpms3_l/clk_48
    SLICE_X39Y101        FDRE                                         r  h2_blockDesign_i/AudioCodec/U0/audio_ip_v1_1_S00_AXI_inst/lpms3_l/total_reg[0]/C
                         clock pessimism              0.000     1.277    
                         clock uncertainty            0.349     1.626    
    SLICE_X39Y101        FDRE (Hold_fdre_C_D)         0.105     1.731    h2_blockDesign_i/AudioCodec/U0/audio_ip_v1_1_S00_AXI_inst/lpms3_l/total_reg[0]
  -------------------------------------------------------------------
                         required time                         -1.731    
                         arrival time                           1.834    
  -------------------------------------------------------------------
                         slack                                  0.103    

Slack (MET) :             0.103ns  (arrival time - required time)
  Source:                 h2_blockDesign_i/AudioCodec/U0/audio_ip_v1_1_S00_AXI_inst/slv_reg1_reg[16]/C
                            (rising edge-triggered cell FDRE clocked by clk_fpga_0  {rise@0.000ns fall@4.875ns period=9.750ns})
  Destination:            h2_blockDesign_i/AudioCodec/U0/audio_ip_v1_1_S00_AXI_inst/lpms3_l/total_reg[17]/D
                            (rising edge-triggered cell FDRE clocked by clk_fpga_1  {rise@0.000ns fall@10.500ns period=21.000ns})
  Path Group:             clk_fpga_1
  Path Type:              Hold (Min at Fast Process Corner)
  Requirement:            0.000ns  (clk_fpga_1 rise@0.000ns - clk_fpga_0 rise@0.000ns)
  Data Path Delay:        0.859ns  (logic 0.296ns (34.460%)  route 0.563ns (65.540%))
  Logic Levels:           3  (CARRY4=1 LUT3=1 LUT6=1)
  Clock Path Skew:        0.302ns (DCD - SCD - CPR)
    Destination Clock Delay (DCD):    1.276ns
    Source Clock Delay      (SCD):    0.974ns
    Clock Pessimism Removal (CPR):    -0.000ns
  Clock Uncertainty:      0.349ns  ((TSJ^2 + TIJ^2)^1/2 + DJ) / 2 + PE
    Total System Jitter     (TSJ):    0.071ns
    Total Input Jitter      (TIJ):    0.695ns
    Discrete Jitter          (DJ):    0.000ns
    Phase Error              (PE):    0.000ns
  Clock Domain Crossing:  Inter clock paths are considered valid unless explicitly excluded by timing constraints such as set_clock_groups or set_false_path.

    Location             Delay type                Incr(ns)  Path(ns)    Netlist Resource(s)
  -------------------------------------------------------------------    -------------------
                         (clock clk_fpga_0 rise edge)
                                                      0.000     0.000 r  
    PS7_X0Y0             PS7                          0.000     0.000 r  h2_blockDesign_i/processing_system7_0/inst/PS7_i/FCLKCLK[0]
                         net (fo=1, routed)           0.310     0.310    h2_blockDesign_i/processing_system7_0/inst/FCLK_CLK_unbuffered[0]
    BUFGCTRL_X0Y16       BUFG (Prop_bufg_I_O)         0.026     0.336 r  h2_blockDesign_i/processing_system7_0/inst/buffer_fclk_clk_0.FCLK_CLK_0_BUFG/O
                         net (fo=1060, routed)        0.638     0.974    h2_blockDesign_i/AudioCodec/U0/audio_ip_v1_1_S00_AXI_inst/s00_axi_aclk
    SLICE_X41Y106        FDRE                                         r  h2_blockDesign_i/AudioCodec/U0/audio_ip_v1_1_S00_AXI_inst/slv_reg1_reg[16]/C
  -------------------------------------------------------------------    -------------------
    SLICE_X41Y106        FDRE (Prop_fdre_C_Q)         0.141     1.115 r  h2_blockDesign_i/AudioCodec/U0/audio_ip_v1_1_S00_AXI_inst/slv_reg1_reg[16]/Q
                         net (fo=5, routed)           0.346     1.461    h2_blockDesign_i/AudioCodec/U0/audio_ip_v1_1_S00_AXI_inst/Inst_adau1761_izedboard/Inst_i2s_data_interface/delay_line_reg[229]__0[16]
    SLICE_X41Y105        LUT3 (Prop_lut3_I0_O)        0.045     1.506 r  h2_blockDesign_i/AudioCodec/U0/audio_ip_v1_1_S00_AXI_inst/Inst_adau1761_izedboard/Inst_i2s_data_interface/delay_line_reg[190]_srl7_i_1/O
                         net (fo=8, routed)           0.217     1.723    h2_blockDesign_i/AudioCodec/U0/audio_ip_v1_1_S00_AXI_inst/lpms3_l/line_in_l_extended[16]
    SLICE_X39Y105        LUT6 (Prop_lut6_I0_O)        0.045     1.768 r  h2_blockDesign_i/AudioCodec/U0/audio_ip_v1_1_S00_AXI_inst/lpms3_l/total0_carry__3_i_7__3/O
                         net (fo=1, routed)           0.000     1.768    h2_blockDesign_i/AudioCodec/U0/audio_ip_v1_1_S00_AXI_inst/lpms3_l/total0_carry__3_i_7__3_n_0
    SLICE_X39Y105        CARRY4 (Prop_carry4_S[1]_O[1])
                                                      0.065     1.833 r  h2_blockDesign_i/AudioCodec/U0/audio_ip_v1_1_S00_AXI_inst/lpms3_l/total0_carry__3/O[1]
                         net (fo=1, routed)           0.000     1.833    h2_blockDesign_i/AudioCodec/U0/audio_ip_v1_1_S00_AXI_inst/lpms3_l/total0_carry__3_n_6
    SLICE_X39Y105        FDRE                                         r  h2_blockDesign_i/AudioCodec/U0/audio_ip_v1_1_S00_AXI_inst/lpms3_l/total_reg[17]/D
  -------------------------------------------------------------------    -------------------

                         (clock clk_fpga_1 rise edge)
                                                      0.000     0.000 r  
    PS7_X0Y0             PS7                          0.000     0.000 r  h2_blockDesign_i/processing_system7_0/inst/PS7_i/FCLKCLK[1]
                         net (fo=1, routed)           0.337     0.337    h2_blockDesign_i/processing_system7_0/inst/FCLK_CLK_unbuffered[1]
    BUFGCTRL_X0Y17       BUFG (Prop_bufg_I_O)         0.029     0.366 r  h2_blockDesign_i/processing_system7_0/inst/buffer_fclk_clk_1.FCLK_CLK_1_BUFG/O
                         net (fo=645, routed)         0.910     1.276    h2_blockDesign_i/AudioCodec/U0/audio_ip_v1_1_S00_AXI_inst/lpms3_l/clk_48
    SLICE_X39Y105        FDRE                                         r  h2_blockDesign_i/AudioCodec/U0/audio_ip_v1_1_S00_AXI_inst/lpms3_l/total_reg[17]/C
                         clock pessimism              0.000     1.276    
                         clock uncertainty            0.349     1.625    
    SLICE_X39Y105        FDRE (Hold_fdre_C_D)         0.105     1.730    h2_blockDesign_i/AudioCodec/U0/audio_ip_v1_1_S00_AXI_inst/lpms3_l/total_reg[17]
  -------------------------------------------------------------------
                         required time                         -1.730    
                         arrival time                           1.833    
  -------------------------------------------------------------------
                         slack                                  0.103    





