Copyright 1986-2018 Xilinx, Inc. All Rights Reserved.
--------------------------------------------------------------------------------------------------------------------------------------------------------------------------------------------------------
| Tool Version : Vivado v.2018.3 (win64) Build 2405991 Thu Dec  6 23:38:27 MST 2018
| Date         : Tue Apr  8 16:06:44 2025
| Host         : U211170 running 64-bit major release  (build 9200)
| Command      : report_methodology -file h2_blockDesign_wrapper_methodology_drc_routed.rpt -pb h2_blockDesign_wrapper_methodology_drc_routed.pb -rpx h2_blockDesign_wrapper_methodology_drc_routed.rpx
| Design       : h2_blockDesign_wrapper
| Device       : xc7z020clg484-1
| Speed File   : -1
| Design State : Fully Routed
--------------------------------------------------------------------------------------------------------------------------------------------------------------------------------------------------------

Report Methodology

Table of Contents
-----------------
1. REPORT SUMMARY
2. REPORT DETAILS

1. REPORT SUMMARY
-----------------
            Netlist: netlist
          Floorplan: design_1
      Design limits: <entire design considered>
             Max violations: <unlimited>
             Violations found: 290
+-----------+----------+---------------------------------------------------+------------+
| Rule      | Severity | Description                                       | Violations |
+-----------+----------+---------------------------------------------------+------------+
| TIMING-6  | Warning  | No common primary clock between related clocks    | 1          |
| TIMING-7  | Warning  | No common node between related clocks             | 1          |
| TIMING-16 | Warning  | Large setup violation                             | 265        |
| TIMING-18 | Warning  | Missing input or output delay                     | 15         |
| XDCC-2    | Warning  | Scoped Non-Timing constraint/property overwritten | 8          |
+-----------+----------+---------------------------------------------------+------------+

2. REPORT DETAILS
-----------------
TIMING-6#1 Warning
No common primary clock between related clocks  
The clocks clk_fpga_0 and clk_fpga_1 are related (timed together) but they have no common primary clock. The design could fail in hardware. To find a timing path between these clocks, run the following command: report_timing -from [get_clocks clk_fpga_0] -to [get_clocks clk_fpga_1]
Related violations: <none>

TIMING-7#1 Warning
No common node between related clocks  
The clocks clk_fpga_0 and clk_fpga_1 are related (timed together) but they have no common node. The design could fail in hardware. To find a timing path between these clocks, run the following command: report_timing -from [get_clocks clk_fpga_0] -to [get_clocks clk_fpga_1]
Related violations: <none>

TIMING-16#1 Warning
Large setup violation  
There is a large setup violation of -2.255 ns between h2_blockDesign_i/AudioCodec/U0/audio_ip_v1_1_S00_AXI_inst/slv_reg0_reg[2]/C (clocked by clk_fpga_0) and h2_blockDesign_i/AudioCodec/U0/audio_ip_v1_1_S00_AXI_inst/lpms3_r/total_reg[0]/D (clocked by clk_fpga_1). Large setup violations at the end of those stages might be difficult to fix during the post-placement implementation flow and could be the result of non-optimal XDC constraints or non-optimal design architecture
Related violations: <none>

TIMING-16#2 Warning
Large setup violation  
There is a large setup violation of -2.270 ns between h2_blockDesign_i/AudioCodec/U0/audio_ip_v1_1_S00_AXI_inst/slv_reg1_reg[0]/C (clocked by clk_fpga_0) and h2_blockDesign_i/AudioCodec/U0/audio_ip_v1_1_S00_AXI_inst/lpms3_l/total_reg[0]/D (clocked by clk_fpga_1). Large setup violations at the end of those stages might be difficult to fix during the post-placement implementation flow and could be the result of non-optimal XDC constraints or non-optimal design architecture
Related violations: <none>

TIMING-16#3 Warning
Large setup violation  
There is a large setup violation of -2.286 ns between h2_blockDesign_i/AudioCodec/U0/audio_ip_v1_1_S00_AXI_inst/slv_reg0_reg[2]_rep/C (clocked by clk_fpga_0) and h2_blockDesign_i/AudioCodec/U0/audio_ip_v1_1_S00_AXI_inst/lpms2_l/total_reg[0]/D (clocked by clk_fpga_1). Large setup violations at the end of those stages might be difficult to fix during the post-placement implementation flow and could be the result of non-optimal XDC constraints or non-optimal design architecture
Related violations: <none>

TIMING-16#4 Warning
Large setup violation  
There is a large setup violation of -2.290 ns between h2_blockDesign_i/AudioCodec/U0/audio_ip_v1_1_S00_AXI_inst/slv_reg0_reg[2]_rep/C (clocked by clk_fpga_0) and h2_blockDesign_i/AudioCodec/U0/audio_ip_v1_1_S00_AXI_inst/lpms1_l/total_reg[0]/D (clocked by clk_fpga_1). Large setup violations at the end of those stages might be difficult to fix during the post-placement implementation flow and could be the result of non-optimal XDC constraints or non-optimal design architecture
Related violations: <none>

TIMING-16#5 Warning
Large setup violation  
There is a large setup violation of -2.293 ns between h2_blockDesign_i/AudioCodec/U0/audio_ip_v1_1_S00_AXI_inst/slv_reg0_reg[2]/C (clocked by clk_fpga_0) and h2_blockDesign_i/AudioCodec/U0/audio_ip_v1_1_S00_AXI_inst/lpms1_r/total_reg[0]/D (clocked by clk_fpga_1). Large setup violations at the end of those stages might be difficult to fix during the post-placement implementation flow and could be the result of non-optimal XDC constraints or non-optimal design architecture
Related violations: <none>

TIMING-16#6 Warning
Large setup violation  
There is a large setup violation of -2.305 ns between h2_blockDesign_i/AudioCodec/U0/audio_ip_v1_1_S00_AXI_inst/slv_reg0_reg[2]_rep/C (clocked by clk_fpga_0) and h2_blockDesign_i/AudioCodec/U0/audio_ip_v1_1_S00_AXI_inst/lpms1_l/delay_line_reg[187]_srl7/D (clocked by clk_fpga_1). Large setup violations at the end of those stages might be difficult to fix during the post-placement implementation flow and could be the result of non-optimal XDC constraints or non-optimal design architecture
Related violations: <none>

TIMING-16#7 Warning
Large setup violation  
There is a large setup violation of -2.316 ns between h2_blockDesign_i/AudioCodec/U0/audio_ip_v1_1_S00_AXI_inst/slv_reg0_reg[2]/C (clocked by clk_fpga_0) and h2_blockDesign_i/AudioCodec/U0/audio_ip_v1_1_S00_AXI_inst/lpms2_r/total_reg[0]/D (clocked by clk_fpga_1). Large setup violations at the end of those stages might be difficult to fix during the post-placement implementation flow and could be the result of non-optimal XDC constraints or non-optimal design architecture
Related violations: <none>

TIMING-16#8 Warning
Large setup violation  
There is a large setup violation of -2.319 ns between h2_blockDesign_i/AudioCodec/U0/audio_ip_v1_1_S00_AXI_inst/slv_reg0_reg[2]/C (clocked by clk_fpga_0) and h2_blockDesign_i/AudioCodec/U0/audio_ip_v1_1_S00_AXI_inst/lpms1_r/delay_line_reg[189]_srl7/D (clocked by clk_fpga_1). Large setup violations at the end of those stages might be difficult to fix during the post-placement implementation flow and could be the result of non-optimal XDC constraints or non-optimal design architecture
Related violations: <none>

TIMING-16#9 Warning
Large setup violation  
There is a large setup violation of -2.339 ns between h2_blockDesign_i/AudioCodec/U0/audio_ip_v1_1_S00_AXI_inst/slv_reg0_reg[2]/C (clocked by clk_fpga_0) and h2_blockDesign_i/AudioCodec/U0/audio_ip_v1_1_S00_AXI_inst/lpms1_r/delay_line_reg[182]_srl7/D (clocked by clk_fpga_1). Large setup violations at the end of those stages might be difficult to fix during the post-placement implementation flow and could be the result of non-optimal XDC constraints or non-optimal design architecture
Related violations: <none>

TIMING-16#10 Warning
Large setup violation  
There is a large setup violation of -2.353 ns between h2_blockDesign_i/AudioCodec/U0/audio_ip_v1_1_S00_AXI_inst/slv_reg0_reg[2]_rep/C (clocked by clk_fpga_0) and h2_blockDesign_i/AudioCodec/U0/audio_ip_v1_1_S00_AXI_inst/lpms1_l/delay_line_reg[181]_srl7/D (clocked by clk_fpga_1). Large setup violations at the end of those stages might be difficult to fix during the post-placement implementation flow and could be the result of non-optimal XDC constraints or non-optimal design architecture
Related violations: <none>

TIMING-16#11 Warning
Large setup violation  
There is a large setup violation of -2.354 ns between h2_blockDesign_i/AudioCodec/U0/audio_ip_v1_1_S00_AXI_inst/slv_reg1_reg[8]/C (clocked by clk_fpga_0) and h2_blockDesign_i/AudioCodec/U0/audio_ip_v1_1_S00_AXI_inst/lpms1_l/delay_line_reg[182]_srl7/D (clocked by clk_fpga_1). Large setup violations at the end of those stages might be difficult to fix during the post-placement implementation flow and could be the result of non-optimal XDC constraints or non-optimal design architecture
Related violations: <none>

TIMING-16#12 Warning
Large setup violation  
There is a large setup violation of -2.377 ns between h2_blockDesign_i/AudioCodec/U0/audio_ip_v1_1_S00_AXI_inst/slv_reg0_reg[2]/C (clocked by clk_fpga_0) and h2_blockDesign_i/AudioCodec/U0/audio_ip_v1_1_S00_AXI_inst/lpms1_r/delay_line_reg[190]_srl7/D (clocked by clk_fpga_1). Large setup violations at the end of those stages might be difficult to fix during the post-placement implementation flow and could be the result of non-optimal XDC constraints or non-optimal design architecture
Related violations: <none>

TIMING-16#13 Warning
Large setup violation  
There is a large setup violation of -2.389 ns between h2_blockDesign_i/AudioCodec/U0/audio_ip_v1_1_S00_AXI_inst/slv_reg0_reg[2]/C (clocked by clk_fpga_0) and h2_blockDesign_i/AudioCodec/U0/audio_ip_v1_1_S00_AXI_inst/lpms1_r/delay_line_reg[191]_srl7/D (clocked by clk_fpga_1). Large setup violations at the end of those stages might be difficult to fix during the post-placement implementation flow and could be the result of non-optimal XDC constraints or non-optimal design architecture
Related violations: <none>

TIMING-16#14 Warning
Large setup violation  
There is a large setup violation of -2.397 ns between h2_blockDesign_i/AudioCodec/U0/audio_ip_v1_1_S00_AXI_inst/slv_reg0_reg[2]/C (clocked by clk_fpga_0) and h2_blockDesign_i/AudioCodec/U0/audio_ip_v1_1_S00_AXI_inst/lpms1_r/delay_line_reg[181]_srl7/D (clocked by clk_fpga_1). Large setup violations at the end of those stages might be difficult to fix during the post-placement implementation flow and could be the result of non-optimal XDC constraints or non-optimal design architecture
Related violations: <none>

TIMING-16#15 Warning
Large setup violation  
There is a large setup violation of -2.399 ns between h2_blockDesign_i/AudioCodec/U0/audio_ip_v1_1_S00_AXI_inst/slv_reg0_reg[2]_rep/C (clocked by clk_fpga_0) and h2_blockDesign_i/AudioCodec/U0/audio_ip_v1_1_S00_AXI_inst/lpms1_l/delay_line_reg[180]_srl7/D (clocked by clk_fpga_1). Large setup violations at the end of those stages might be difficult to fix during the post-placement implementation flow and could be the result of non-optimal XDC constraints or non-optimal design architecture
Related violations: <none>

TIMING-16#16 Warning
Large setup violation  
There is a large setup violation of -2.403 ns between h2_blockDesign_i/AudioCodec/U0/audio_ip_v1_1_S00_AXI_inst/slv_reg0_reg[2]_rep/C (clocked by clk_fpga_0) and h2_blockDesign_i/AudioCodec/U0/audio_ip_v1_1_S00_AXI_inst/lpms1_l/delay_line_reg[185]_srl7/D (clocked by clk_fpga_1). Large setup violations at the end of those stages might be difficult to fix during the post-placement implementation flow and could be the result of non-optimal XDC constraints or non-optimal design architecture
Related violations: <none>

TIMING-16#17 Warning
Large setup violation  
There is a large setup violation of -2.412 ns between h2_blockDesign_i/AudioCodec/U0/audio_ip_v1_1_S00_AXI_inst/slv_reg0_reg[2]/C (clocked by clk_fpga_0) and h2_blockDesign_i/AudioCodec/U0/audio_ip_v1_1_S00_AXI_inst/lpms1_r/delay_line_reg[176]_srl7/D (clocked by clk_fpga_1). Large setup violations at the end of those stages might be difficult to fix during the post-placement implementation flow and could be the result of non-optimal XDC constraints or non-optimal design architecture
Related violations: <none>

TIMING-16#18 Warning
Large setup violation  
There is a large setup violation of -2.412 ns between h2_blockDesign_i/AudioCodec/U0/audio_ip_v1_1_S00_AXI_inst/slv_reg0_reg[2]/C (clocked by clk_fpga_0) and h2_blockDesign_i/AudioCodec/U0/audio_ip_v1_1_S00_AXI_inst/lpms1_r/delay_line_reg[185]_srl7/D (clocked by clk_fpga_1). Large setup violations at the end of those stages might be difficult to fix during the post-placement implementation flow and could be the result of non-optimal XDC constraints or non-optimal design architecture
Related violations: <none>

TIMING-16#19 Warning
Large setup violation  
There is a large setup violation of -2.416 ns between h2_blockDesign_i/AudioCodec/U0/audio_ip_v1_1_S00_AXI_inst/slv_reg1_reg[20]/C (clocked by clk_fpga_0) and h2_blockDesign_i/AudioCodec/U0/audio_ip_v1_1_S00_AXI_inst/lpms1_l/delay_line_reg[194]_srl7/D (clocked by clk_fpga_1). Large setup violations at the end of those stages might be difficult to fix during the post-placement implementation flow and could be the result of non-optimal XDC constraints or non-optimal design architecture
Related violations: <none>

TIMING-16#20 Warning
Large setup violation  
There is a large setup violation of -2.433 ns between h2_blockDesign_i/AudioCodec/U0/audio_ip_v1_1_S00_AXI_inst/slv_reg1_reg[1]/C (clocked by clk_fpga_0) and h2_blockDesign_i/AudioCodec/U0/audio_ip_v1_1_S00_AXI_inst/lpms1_l/delay_line_reg[175]_srl7/D (clocked by clk_fpga_1). Large setup violations at the end of those stages might be difficult to fix during the post-placement implementation flow and could be the result of non-optimal XDC constraints or non-optimal design architecture
Related violations: <none>

TIMING-16#21 Warning
Large setup violation  
There is a large setup violation of -2.439 ns between h2_blockDesign_i/AudioCodec/U0/audio_ip_v1_1_S00_AXI_inst/slv_reg0_reg[2]/C (clocked by clk_fpga_0) and h2_blockDesign_i/AudioCodec/U0/audio_ip_v1_1_S00_AXI_inst/lpms1_r/delay_line_reg[178]_srl7/D (clocked by clk_fpga_1). Large setup violations at the end of those stages might be difficult to fix during the post-placement implementation flow and could be the result of non-optimal XDC constraints or non-optimal design architecture
Related violations: <none>

TIMING-16#22 Warning
Large setup violation  
There is a large setup violation of -2.453 ns between h2_blockDesign_i/AudioCodec/U0/audio_ip_v1_1_S00_AXI_inst/slv_reg0_reg[2]/C (clocked by clk_fpga_0) and h2_blockDesign_i/AudioCodec/U0/audio_ip_v1_1_S00_AXI_inst/lpms1_r/delay_line_reg[180]_srl7/D (clocked by clk_fpga_1). Large setup violations at the end of those stages might be difficult to fix during the post-placement implementation flow and could be the result of non-optimal XDC constraints or non-optimal design architecture
Related violations: <none>

TIMING-16#23 Warning
Large setup violation  
There is a large setup violation of -2.454 ns between h2_blockDesign_i/AudioCodec/U0/audio_ip_v1_1_S00_AXI_inst/slv_reg0_reg[2]_rep/C (clocked by clk_fpga_0) and h2_blockDesign_i/AudioCodec/U0/audio_ip_v1_1_S00_AXI_inst/lpms1_l/delay_line_reg[178]_srl7/D (clocked by clk_fpga_1). Large setup violations at the end of those stages might be difficult to fix during the post-placement implementation flow and could be the result of non-optimal XDC constraints or non-optimal design architecture
Related violations: <none>

TIMING-16#24 Warning
Large setup violation  
There is a large setup violation of -2.462 ns between h2_blockDesign_i/AudioCodec/U0/audio_ip_v1_1_S00_AXI_inst/slv_reg1_reg[14]/C (clocked by clk_fpga_0) and h2_blockDesign_i/AudioCodec/U0/audio_ip_v1_1_S00_AXI_inst/lpms1_l/delay_line_reg[188]_srl7/D (clocked by clk_fpga_1). Large setup violations at the end of those stages might be difficult to fix during the post-placement implementation flow and could be the result of non-optimal XDC constraints or non-optimal design architecture
Related violations: <none>

TIMING-16#25 Warning
Large setup violation  
There is a large setup violation of -2.464 ns between h2_blockDesign_i/AudioCodec/U0/audio_ip_v1_1_S00_AXI_inst/slv_reg1_reg[15]/C (clocked by clk_fpga_0) and h2_blockDesign_i/AudioCodec/U0/audio_ip_v1_1_S00_AXI_inst/lpms1_l/delay_line_reg[189]_srl7/D (clocked by clk_fpga_1). Large setup violations at the end of those stages might be difficult to fix during the post-placement implementation flow and could be the result of non-optimal XDC constraints or non-optimal design architecture
Related violations: <none>

TIMING-16#26 Warning
Large setup violation  
There is a large setup violation of -2.469 ns between h2_blockDesign_i/AudioCodec/U0/audio_ip_v1_1_S00_AXI_inst/slv_reg1_reg[22]/C (clocked by clk_fpga_0) and h2_blockDesign_i/AudioCodec/U0/audio_ip_v1_1_S00_AXI_inst/lpms1_l/delay_line_reg[196]_srl7/D (clocked by clk_fpga_1). Large setup violations at the end of those stages might be difficult to fix during the post-placement implementation flow and could be the result of non-optimal XDC constraints or non-optimal design architecture
Related violations: <none>

TIMING-16#27 Warning
Large setup violation  
There is a large setup violation of -2.470 ns between h2_blockDesign_i/AudioCodec/U0/audio_ip_v1_1_S00_AXI_inst/slv_reg0_reg[2]_rep/C (clocked by clk_fpga_0) and h2_blockDesign_i/AudioCodec/U0/audio_ip_v1_1_S00_AXI_inst/lpms1_l/delay_line_reg[193]_srl7/D (clocked by clk_fpga_1). Large setup violations at the end of those stages might be difficult to fix during the post-placement implementation flow and could be the result of non-optimal XDC constraints or non-optimal design architecture
Related violations: <none>

TIMING-16#28 Warning
Large setup violation  
There is a large setup violation of -2.476 ns between h2_blockDesign_i/AudioCodec/U0/audio_ip_v1_1_S00_AXI_inst/slv_reg0_reg[2]/C (clocked by clk_fpga_0) and h2_blockDesign_i/AudioCodec/U0/audio_ip_v1_1_S00_AXI_inst/lpms1_r/delay_line_reg[184]_srl7/D (clocked by clk_fpga_1). Large setup violations at the end of those stages might be difficult to fix during the post-placement implementation flow and could be the result of non-optimal XDC constraints or non-optimal design architecture
Related violations: <none>

TIMING-16#29 Warning
Large setup violation  
There is a large setup violation of -2.480 ns between h2_blockDesign_i/AudioCodec/U0/audio_ip_v1_1_S00_AXI_inst/slv_reg2_reg[9]/C (clocked by clk_fpga_0) and h2_blockDesign_i/AudioCodec/U0/audio_ip_v1_1_S00_AXI_inst/lpms1_r/delay_line_reg[183]_srl7/D (clocked by clk_fpga_1). Large setup violations at the end of those stages might be difficult to fix during the post-placement implementation flow and could be the result of non-optimal XDC constraints or non-optimal design architecture
Related violations: <none>

TIMING-16#30 Warning
Large setup violation  
There is a large setup violation of -2.483 ns between h2_blockDesign_i/AudioCodec/U0/audio_ip_v1_1_S00_AXI_inst/slv_reg0_reg[2]/C (clocked by clk_fpga_0) and h2_blockDesign_i/AudioCodec/U0/audio_ip_v1_1_S00_AXI_inst/lpms1_r/delay_line_reg[186]_srl7/D (clocked by clk_fpga_1). Large setup violations at the end of those stages might be difficult to fix during the post-placement implementation flow and could be the result of non-optimal XDC constraints or non-optimal design architecture
Related violations: <none>

TIMING-16#31 Warning
Large setup violation  
There is a large setup violation of -2.489 ns between h2_blockDesign_i/AudioCodec/U0/audio_ip_v1_1_S00_AXI_inst/slv_reg0_reg[2]/C (clocked by clk_fpga_0) and h2_blockDesign_i/AudioCodec/U0/audio_ip_v1_1_S00_AXI_inst/lpms1_r/delay_line_reg[192]_srl7/D (clocked by clk_fpga_1). Large setup violations at the end of those stages might be difficult to fix during the post-placement implementation flow and could be the result of non-optimal XDC constraints or non-optimal design architecture
Related violations: <none>

TIMING-16#32 Warning
Large setup violation  
There is a large setup violation of -2.493 ns between h2_blockDesign_i/AudioCodec/U0/audio_ip_v1_1_S00_AXI_inst/slv_reg0_reg[2]_rep/C (clocked by clk_fpga_0) and h2_blockDesign_i/AudioCodec/U0/audio_ip_v1_1_S00_AXI_inst/lpms1_l/delay_line_reg[177]_srl7/D (clocked by clk_fpga_1). Large setup violations at the end of those stages might be difficult to fix during the post-placement implementation flow and could be the result of non-optimal XDC constraints or non-optimal design architecture
Related violations: <none>

TIMING-16#33 Warning
Large setup violation  
There is a large setup violation of -2.511 ns between h2_blockDesign_i/AudioCodec/U0/audio_ip_v1_1_S00_AXI_inst/slv_reg1_reg[12]/C (clocked by clk_fpga_0) and h2_blockDesign_i/AudioCodec/U0/audio_ip_v1_1_S00_AXI_inst/lpms1_l/delay_line_reg[186]_srl7/D (clocked by clk_fpga_1). Large setup violations at the end of those stages might be difficult to fix during the post-placement implementation flow and could be the result of non-optimal XDC constraints or non-optimal design architecture
Related violations: <none>

TIMING-16#34 Warning
Large setup violation  
There is a large setup violation of -2.512 ns between h2_blockDesign_i/AudioCodec/U0/audio_ip_v1_1_S00_AXI_inst/slv_reg1_reg[10]/C (clocked by clk_fpga_0) and h2_blockDesign_i/AudioCodec/U0/audio_ip_v1_1_S00_AXI_inst/lpms1_l/delay_line_reg[184]_srl7/D (clocked by clk_fpga_1). Large setup violations at the end of those stages might be difficult to fix during the post-placement implementation flow and could be the result of non-optimal XDC constraints or non-optimal design architecture
Related violations: <none>

TIMING-16#35 Warning
Large setup violation  
There is a large setup violation of -2.520 ns between h2_blockDesign_i/AudioCodec/U0/audio_ip_v1_1_S00_AXI_inst/slv_reg0_reg[2]/C (clocked by clk_fpga_0) and h2_blockDesign_i/AudioCodec/U0/audio_ip_v1_1_S00_AXI_inst/lpms1_r/delay_line_reg[175]_srl7/D (clocked by clk_fpga_1). Large setup violations at the end of those stages might be difficult to fix during the post-placement implementation flow and could be the result of non-optimal XDC constraints or non-optimal design architecture
Related violations: <none>

TIMING-16#36 Warning
Large setup violation  
There is a large setup violation of -2.531 ns between h2_blockDesign_i/AudioCodec/U0/audio_ip_v1_1_S00_AXI_inst/slv_reg0_reg[2]/C (clocked by clk_fpga_0) and h2_blockDesign_i/AudioCodec/U0/audio_ip_v1_1_S00_AXI_inst/lpms3_r/total_reg[1]/D (clocked by clk_fpga_1). Large setup violations at the end of those stages might be difficult to fix during the post-placement implementation flow and could be the result of non-optimal XDC constraints or non-optimal design architecture
Related violations: <none>

TIMING-16#37 Warning
Large setup violation  
There is a large setup violation of -2.532 ns between h2_blockDesign_i/AudioCodec/U0/audio_ip_v1_1_S00_AXI_inst/slv_reg0_reg[2]/C (clocked by clk_fpga_0) and h2_blockDesign_i/AudioCodec/U0/audio_ip_v1_1_S00_AXI_inst/lpms2_r/total_reg[1]/D (clocked by clk_fpga_1). Large setup violations at the end of those stages might be difficult to fix during the post-placement implementation flow and could be the result of non-optimal XDC constraints or non-optimal design architecture
Related violations: <none>

TIMING-16#38 Warning
Large setup violation  
There is a large setup violation of -2.533 ns between h2_blockDesign_i/AudioCodec/U0/audio_ip_v1_1_S00_AXI_inst/slv_reg2_reg[13]/C (clocked by clk_fpga_0) and h2_blockDesign_i/AudioCodec/U0/audio_ip_v1_1_S00_AXI_inst/lpms1_r/delay_line_reg[187]_srl7/D (clocked by clk_fpga_1). Large setup violations at the end of those stages might be difficult to fix during the post-placement implementation flow and could be the result of non-optimal XDC constraints or non-optimal design architecture
Related violations: <none>

TIMING-16#39 Warning
Large setup violation  
There is a large setup violation of -2.535 ns between h2_blockDesign_i/AudioCodec/U0/audio_ip_v1_1_S00_AXI_inst/slv_reg0_reg[2]/C (clocked by clk_fpga_0) and h2_blockDesign_i/AudioCodec/U0/audio_ip_v1_1_S00_AXI_inst/Inst_adau1761_izedboard/Inst_i2s_data_interface/sr_out_reg[25]/D (clocked by clk_fpga_1). Large setup violations at the end of those stages might be difficult to fix during the post-placement implementation flow and could be the result of non-optimal XDC constraints or non-optimal design architecture
Related violations: <none>

TIMING-16#40 Warning
Large setup violation  
There is a large setup violation of -2.545 ns between h2_blockDesign_i/AudioCodec/U0/audio_ip_v1_1_S00_AXI_inst/slv_reg2_reg[0]/C (clocked by clk_fpga_0) and h2_blockDesign_i/AudioCodec/U0/audio_ip_v1_1_S00_AXI_inst/Inst_adau1761_izedboard/Inst_i2s_data_interface/sr_out_reg[8]/D (clocked by clk_fpga_1). Large setup violations at the end of those stages might be difficult to fix during the post-placement implementation flow and could be the result of non-optimal XDC constraints or non-optimal design architecture
Related violations: <none>

TIMING-16#41 Warning
Large setup violation  
There is a large setup violation of -2.550 ns between h2_blockDesign_i/AudioCodec/U0/audio_ip_v1_1_S00_AXI_inst/slv_reg0_reg[2]_rep/C (clocked by clk_fpga_0) and h2_blockDesign_i/AudioCodec/U0/audio_ip_v1_1_S00_AXI_inst/Inst_adau1761_izedboard/Inst_i2s_data_interface/sr_out_reg[53]/D (clocked by clk_fpga_1). Large setup violations at the end of those stages might be difficult to fix during the post-placement implementation flow and could be the result of non-optimal XDC constraints or non-optimal design architecture
Related violations: <none>

TIMING-16#42 Warning
Large setup violation  
There is a large setup violation of -2.559 ns between h2_blockDesign_i/AudioCodec/U0/audio_ip_v1_1_S00_AXI_inst/slv_reg0_reg[2]_rep/C (clocked by clk_fpga_0) and h2_blockDesign_i/AudioCodec/U0/audio_ip_v1_1_S00_AXI_inst/lpms1_l/delay_line_reg[183]_srl7/D (clocked by clk_fpga_1). Large setup violations at the end of those stages might be difficult to fix during the post-placement implementation flow and could be the result of non-optimal XDC constraints or non-optimal design architecture
Related violations: <none>

TIMING-16#43 Warning
Large setup violation  
There is a large setup violation of -2.560 ns between h2_blockDesign_i/AudioCodec/U0/audio_ip_v1_1_S00_AXI_inst/slv_reg0_reg[2]_rep/C (clocked by clk_fpga_0) and h2_blockDesign_i/AudioCodec/U0/audio_ip_v1_1_S00_AXI_inst/lpms1_l/delay_line_reg[176]_srl7/D (clocked by clk_fpga_1). Large setup violations at the end of those stages might be difficult to fix during the post-placement implementation flow and could be the result of non-optimal XDC constraints or non-optimal design architecture
Related violations: <none>

TIMING-16#44 Warning
Large setup violation  
There is a large setup violation of -2.561 ns between h2_blockDesign_i/AudioCodec/U0/audio_ip_v1_1_S00_AXI_inst/slv_reg0_reg[2]_rep/C (clocked by clk_fpga_0) and h2_blockDesign_i/AudioCodec/U0/audio_ip_v1_1_S00_AXI_inst/lpms2_l/total_reg[1]/D (clocked by clk_fpga_1). Large setup violations at the end of those stages might be difficult to fix during the post-placement implementation flow and could be the result of non-optimal XDC constraints or non-optimal design architecture
Related violations: <none>

TIMING-16#45 Warning
Large setup violation  
There is a large setup violation of -2.567 ns between h2_blockDesign_i/AudioCodec/U0/audio_ip_v1_1_S00_AXI_inst/slv_reg0_reg[2]/C (clocked by clk_fpga_0) and h2_blockDesign_i/AudioCodec/U0/audio_ip_v1_1_S00_AXI_inst/Inst_adau1761_izedboard/Inst_i2s_data_interface/sr_out_reg[16]/D (clocked by clk_fpga_1). Large setup violations at the end of those stages might be difficult to fix during the post-placement implementation flow and could be the result of non-optimal XDC constraints or non-optimal design architecture
Related violations: <none>

TIMING-16#46 Warning
Large setup violation  
There is a large setup violation of -2.574 ns between h2_blockDesign_i/AudioCodec/U0/audio_ip_v1_1_S00_AXI_inst/slv_reg0_reg[2]/C (clocked by clk_fpga_0) and h2_blockDesign_i/AudioCodec/U0/audio_ip_v1_1_S00_AXI_inst/lpms1_r/total_reg[1]/D (clocked by clk_fpga_1). Large setup violations at the end of those stages might be difficult to fix during the post-placement implementation flow and could be the result of non-optimal XDC constraints or non-optimal design architecture
Related violations: <none>

TIMING-16#47 Warning
Large setup violation  
There is a large setup violation of -2.576 ns between h2_blockDesign_i/AudioCodec/U0/audio_ip_v1_1_S00_AXI_inst/slv_reg0_reg[2]_rep/C (clocked by clk_fpga_0) and h2_blockDesign_i/AudioCodec/U0/audio_ip_v1_1_S00_AXI_inst/lpms1_l/delay_line_reg[179]_srl7/D (clocked by clk_fpga_1). Large setup violations at the end of those stages might be difficult to fix during the post-placement implementation flow and could be the result of non-optimal XDC constraints or non-optimal design architecture
Related violations: <none>

TIMING-16#48 Warning
Large setup violation  
There is a large setup violation of -2.578 ns between h2_blockDesign_i/AudioCodec/U0/audio_ip_v1_1_S00_AXI_inst/slv_reg1_reg[1]/C (clocked by clk_fpga_0) and h2_blockDesign_i/AudioCodec/U0/audio_ip_v1_1_S00_AXI_inst/Inst_adau1761_izedboard/Inst_i2s_data_interface/sr_out_reg[41]/D (clocked by clk_fpga_1). Large setup violations at the end of those stages might be difficult to fix during the post-placement implementation flow and could be the result of non-optimal XDC constraints or non-optimal design architecture
Related violations: <none>

TIMING-16#49 Warning
Large setup violation  
There is a large setup violation of -2.582 ns between h2_blockDesign_i/AudioCodec/U0/audio_ip_v1_1_S00_AXI_inst/slv_reg0_reg[2]/C (clocked by clk_fpga_0) and h2_blockDesign_i/AudioCodec/U0/audio_ip_v1_1_S00_AXI_inst/lpms1_r/delay_line_reg[196]_srl7/D (clocked by clk_fpga_1). Large setup violations at the end of those stages might be difficult to fix during the post-placement implementation flow and could be the result of non-optimal XDC constraints or non-optimal design architecture
Related violations: <none>

TIMING-16#50 Warning
Large setup violation  
There is a large setup violation of -2.590 ns between h2_blockDesign_i/AudioCodec/U0/audio_ip_v1_1_S00_AXI_inst/slv_reg2_reg[3]/C (clocked by clk_fpga_0) and h2_blockDesign_i/AudioCodec/U0/audio_ip_v1_1_S00_AXI_inst/lpms1_r/delay_line_reg[177]_srl7/D (clocked by clk_fpga_1). Large setup violations at the end of those stages might be difficult to fix during the post-placement implementation flow and could be the result of non-optimal XDC constraints or non-optimal design architecture
Related violations: <none>

TIMING-16#51 Warning
Large setup violation  
There is a large setup violation of -2.596 ns between h2_blockDesign_i/AudioCodec/U0/audio_ip_v1_1_S00_AXI_inst/slv_reg1_reg[8]/C (clocked by clk_fpga_0) and h2_blockDesign_i/AudioCodec/U0/audio_ip_v1_1_S00_AXI_inst/Inst_adau1761_izedboard/Inst_i2s_data_interface/sr_out_reg[48]/D (clocked by clk_fpga_1). Large setup violations at the end of those stages might be difficult to fix during the post-placement implementation flow and could be the result of non-optimal XDC constraints or non-optimal design architecture
Related violations: <none>

TIMING-16#52 Warning
Large setup violation  
There is a large setup violation of -2.600 ns between h2_blockDesign_i/AudioCodec/U0/audio_ip_v1_1_S00_AXI_inst/slv_reg0_reg[2]/C (clocked by clk_fpga_0) and h2_blockDesign_i/AudioCodec/U0/audio_ip_v1_1_S00_AXI_inst/lpms1_r/delay_line_reg[179]_srl7/D (clocked by clk_fpga_1). Large setup violations at the end of those stages might be difficult to fix during the post-placement implementation flow and could be the result of non-optimal XDC constraints or non-optimal design architecture
Related violations: <none>

TIMING-16#53 Warning
Large setup violation  
There is a large setup violation of -2.600 ns between h2_blockDesign_i/AudioCodec/U0/audio_ip_v1_1_S00_AXI_inst/slv_reg0_reg[2]/C (clocked by clk_fpga_0) and h2_blockDesign_i/AudioCodec/U0/audio_ip_v1_1_S00_AXI_inst/lpms1_r/delay_line_reg[194]_srl7/D (clocked by clk_fpga_1). Large setup violations at the end of those stages might be difficult to fix during the post-placement implementation flow and could be the result of non-optimal XDC constraints or non-optimal design architecture
Related violations: <none>

TIMING-16#54 Warning
Large setup violation  
There is a large setup violation of -2.615 ns between h2_blockDesign_i/AudioCodec/U0/audio_ip_v1_1_S00_AXI_inst/slv_reg1_reg[23]/C (clocked by clk_fpga_0) and h2_blockDesign_i/AudioCodec/U0/audio_ip_v1_1_S00_AXI_inst/lpms1_l/delay_line_reg[200]_srl7/D (clocked by clk_fpga_1). Large setup violations at the end of those stages might be difficult to fix during the post-placement implementation flow and could be the result of non-optimal XDC constraints or non-optimal design architecture
Related violations: <none>

TIMING-16#55 Warning
Large setup violation  
There is a large setup violation of -2.626 ns between h2_blockDesign_i/AudioCodec/U0/audio_ip_v1_1_S00_AXI_inst/slv_reg0_reg[1]/C (clocked by clk_fpga_0) and h2_blockDesign_i/AudioCodec/U0/audio_ip_v1_1_S00_AXI_inst/Inst_adau1761_izedboard/Inst_i2c/Inst_i3c2/skip_reg/D (clocked by clk_fpga_1). Large setup violations at the end of those stages might be difficult to fix during the post-placement implementation flow and could be the result of non-optimal XDC constraints or non-optimal design architecture
Related violations: <none>

TIMING-16#56 Warning
Large setup violation  
There is a large setup violation of -2.626 ns between h2_blockDesign_i/AudioCodec/U0/audio_ip_v1_1_S00_AXI_inst/slv_reg0_reg[2]_rep/C (clocked by clk_fpga_0) and h2_blockDesign_i/AudioCodec/U0/audio_ip_v1_1_S00_AXI_inst/Inst_adau1761_izedboard/Inst_i2s_data_interface/sr_out_reg[51]/D (clocked by clk_fpga_1). Large setup violations at the end of those stages might be difficult to fix during the post-placement implementation flow and could be the result of non-optimal XDC constraints or non-optimal design architecture
Related violations: <none>

TIMING-16#57 Warning
Large setup violation  
There is a large setup violation of -2.630 ns between h2_blockDesign_i/AudioCodec/U0/audio_ip_v1_1_S00_AXI_inst/slv_reg0_reg[2]_rep/C (clocked by clk_fpga_0) and h2_blockDesign_i/AudioCodec/U0/audio_ip_v1_1_S00_AXI_inst/lpms3_l/total_reg[1]/D (clocked by clk_fpga_1). Large setup violations at the end of those stages might be difficult to fix during the post-placement implementation flow and could be the result of non-optimal XDC constraints or non-optimal design architecture
Related violations: <none>

TIMING-16#58 Warning
Large setup violation  
There is a large setup violation of -2.646 ns between h2_blockDesign_i/AudioCodec/U0/audio_ip_v1_1_S00_AXI_inst/slv_reg0_reg[2]/C (clocked by clk_fpga_0) and h2_blockDesign_i/AudioCodec/U0/audio_ip_v1_1_S00_AXI_inst/lpms1_r/delay_line_reg[174]_srl7/D (clocked by clk_fpga_1). Large setup violations at the end of those stages might be difficult to fix during the post-placement implementation flow and could be the result of non-optimal XDC constraints or non-optimal design architecture
Related violations: <none>

TIMING-16#59 Warning
Large setup violation  
There is a large setup violation of -2.654 ns between h2_blockDesign_i/AudioCodec/U0/audio_ip_v1_1_S00_AXI_inst/slv_reg0_reg[2]_rep/C (clocked by clk_fpga_0) and h2_blockDesign_i/AudioCodec/U0/audio_ip_v1_1_S00_AXI_inst/Inst_adau1761_izedboard/Inst_i2s_data_interface/sr_out_reg[49]/D (clocked by clk_fpga_1). Large setup violations at the end of those stages might be difficult to fix during the post-placement implementation flow and could be the result of non-optimal XDC constraints or non-optimal design architecture
Related violations: <none>

TIMING-16#60 Warning
Large setup violation  
There is a large setup violation of -2.660 ns between h2_blockDesign_i/AudioCodec/U0/audio_ip_v1_1_S00_AXI_inst/slv_reg0_reg[2]_rep/C (clocked by clk_fpga_0) and h2_blockDesign_i/AudioCodec/U0/audio_ip_v1_1_S00_AXI_inst/Inst_adau1761_izedboard/Inst_i2s_data_interface/sr_out_reg[47]/D (clocked by clk_fpga_1). Large setup violations at the end of those stages might be difficult to fix during the post-placement implementation flow and could be the result of non-optimal XDC constraints or non-optimal design architecture
Related violations: <none>

TIMING-16#61 Warning
Large setup violation  
There is a large setup violation of -2.668 ns between h2_blockDesign_i/AudioCodec/U0/audio_ip_v1_1_S00_AXI_inst/slv_reg0_reg[2]/C (clocked by clk_fpga_0) and h2_blockDesign_i/AudioCodec/U0/audio_ip_v1_1_S00_AXI_inst/lpms1_r/delay_line_reg[188]_srl7/D (clocked by clk_fpga_1). Large setup violations at the end of those stages might be difficult to fix during the post-placement implementation flow and could be the result of non-optimal XDC constraints or non-optimal design architecture
Related violations: <none>

TIMING-16#62 Warning
Large setup violation  
There is a large setup violation of -2.675 ns between h2_blockDesign_i/AudioCodec/U0/audio_ip_v1_1_S00_AXI_inst/slv_reg0_reg[2]_rep/C (clocked by clk_fpga_0) and h2_blockDesign_i/AudioCodec/U0/audio_ip_v1_1_S00_AXI_inst/Inst_adau1761_izedboard/Inst_i2s_data_interface/sr_out_reg[42]/D (clocked by clk_fpga_1). Large setup violations at the end of those stages might be difficult to fix during the post-placement implementation flow and could be the result of non-optimal XDC constraints or non-optimal design architecture
Related violations: <none>

TIMING-16#63 Warning
Large setup violation  
There is a large setup violation of -2.679 ns between h2_blockDesign_i/AudioCodec/U0/audio_ip_v1_1_S00_AXI_inst/slv_reg0_reg[2]_rep/C (clocked by clk_fpga_0) and h2_blockDesign_i/AudioCodec/U0/audio_ip_v1_1_S00_AXI_inst/lpms1_l/delay_line_reg[190]_srl7/D (clocked by clk_fpga_1). Large setup violations at the end of those stages might be difficult to fix during the post-placement implementation flow and could be the result of non-optimal XDC constraints or non-optimal design architecture
Related violations: <none>

TIMING-16#64 Warning
Large setup violation  
There is a large setup violation of -2.709 ns between h2_blockDesign_i/AudioCodec/U0/audio_ip_v1_1_S00_AXI_inst/slv_reg1_reg[15]/C (clocked by clk_fpga_0) and h2_blockDesign_i/AudioCodec/U0/audio_ip_v1_1_S00_AXI_inst/Inst_adau1761_izedboard/Inst_i2s_data_interface/sr_out_reg[55]/D (clocked by clk_fpga_1). Large setup violations at the end of those stages might be difficult to fix during the post-placement implementation flow and could be the result of non-optimal XDC constraints or non-optimal design architecture
Related violations: <none>

TIMING-16#65 Warning
Large setup violation  
There is a large setup violation of -2.713 ns between h2_blockDesign_i/AudioCodec/U0/audio_ip_v1_1_S00_AXI_inst/slv_reg0_reg[2]/C (clocked by clk_fpga_0) and h2_blockDesign_i/AudioCodec/U0/audio_ip_v1_1_S00_AXI_inst/Inst_adau1761_izedboard/Inst_i2s_data_interface/sr_out_reg[26]/D (clocked by clk_fpga_1). Large setup violations at the end of those stages might be difficult to fix during the post-placement implementation flow and could be the result of non-optimal XDC constraints or non-optimal design architecture
Related violations: <none>

TIMING-16#66 Warning
Large setup violation  
There is a large setup violation of -2.717 ns between h2_blockDesign_i/AudioCodec/U0/audio_ip_v1_1_S00_AXI_inst/slv_reg0_reg[2]/C (clocked by clk_fpga_0) and h2_blockDesign_i/AudioCodec/U0/audio_ip_v1_1_S00_AXI_inst/lpms1_r/delay_line_reg[193]_srl7/D (clocked by clk_fpga_1). Large setup violations at the end of those stages might be difficult to fix during the post-placement implementation flow and could be the result of non-optimal XDC constraints or non-optimal design architecture
Related violations: <none>

TIMING-16#67 Warning
Large setup violation  
There is a large setup violation of -2.720 ns between h2_blockDesign_i/AudioCodec/U0/audio_ip_v1_1_S00_AXI_inst/slv_reg1_reg[14]/C (clocked by clk_fpga_0) and h2_blockDesign_i/AudioCodec/U0/audio_ip_v1_1_S00_AXI_inst/Inst_adau1761_izedboard/Inst_i2s_data_interface/sr_out_reg[54]/D (clocked by clk_fpga_1). Large setup violations at the end of those stages might be difficult to fix during the post-placement implementation flow and could be the result of non-optimal XDC constraints or non-optimal design architecture
Related violations: <none>

TIMING-16#68 Warning
Large setup violation  
There is a large setup violation of -2.723 ns between h2_blockDesign_i/AudioCodec/U0/audio_ip_v1_1_S00_AXI_inst/slv_reg0_reg[2]_rep/C (clocked by clk_fpga_0) and h2_blockDesign_i/AudioCodec/U0/audio_ip_v1_1_S00_AXI_inst/lpms1_l/delay_line_reg[174]_srl7/D (clocked by clk_fpga_1). Large setup violations at the end of those stages might be difficult to fix during the post-placement implementation flow and could be the result of non-optimal XDC constraints or non-optimal design architecture
Related violations: <none>

TIMING-16#69 Warning
Large setup violation  
There is a large setup violation of -2.730 ns between h2_blockDesign_i/AudioCodec/U0/audio_ip_v1_1_S00_AXI_inst/slv_reg1_reg[12]/C (clocked by clk_fpga_0) and h2_blockDesign_i/AudioCodec/U0/audio_ip_v1_1_S00_AXI_inst/Inst_adau1761_izedboard/Inst_i2s_data_interface/sr_out_reg[52]/D (clocked by clk_fpga_1). Large setup violations at the end of those stages might be difficult to fix during the post-placement implementation flow and could be the result of non-optimal XDC constraints or non-optimal design architecture
Related violations: <none>

TIMING-16#70 Warning
Large setup violation  
There is a large setup violation of -2.732 ns between h2_blockDesign_i/AudioCodec/U0/audio_ip_v1_1_S00_AXI_inst/slv_reg1_reg[20]/C (clocked by clk_fpga_0) and h2_blockDesign_i/AudioCodec/U0/audio_ip_v1_1_S00_AXI_inst/Inst_adau1761_izedboard/Inst_i2s_data_interface/sr_out_reg[60]/D (clocked by clk_fpga_1). Large setup violations at the end of those stages might be difficult to fix during the post-placement implementation flow and could be the result of non-optimal XDC constraints or non-optimal design architecture
Related violations: <none>

TIMING-16#71 Warning
Large setup violation  
There is a large setup violation of -2.733 ns between h2_blockDesign_i/AudioCodec/U0/audio_ip_v1_1_S00_AXI_inst/slv_reg1_reg[10]/C (clocked by clk_fpga_0) and h2_blockDesign_i/AudioCodec/U0/audio_ip_v1_1_S00_AXI_inst/Inst_adau1761_izedboard/Inst_i2s_data_interface/sr_out_reg[50]/D (clocked by clk_fpga_1). Large setup violations at the end of those stages might be difficult to fix during the post-placement implementation flow and could be the result of non-optimal XDC constraints or non-optimal design architecture
Related violations: <none>

TIMING-16#72 Warning
Large setup violation  
There is a large setup violation of -2.736 ns between h2_blockDesign_i/AudioCodec/U0/audio_ip_v1_1_S00_AXI_inst/slv_reg2_reg[3]/C (clocked by clk_fpga_0) and h2_blockDesign_i/AudioCodec/U0/audio_ip_v1_1_S00_AXI_inst/Inst_adau1761_izedboard/Inst_i2s_data_interface/sr_out_reg[11]/D (clocked by clk_fpga_1). Large setup violations at the end of those stages might be difficult to fix during the post-placement implementation flow and could be the result of non-optimal XDC constraints or non-optimal design architecture
Related violations: <none>

TIMING-16#73 Warning
Large setup violation  
There is a large setup violation of -2.744 ns between h2_blockDesign_i/AudioCodec/U0/audio_ip_v1_1_S00_AXI_inst/slv_reg0_reg[2]_rep/C (clocked by clk_fpga_0) and h2_blockDesign_i/AudioCodec/U0/audio_ip_v1_1_S00_AXI_inst/lpms1_l/delay_line_reg[191]_srl7/D (clocked by clk_fpga_1). Large setup violations at the end of those stages might be difficult to fix during the post-placement implementation flow and could be the result of non-optimal XDC constraints or non-optimal design architecture
Related violations: <none>

TIMING-16#74 Warning
Large setup violation  
There is a large setup violation of -2.746 ns between h2_blockDesign_i/AudioCodec/U0/audio_ip_v1_1_S00_AXI_inst/slv_reg0_reg[2]/C (clocked by clk_fpga_0) and h2_blockDesign_i/AudioCodec/U0/audio_ip_v1_1_S00_AXI_inst/Inst_adau1761_izedboard/Inst_i2s_data_interface/sr_out_reg[19]/D (clocked by clk_fpga_1). Large setup violations at the end of those stages might be difficult to fix during the post-placement implementation flow and could be the result of non-optimal XDC constraints or non-optimal design architecture
Related violations: <none>

TIMING-16#75 Warning
Large setup violation  
There is a large setup violation of -2.747 ns between h2_blockDesign_i/AudioCodec/U0/audio_ip_v1_1_S00_AXI_inst/slv_reg0_reg[2]/C (clocked by clk_fpga_0) and h2_blockDesign_i/AudioCodec/U0/audio_ip_v1_1_S00_AXI_inst/Inst_adau1761_izedboard/Inst_i2s_data_interface/sr_out_reg[28]/D (clocked by clk_fpga_1). Large setup violations at the end of those stages might be difficult to fix during the post-placement implementation flow and could be the result of non-optimal XDC constraints or non-optimal design architecture
Related violations: <none>

TIMING-16#76 Warning
Large setup violation  
There is a large setup violation of -2.758 ns between h2_blockDesign_i/AudioCodec/U0/audio_ip_v1_1_S00_AXI_inst/slv_reg0_reg[2]_rep/C (clocked by clk_fpga_0) and h2_blockDesign_i/AudioCodec/U0/audio_ip_v1_1_S00_AXI_inst/Inst_adau1761_izedboard/Inst_i2s_data_interface/sr_out_reg[46]/D (clocked by clk_fpga_1). Large setup violations at the end of those stages might be difficult to fix during the post-placement implementation flow and could be the result of non-optimal XDC constraints or non-optimal design architecture
Related violations: <none>

TIMING-16#77 Warning
Large setup violation  
There is a large setup violation of -2.767 ns between h2_blockDesign_i/AudioCodec/U0/audio_ip_v1_1_S00_AXI_inst/slv_reg0_reg[2]_rep/C (clocked by clk_fpga_0) and h2_blockDesign_i/AudioCodec/U0/audio_ip_v1_1_S00_AXI_inst/lpms1_l/delay_line_reg[192]_srl7/D (clocked by clk_fpga_1). Large setup violations at the end of those stages might be difficult to fix during the post-placement implementation flow and could be the result of non-optimal XDC constraints or non-optimal design architecture
Related violations: <none>

TIMING-16#78 Warning
Large setup violation  
There is a large setup violation of -2.769 ns between h2_blockDesign_i/AudioCodec/U0/audio_ip_v1_1_S00_AXI_inst/slv_reg0_reg[2]/C (clocked by clk_fpga_0) and h2_blockDesign_i/AudioCodec/U0/audio_ip_v1_1_S00_AXI_inst/Inst_adau1761_izedboard/Inst_i2s_data_interface/sr_out_reg[9]/D (clocked by clk_fpga_1). Large setup violations at the end of those stages might be difficult to fix during the post-placement implementation flow and could be the result of non-optimal XDC constraints or non-optimal design architecture
Related violations: <none>

TIMING-16#79 Warning
Large setup violation  
There is a large setup violation of -2.775 ns between h2_blockDesign_i/AudioCodec/U0/audio_ip_v1_1_S00_AXI_inst/slv_reg0_reg[2]/C (clocked by clk_fpga_0) and h2_blockDesign_i/AudioCodec/U0/audio_ip_v1_1_S00_AXI_inst/Inst_adau1761_izedboard/Inst_i2s_data_interface/sr_out_reg[20]/D (clocked by clk_fpga_1). Large setup violations at the end of those stages might be difficult to fix during the post-placement implementation flow and could be the result of non-optimal XDC constraints or non-optimal design architecture
Related violations: <none>

TIMING-16#80 Warning
Large setup violation  
There is a large setup violation of -2.775 ns between h2_blockDesign_i/AudioCodec/U0/audio_ip_v1_1_S00_AXI_inst/slv_reg0_reg[2]/C (clocked by clk_fpga_0) and h2_blockDesign_i/AudioCodec/U0/audio_ip_v1_1_S00_AXI_inst/lpms1_r/delay_line_reg[195]_srl7/D (clocked by clk_fpga_1). Large setup violations at the end of those stages might be difficult to fix during the post-placement implementation flow and could be the result of non-optimal XDC constraints or non-optimal design architecture
Related violations: <none>

TIMING-16#81 Warning
Large setup violation  
There is a large setup violation of -2.792 ns between h2_blockDesign_i/AudioCodec/U0/audio_ip_v1_1_S00_AXI_inst/slv_reg1_reg[23]/C (clocked by clk_fpga_0) and h2_blockDesign_i/AudioCodec/U0/audio_ip_v1_1_S00_AXI_inst/Inst_adau1761_izedboard/Inst_i2s_data_interface/sr_out_reg[63]/D (clocked by clk_fpga_1). Large setup violations at the end of those stages might be difficult to fix during the post-placement implementation flow and could be the result of non-optimal XDC constraints or non-optimal design architecture
Related violations: <none>

TIMING-16#82 Warning
Large setup violation  
There is a large setup violation of -2.795 ns between h2_blockDesign_i/AudioCodec/U0/audio_ip_v1_1_S00_AXI_inst/slv_reg0_reg[2]_rep/C (clocked by clk_fpga_0) and h2_blockDesign_i/AudioCodec/U0/audio_ip_v1_1_S00_AXI_inst/Inst_adau1761_izedboard/Inst_i2s_data_interface/sr_out_reg[45]/D (clocked by clk_fpga_1). Large setup violations at the end of those stages might be difficult to fix during the post-placement implementation flow and could be the result of non-optimal XDC constraints or non-optimal design architecture
Related violations: <none>

TIMING-16#83 Warning
Large setup violation  
There is a large setup violation of -2.803 ns between h2_blockDesign_i/AudioCodec/U0/audio_ip_v1_1_S00_AXI_inst/slv_reg0_reg[2]_rep/C (clocked by clk_fpga_0) and h2_blockDesign_i/AudioCodec/U0/audio_ip_v1_1_S00_AXI_inst/Inst_adau1761_izedboard/Inst_i2s_data_interface/sr_out_reg[56]/D (clocked by clk_fpga_1). Large setup violations at the end of those stages might be difficult to fix during the post-placement implementation flow and could be the result of non-optimal XDC constraints or non-optimal design architecture
Related violations: <none>

TIMING-16#84 Warning
Large setup violation  
There is a large setup violation of -2.803 ns between h2_blockDesign_i/AudioCodec/U0/audio_ip_v1_1_S00_AXI_inst/slv_reg0_reg[2]_rep/C (clocked by clk_fpga_0) and h2_blockDesign_i/AudioCodec/U0/audio_ip_v1_1_S00_AXI_inst/lpms1_l/total_reg[1]/D (clocked by clk_fpga_1). Large setup violations at the end of those stages might be difficult to fix during the post-placement implementation flow and could be the result of non-optimal XDC constraints or non-optimal design architecture
Related violations: <none>

TIMING-16#85 Warning
Large setup violation  
There is a large setup violation of -2.810 ns between h2_blockDesign_i/AudioCodec/U0/audio_ip_v1_1_S00_AXI_inst/slv_reg0_reg[2]/C (clocked by clk_fpga_0) and h2_blockDesign_i/AudioCodec/U0/audio_ip_v1_1_S00_AXI_inst/Inst_adau1761_izedboard/Inst_i2s_data_interface/sr_out_reg[24]/D (clocked by clk_fpga_1). Large setup violations at the end of those stages might be difficult to fix during the post-placement implementation flow and could be the result of non-optimal XDC constraints or non-optimal design architecture
Related violations: <none>

TIMING-16#86 Warning
Large setup violation  
There is a large setup violation of -2.813 ns between h2_blockDesign_i/AudioCodec/U0/audio_ip_v1_1_S00_AXI_inst/slv_reg0_reg[2]/C (clocked by clk_fpga_0) and h2_blockDesign_i/AudioCodec/U0/audio_ip_v1_1_S00_AXI_inst/Inst_adau1761_izedboard/Inst_i2s_data_interface/sr_out_reg[18]/D (clocked by clk_fpga_1). Large setup violations at the end of those stages might be difficult to fix during the post-placement implementation flow and could be the result of non-optimal XDC constraints or non-optimal design architecture
Related violations: <none>

TIMING-16#87 Warning
Large setup violation  
There is a large setup violation of -2.815 ns between h2_blockDesign_i/AudioCodec/U0/audio_ip_v1_1_S00_AXI_inst/slv_reg1_reg[21]/C (clocked by clk_fpga_0) and h2_blockDesign_i/AudioCodec/U0/audio_ip_v1_1_S00_AXI_inst/lpms1_l/delay_line_reg[195]_srl7/D (clocked by clk_fpga_1). Large setup violations at the end of those stages might be difficult to fix during the post-placement implementation flow and could be the result of non-optimal XDC constraints or non-optimal design architecture
Related violations: <none>

TIMING-16#88 Warning
Large setup violation  
There is a large setup violation of -2.818 ns between h2_blockDesign_i/AudioCodec/U0/audio_ip_v1_1_S00_AXI_inst/slv_reg0_reg[2]/C (clocked by clk_fpga_0) and h2_blockDesign_i/AudioCodec/U0/audio_ip_v1_1_S00_AXI_inst/Inst_adau1761_izedboard/Inst_i2s_data_interface/sr_out_reg[14]/D (clocked by clk_fpga_1). Large setup violations at the end of those stages might be difficult to fix during the post-placement implementation flow and could be the result of non-optimal XDC constraints or non-optimal design architecture
Related violations: <none>

TIMING-16#89 Warning
Large setup violation  
There is a large setup violation of -2.833 ns between h2_blockDesign_i/AudioCodec/U0/audio_ip_v1_1_S00_AXI_inst/slv_reg0_reg[2]/C (clocked by clk_fpga_0) and h2_blockDesign_i/AudioCodec/U0/audio_ip_v1_1_S00_AXI_inst/Inst_adau1761_izedboard/Inst_i2s_data_interface/sr_out_reg[10]/D (clocked by clk_fpga_1). Large setup violations at the end of those stages might be difficult to fix during the post-placement implementation flow and could be the result of non-optimal XDC constraints or non-optimal design architecture
Related violations: <none>

TIMING-16#90 Warning
Large setup violation  
There is a large setup violation of -2.845 ns between h2_blockDesign_i/AudioCodec/U0/audio_ip_v1_1_S00_AXI_inst/slv_reg1_reg[22]/C (clocked by clk_fpga_0) and h2_blockDesign_i/AudioCodec/U0/audio_ip_v1_1_S00_AXI_inst/Inst_adau1761_izedboard/Inst_i2s_data_interface/sr_out_reg[62]/D (clocked by clk_fpga_1). Large setup violations at the end of those stages might be difficult to fix during the post-placement implementation flow and could be the result of non-optimal XDC constraints or non-optimal design architecture
Related violations: <none>

TIMING-16#91 Warning
Large setup violation  
There is a large setup violation of -2.848 ns between h2_blockDesign_i/AudioCodec/U0/audio_ip_v1_1_S00_AXI_inst/slv_reg0_reg[2]_rep/C (clocked by clk_fpga_0) and h2_blockDesign_i/AudioCodec/U0/audio_ip_v1_1_S00_AXI_inst/Inst_adau1761_izedboard/Inst_i2s_data_interface/sr_out_reg[40]/D (clocked by clk_fpga_1). Large setup violations at the end of those stages might be difficult to fix during the post-placement implementation flow and could be the result of non-optimal XDC constraints or non-optimal design architecture
Related violations: <none>

TIMING-16#92 Warning
Large setup violation  
There is a large setup violation of -2.850 ns between h2_blockDesign_i/AudioCodec/U0/audio_ip_v1_1_S00_AXI_inst/slv_reg0_reg[2]_rep/C (clocked by clk_fpga_0) and h2_blockDesign_i/AudioCodec/U0/audio_ip_v1_1_S00_AXI_inst/Inst_adau1761_izedboard/Inst_i2s_data_interface/sr_out_reg[43]/D (clocked by clk_fpga_1). Large setup violations at the end of those stages might be difficult to fix during the post-placement implementation flow and could be the result of non-optimal XDC constraints or non-optimal design architecture
Related violations: <none>

TIMING-16#93 Warning
Large setup violation  
There is a large setup violation of -2.851 ns between h2_blockDesign_i/AudioCodec/U0/audio_ip_v1_1_S00_AXI_inst/slv_reg0_reg[2]/C (clocked by clk_fpga_0) and h2_blockDesign_i/AudioCodec/U0/audio_ip_v1_1_S00_AXI_inst/lpms1_r/delay_line_reg[200]_srl7/D (clocked by clk_fpga_1). Large setup violations at the end of those stages might be difficult to fix during the post-placement implementation flow and could be the result of non-optimal XDC constraints or non-optimal design architecture
Related violations: <none>

TIMING-16#94 Warning
Large setup violation  
There is a large setup violation of -2.860 ns between h2_blockDesign_i/AudioCodec/U0/audio_ip_v1_1_S00_AXI_inst/slv_reg0_reg[2]_rep/C (clocked by clk_fpga_0) and h2_blockDesign_i/AudioCodec/U0/audio_ip_v1_1_S00_AXI_inst/Inst_adau1761_izedboard/Inst_i2s_data_interface/sr_out_reg[44]/D (clocked by clk_fpga_1). Large setup violations at the end of those stages might be difficult to fix during the post-placement implementation flow and could be the result of non-optimal XDC constraints or non-optimal design architecture
Related violations: <none>

TIMING-16#95 Warning
Large setup violation  
There is a large setup violation of -2.880 ns between h2_blockDesign_i/AudioCodec/U0/audio_ip_v1_1_S00_AXI_inst/slv_reg0_reg[2]/C (clocked by clk_fpga_0) and h2_blockDesign_i/AudioCodec/U0/audio_ip_v1_1_S00_AXI_inst/lpms2_r/total_reg[2]/D (clocked by clk_fpga_1). Large setup violations at the end of those stages might be difficult to fix during the post-placement implementation flow and could be the result of non-optimal XDC constraints or non-optimal design architecture
Related violations: <none>

TIMING-16#96 Warning
Large setup violation  
There is a large setup violation of -2.884 ns between h2_blockDesign_i/AudioCodec/U0/audio_ip_v1_1_S00_AXI_inst/slv_reg0_reg[2]/C (clocked by clk_fpga_0) and h2_blockDesign_i/AudioCodec/U0/audio_ip_v1_1_S00_AXI_inst/lpms3_r/total_reg[2]/D (clocked by clk_fpga_1). Large setup violations at the end of those stages might be difficult to fix during the post-placement implementation flow and could be the result of non-optimal XDC constraints or non-optimal design architecture
Related violations: <none>

TIMING-16#97 Warning
Large setup violation  
There is a large setup violation of -2.889 ns between h2_blockDesign_i/AudioCodec/U0/audio_ip_v1_1_S00_AXI_inst/slv_reg0_reg[2]_rep/C (clocked by clk_fpga_0) and h2_blockDesign_i/AudioCodec/U0/audio_ip_v1_1_S00_AXI_inst/Inst_adau1761_izedboard/Inst_i2s_data_interface/sr_out_reg[59]/D (clocked by clk_fpga_1). Large setup violations at the end of those stages might be difficult to fix during the post-placement implementation flow and could be the result of non-optimal XDC constraints or non-optimal design architecture
Related violations: <none>

TIMING-16#98 Warning
Large setup violation  
There is a large setup violation of -2.909 ns between h2_blockDesign_i/AudioCodec/U0/audio_ip_v1_1_S00_AXI_inst/slv_reg0_reg[2]_rep/C (clocked by clk_fpga_0) and h2_blockDesign_i/AudioCodec/U0/audio_ip_v1_1_S00_AXI_inst/lpms2_l/total_reg[2]/D (clocked by clk_fpga_1). Large setup violations at the end of those stages might be difficult to fix during the post-placement implementation flow and could be the result of non-optimal XDC constraints or non-optimal design architecture
Related violations: <none>

TIMING-16#99 Warning
Large setup violation  
There is a large setup violation of -2.920 ns between h2_blockDesign_i/AudioCodec/U0/audio_ip_v1_1_S00_AXI_inst/slv_reg0_reg[2]/C (clocked by clk_fpga_0) and h2_blockDesign_i/AudioCodec/U0/audio_ip_v1_1_S00_AXI_inst/Inst_adau1761_izedboard/Inst_i2s_data_interface/sr_out_reg[22]/D (clocked by clk_fpga_1). Large setup violations at the end of those stages might be difficult to fix during the post-placement implementation flow and could be the result of non-optimal XDC constraints or non-optimal design architecture
Related violations: <none>

TIMING-16#100 Warning
Large setup violation  
There is a large setup violation of -2.922 ns between h2_blockDesign_i/AudioCodec/U0/audio_ip_v1_1_S00_AXI_inst/slv_reg0_reg[2]/C (clocked by clk_fpga_0) and h2_blockDesign_i/AudioCodec/U0/audio_ip_v1_1_S00_AXI_inst/Inst_adau1761_izedboard/Inst_i2s_data_interface/sr_out_reg[27]/D (clocked by clk_fpga_1). Large setup violations at the end of those stages might be difficult to fix during the post-placement implementation flow and could be the result of non-optimal XDC constraints or non-optimal design architecture
Related violations: <none>

TIMING-16#101 Warning
Large setup violation  
There is a large setup violation of -2.927 ns between h2_blockDesign_i/AudioCodec/U0/audio_ip_v1_1_S00_AXI_inst/slv_reg0_reg[2]/C (clocked by clk_fpga_0) and h2_blockDesign_i/AudioCodec/U0/audio_ip_v1_1_S00_AXI_inst/lpms1_r/total_reg[2]/D (clocked by clk_fpga_1). Large setup violations at the end of those stages might be difficult to fix during the post-placement implementation flow and could be the result of non-optimal XDC constraints or non-optimal design architecture
Related violations: <none>

TIMING-16#102 Warning
Large setup violation  
There is a large setup violation of -2.944 ns between h2_blockDesign_i/AudioCodec/U0/audio_ip_v1_1_S00_AXI_inst/slv_reg0_reg[2]/C (clocked by clk_fpga_0) and h2_blockDesign_i/AudioCodec/U0/audio_ip_v1_1_S00_AXI_inst/lpms3_r/total_reg[3]/D (clocked by clk_fpga_1). Large setup violations at the end of those stages might be difficult to fix during the post-placement implementation flow and could be the result of non-optimal XDC constraints or non-optimal design architecture
Related violations: <none>

TIMING-16#103 Warning
Large setup violation  
There is a large setup violation of -2.945 ns between h2_blockDesign_i/AudioCodec/U0/audio_ip_v1_1_S00_AXI_inst/slv_reg0_reg[2]/C (clocked by clk_fpga_0) and h2_blockDesign_i/AudioCodec/U0/audio_ip_v1_1_S00_AXI_inst/lpms2_r/total_reg[3]/D (clocked by clk_fpga_1). Large setup violations at the end of those stages might be difficult to fix during the post-placement implementation flow and could be the result of non-optimal XDC constraints or non-optimal design architecture
Related violations: <none>

TIMING-16#104 Warning
Large setup violation  
There is a large setup violation of -2.946 ns between h2_blockDesign_i/AudioCodec/U0/audio_ip_v1_1_S00_AXI_inst/slv_reg2_reg[13]/C (clocked by clk_fpga_0) and h2_blockDesign_i/AudioCodec/U0/audio_ip_v1_1_S00_AXI_inst/Inst_adau1761_izedboard/Inst_i2s_data_interface/sr_out_reg[21]/D (clocked by clk_fpga_1). Large setup violations at the end of those stages might be difficult to fix during the post-placement implementation flow and could be the result of non-optimal XDC constraints or non-optimal design architecture
Related violations: <none>

TIMING-16#105 Warning
Large setup violation  
There is a large setup violation of -2.964 ns between h2_blockDesign_i/AudioCodec/U0/audio_ip_v1_1_S00_AXI_inst/slv_reg0_reg[2]_rep/C (clocked by clk_fpga_0) and h2_blockDesign_i/AudioCodec/U0/audio_ip_v1_1_S00_AXI_inst/Inst_adau1761_izedboard/Inst_i2s_data_interface/sr_out_reg[57]/D (clocked by clk_fpga_1). Large setup violations at the end of those stages might be difficult to fix during the post-placement implementation flow and could be the result of non-optimal XDC constraints or non-optimal design architecture
Related violations: <none>

TIMING-16#106 Warning
Large setup violation  
There is a large setup violation of -2.967 ns between h2_blockDesign_i/AudioCodec/U0/audio_ip_v1_1_S00_AXI_inst/slv_reg0_reg[2]_rep/C (clocked by clk_fpga_0) and h2_blockDesign_i/AudioCodec/U0/audio_ip_v1_1_S00_AXI_inst/Inst_adau1761_izedboard/Inst_i2s_data_interface/sr_out_reg[58]/D (clocked by clk_fpga_1). Large setup violations at the end of those stages might be difficult to fix during the post-placement implementation flow and could be the result of non-optimal XDC constraints or non-optimal design architecture
Related violations: <none>

TIMING-16#107 Warning
Large setup violation  
There is a large setup violation of -2.974 ns between h2_blockDesign_i/AudioCodec/U0/audio_ip_v1_1_S00_AXI_inst/slv_reg0_reg[2]/C (clocked by clk_fpga_0) and h2_blockDesign_i/AudioCodec/U0/audio_ip_v1_1_S00_AXI_inst/Inst_adau1761_izedboard/Inst_i2s_data_interface/sr_out_reg[31]/D (clocked by clk_fpga_1). Large setup violations at the end of those stages might be difficult to fix during the post-placement implementation flow and could be the result of non-optimal XDC constraints or non-optimal design architecture
Related violations: <none>

TIMING-16#108 Warning
Large setup violation  
There is a large setup violation of -2.974 ns between h2_blockDesign_i/AudioCodec/U0/audio_ip_v1_1_S00_AXI_inst/slv_reg0_reg[2]_rep/C (clocked by clk_fpga_0) and h2_blockDesign_i/AudioCodec/U0/audio_ip_v1_1_S00_AXI_inst/lpms2_l/total_reg[3]/D (clocked by clk_fpga_1). Large setup violations at the end of those stages might be difficult to fix during the post-placement implementation flow and could be the result of non-optimal XDC constraints or non-optimal design architecture
Related violations: <none>

TIMING-16#109 Warning
Large setup violation  
There is a large setup violation of -2.983 ns between h2_blockDesign_i/AudioCodec/U0/audio_ip_v1_1_S00_AXI_inst/slv_reg0_reg[2]_rep/C (clocked by clk_fpga_0) and h2_blockDesign_i/AudioCodec/U0/audio_ip_v1_1_S00_AXI_inst/lpms3_l/total_reg[2]/D (clocked by clk_fpga_1). Large setup violations at the end of those stages might be difficult to fix during the post-placement implementation flow and could be the result of non-optimal XDC constraints or non-optimal design architecture
Related violations: <none>

TIMING-16#110 Warning
Large setup violation  
There is a large setup violation of -2.987 ns between h2_blockDesign_i/AudioCodec/U0/audio_ip_v1_1_S00_AXI_inst/slv_reg0_reg[2]/C (clocked by clk_fpga_0) and h2_blockDesign_i/AudioCodec/U0/audio_ip_v1_1_S00_AXI_inst/lpms1_r/total_reg[3]/D (clocked by clk_fpga_1). Large setup violations at the end of those stages might be difficult to fix during the post-placement implementation flow and could be the result of non-optimal XDC constraints or non-optimal design architecture
Related violations: <none>

TIMING-16#111 Warning
Large setup violation  
There is a large setup violation of -3.001 ns between h2_blockDesign_i/AudioCodec/U0/audio_ip_v1_1_S00_AXI_inst/slv_reg0_reg[2]/C (clocked by clk_fpga_0) and h2_blockDesign_i/AudioCodec/U0/audio_ip_v1_1_S00_AXI_inst/Inst_adau1761_izedboard/Inst_i2s_data_interface/sr_out_reg[30]/D (clocked by clk_fpga_1). Large setup violations at the end of those stages might be difficult to fix during the post-placement implementation flow and could be the result of non-optimal XDC constraints or non-optimal design architecture
Related violations: <none>

TIMING-16#112 Warning
Large setup violation  
There is a large setup violation of -3.006 ns between h2_blockDesign_i/AudioCodec/U0/audio_ip_v1_1_S00_AXI_inst/slv_reg0_reg[2]/C (clocked by clk_fpga_0) and h2_blockDesign_i/AudioCodec/U0/audio_ip_v1_1_S00_AXI_inst/Inst_adau1761_izedboard/Inst_i2s_data_interface/sr_out_reg[15]/D (clocked by clk_fpga_1). Large setup violations at the end of those stages might be difficult to fix during the post-placement implementation flow and could be the result of non-optimal XDC constraints or non-optimal design architecture
Related violations: <none>

TIMING-16#113 Warning
Large setup violation  
There is a large setup violation of -3.015 ns between h2_blockDesign_i/AudioCodec/U0/audio_ip_v1_1_S00_AXI_inst/slv_reg0_reg[2]/C (clocked by clk_fpga_0) and h2_blockDesign_i/AudioCodec/U0/audio_ip_v1_1_S00_AXI_inst/Inst_adau1761_izedboard/Inst_i2s_data_interface/sr_out_reg[13]/D (clocked by clk_fpga_1). Large setup violations at the end of those stages might be difficult to fix during the post-placement implementation flow and could be the result of non-optimal XDC constraints or non-optimal design architecture
Related violations: <none>

TIMING-16#114 Warning
Large setup violation  
There is a large setup violation of -3.028 ns between h2_blockDesign_i/AudioCodec/U0/audio_ip_v1_1_S00_AXI_inst/slv_reg0_reg[2]/C (clocked by clk_fpga_0) and h2_blockDesign_i/AudioCodec/U0/audio_ip_v1_1_S00_AXI_inst/Inst_adau1761_izedboard/Inst_i2s_data_interface/sr_out_reg[12]/D (clocked by clk_fpga_1). Large setup violations at the end of those stages might be difficult to fix during the post-placement implementation flow and could be the result of non-optimal XDC constraints or non-optimal design architecture
Related violations: <none>

TIMING-16#115 Warning
Large setup violation  
There is a large setup violation of -3.043 ns between h2_blockDesign_i/AudioCodec/U0/audio_ip_v1_1_S00_AXI_inst/slv_reg0_reg[2]_rep/C (clocked by clk_fpga_0) and h2_blockDesign_i/AudioCodec/U0/audio_ip_v1_1_S00_AXI_inst/lpms3_l/total_reg[3]/D (clocked by clk_fpga_1). Large setup violations at the end of those stages might be difficult to fix during the post-placement implementation flow and could be the result of non-optimal XDC constraints or non-optimal design architecture
Related violations: <none>

TIMING-16#116 Warning
Large setup violation  
There is a large setup violation of -3.053 ns between h2_blockDesign_i/AudioCodec/U0/audio_ip_v1_1_S00_AXI_inst/slv_reg2_reg[9]/C (clocked by clk_fpga_0) and h2_blockDesign_i/AudioCodec/U0/audio_ip_v1_1_S00_AXI_inst/Inst_adau1761_izedboard/Inst_i2s_data_interface/sr_out_reg[17]/D (clocked by clk_fpga_1). Large setup violations at the end of those stages might be difficult to fix during the post-placement implementation flow and could be the result of non-optimal XDC constraints or non-optimal design architecture
Related violations: <none>

TIMING-16#117 Warning
Large setup violation  
There is a large setup violation of -3.071 ns between h2_blockDesign_i/AudioCodec/U0/audio_ip_v1_1_S00_AXI_inst/slv_reg0_reg[2]/C (clocked by clk_fpga_0) and h2_blockDesign_i/AudioCodec/U0/audio_ip_v1_1_S00_AXI_inst/Inst_adau1761_izedboard/Inst_i2s_data_interface/sr_out_reg[23]/D (clocked by clk_fpga_1). Large setup violations at the end of those stages might be difficult to fix during the post-placement implementation flow and could be the result of non-optimal XDC constraints or non-optimal design architecture
Related violations: <none>

TIMING-16#118 Warning
Large setup violation  
There is a large setup violation of -3.078 ns between h2_blockDesign_i/AudioCodec/U0/audio_ip_v1_1_S00_AXI_inst/slv_reg0_reg[2]/C (clocked by clk_fpga_0) and h2_blockDesign_i/AudioCodec/U0/audio_ip_v1_1_S00_AXI_inst/lpms3_r/total_reg[4]/D (clocked by clk_fpga_1). Large setup violations at the end of those stages might be difficult to fix during the post-placement implementation flow and could be the result of non-optimal XDC constraints or non-optimal design architecture
Related violations: <none>

TIMING-16#119 Warning
Large setup violation  
There is a large setup violation of -3.083 ns between h2_blockDesign_i/AudioCodec/U0/audio_ip_v1_1_S00_AXI_inst/slv_reg0_reg[2]_rep/C (clocked by clk_fpga_0) and h2_blockDesign_i/AudioCodec/U0/audio_ip_v1_1_S00_AXI_inst/lpms2_l/total_reg[4]/D (clocked by clk_fpga_1). Large setup violations at the end of those stages might be difficult to fix during the post-placement implementation flow and could be the result of non-optimal XDC constraints or non-optimal design architecture
Related violations: <none>

TIMING-16#120 Warning
Large setup violation  
There is a large setup violation of -3.094 ns between h2_blockDesign_i/AudioCodec/U0/audio_ip_v1_1_S00_AXI_inst/slv_reg0_reg[2]/C (clocked by clk_fpga_0) and h2_blockDesign_i/AudioCodec/U0/audio_ip_v1_1_S00_AXI_inst/lpms3_r/total_reg[6]/D (clocked by clk_fpga_1). Large setup violations at the end of those stages might be difficult to fix during the post-placement implementation flow and could be the result of non-optimal XDC constraints or non-optimal design architecture
Related violations: <none>

TIMING-16#121 Warning
Large setup violation  
There is a large setup violation of -3.103 ns between h2_blockDesign_i/AudioCodec/U0/audio_ip_v1_1_S00_AXI_inst/slv_reg0_reg[2]_rep/C (clocked by clk_fpga_0) and h2_blockDesign_i/AudioCodec/U0/audio_ip_v1_1_S00_AXI_inst/lpms2_l/total_reg[6]/D (clocked by clk_fpga_1). Large setup violations at the end of those stages might be difficult to fix during the post-placement implementation flow and could be the result of non-optimal XDC constraints or non-optimal design architecture
Related violations: <none>

TIMING-16#122 Warning
Large setup violation  
There is a large setup violation of -3.121 ns between h2_blockDesign_i/AudioCodec/U0/audio_ip_v1_1_S00_AXI_inst/slv_reg0_reg[2]/C (clocked by clk_fpga_0) and h2_blockDesign_i/AudioCodec/U0/audio_ip_v1_1_S00_AXI_inst/lpms1_r/total_reg[4]/D (clocked by clk_fpga_1). Large setup violations at the end of those stages might be difficult to fix during the post-placement implementation flow and could be the result of non-optimal XDC constraints or non-optimal design architecture
Related violations: <none>

TIMING-16#123 Warning
Large setup violation  
There is a large setup violation of -3.156 ns between h2_blockDesign_i/AudioCodec/U0/audio_ip_v1_1_S00_AXI_inst/slv_reg0_reg[2]_rep/C (clocked by clk_fpga_0) and h2_blockDesign_i/AudioCodec/U0/audio_ip_v1_1_S00_AXI_inst/lpms1_l/total_reg[2]/D (clocked by clk_fpga_1). Large setup violations at the end of those stages might be difficult to fix during the post-placement implementation flow and could be the result of non-optimal XDC constraints or non-optimal design architecture
Related violations: <none>

TIMING-16#124 Warning
Large setup violation  
There is a large setup violation of -3.165 ns between h2_blockDesign_i/AudioCodec/U0/audio_ip_v1_1_S00_AXI_inst/slv_reg0_reg[2]/C (clocked by clk_fpga_0) and h2_blockDesign_i/AudioCodec/U0/audio_ip_v1_1_S00_AXI_inst/lpms1_r/total_reg[6]/D (clocked by clk_fpga_1). Large setup violations at the end of those stages might be difficult to fix during the post-placement implementation flow and could be the result of non-optimal XDC constraints or non-optimal design architecture
Related violations: <none>

TIMING-16#125 Warning
Large setup violation  
There is a large setup violation of -3.167 ns between h2_blockDesign_i/AudioCodec/U0/audio_ip_v1_1_S00_AXI_inst/slv_reg0_reg[2]/C (clocked by clk_fpga_0) and h2_blockDesign_i/AudioCodec/U0/audio_ip_v1_1_S00_AXI_inst/Inst_adau1761_izedboard/Inst_i2s_data_interface/sr_out_reg[29]/D (clocked by clk_fpga_1). Large setup violations at the end of those stages might be difficult to fix during the post-placement implementation flow and could be the result of non-optimal XDC constraints or non-optimal design architecture
Related violations: <none>

TIMING-16#126 Warning
Large setup violation  
There is a large setup violation of -3.168 ns between h2_blockDesign_i/AudioCodec/U0/audio_ip_v1_1_S00_AXI_inst/slv_reg0_reg[2]/C (clocked by clk_fpga_0) and h2_blockDesign_i/AudioCodec/U0/audio_ip_v1_1_S00_AXI_inst/lpms3_r/total_reg[7]/D (clocked by clk_fpga_1). Large setup violations at the end of those stages might be difficult to fix during the post-placement implementation flow and could be the result of non-optimal XDC constraints or non-optimal design architecture
Related violations: <none>

TIMING-16#127 Warning
Large setup violation  
There is a large setup violation of -3.179 ns between h2_blockDesign_i/AudioCodec/U0/audio_ip_v1_1_S00_AXI_inst/slv_reg0_reg[2]_rep/C (clocked by clk_fpga_0) and h2_blockDesign_i/AudioCodec/U0/audio_ip_v1_1_S00_AXI_inst/lpms2_l/total_reg[7]/D (clocked by clk_fpga_1). Large setup violations at the end of those stages might be difficult to fix during the post-placement implementation flow and could be the result of non-optimal XDC constraints or non-optimal design architecture
Related violations: <none>

TIMING-16#128 Warning
Large setup violation  
There is a large setup violation of -3.182 ns between h2_blockDesign_i/AudioCodec/U0/audio_ip_v1_1_S00_AXI_inst/slv_reg0_reg[2]_rep/C (clocked by clk_fpga_0) and h2_blockDesign_i/AudioCodec/U0/audio_ip_v1_1_S00_AXI_inst/lpms3_l/total_reg[4]/D (clocked by clk_fpga_1). Large setup violations at the end of those stages might be difficult to fix during the post-placement implementation flow and could be the result of non-optimal XDC constraints or non-optimal design architecture
Related violations: <none>

TIMING-16#129 Warning
Large setup violation  
There is a large setup violation of -3.187 ns between h2_blockDesign_i/AudioCodec/U0/audio_ip_v1_1_S00_AXI_inst/slv_reg0_reg[2]_rep/C (clocked by clk_fpga_0) and h2_blockDesign_i/AudioCodec/U0/audio_ip_v1_1_S00_AXI_inst/lpms2_l/total_reg[5]/D (clocked by clk_fpga_1). Large setup violations at the end of those stages might be difficult to fix during the post-placement implementation flow and could be the result of non-optimal XDC constraints or non-optimal design architecture
Related violations: <none>

TIMING-16#130 Warning
Large setup violation  
There is a large setup violation of -3.189 ns between h2_blockDesign_i/AudioCodec/U0/audio_ip_v1_1_S00_AXI_inst/slv_reg0_reg[2]/C (clocked by clk_fpga_0) and h2_blockDesign_i/AudioCodec/U0/audio_ip_v1_1_S00_AXI_inst/lpms3_r/total_reg[5]/D (clocked by clk_fpga_1). Large setup violations at the end of those stages might be difficult to fix during the post-placement implementation flow and could be the result of non-optimal XDC constraints or non-optimal design architecture
Related violations: <none>

TIMING-16#131 Warning
Large setup violation  
There is a large setup violation of -3.198 ns between h2_blockDesign_i/AudioCodec/U0/audio_ip_v1_1_S00_AXI_inst/slv_reg0_reg[2]_rep/C (clocked by clk_fpga_0) and h2_blockDesign_i/AudioCodec/U0/audio_ip_v1_1_S00_AXI_inst/lpms3_l/total_reg[6]/D (clocked by clk_fpga_1). Large setup violations at the end of those stages might be difficult to fix during the post-placement implementation flow and could be the result of non-optimal XDC constraints or non-optimal design architecture
Related violations: <none>

TIMING-16#132 Warning
Large setup violation  
There is a large setup violation of -3.205 ns between h2_blockDesign_i/AudioCodec/U0/audio_ip_v1_1_S00_AXI_inst/slv_reg2_reg[3]/C (clocked by clk_fpga_0) and h2_blockDesign_i/AudioCodec/U0/audio_ip_v1_1_S00_AXI_inst/lpms2_r/total_reg[4]/D (clocked by clk_fpga_1). Large setup violations at the end of those stages might be difficult to fix during the post-placement implementation flow and could be the result of non-optimal XDC constraints or non-optimal design architecture
Related violations: <none>

TIMING-16#133 Warning
Large setup violation  
There is a large setup violation of -3.216 ns between h2_blockDesign_i/AudioCodec/U0/audio_ip_v1_1_S00_AXI_inst/slv_reg0_reg[2]_rep/C (clocked by clk_fpga_0) and h2_blockDesign_i/AudioCodec/U0/audio_ip_v1_1_S00_AXI_inst/lpms1_l/total_reg[3]/D (clocked by clk_fpga_1). Large setup violations at the end of those stages might be difficult to fix during the post-placement implementation flow and could be the result of non-optimal XDC constraints or non-optimal design architecture
Related violations: <none>

TIMING-16#134 Warning
Large setup violation  
There is a large setup violation of -3.224 ns between h2_blockDesign_i/AudioCodec/U0/audio_ip_v1_1_S00_AXI_inst/slv_reg0_reg[2]/C (clocked by clk_fpga_0) and h2_blockDesign_i/AudioCodec/U0/audio_ip_v1_1_S00_AXI_inst/lpms1_r/total_reg[7]/D (clocked by clk_fpga_1). Large setup violations at the end of those stages might be difficult to fix during the post-placement implementation flow and could be the result of non-optimal XDC constraints or non-optimal design architecture
Related violations: <none>

TIMING-16#135 Warning
Large setup violation  
There is a large setup violation of -3.225 ns between h2_blockDesign_i/AudioCodec/U0/audio_ip_v1_1_S00_AXI_inst/slv_reg2_reg[3]/C (clocked by clk_fpga_0) and h2_blockDesign_i/AudioCodec/U0/audio_ip_v1_1_S00_AXI_inst/lpms2_r/total_reg[6]/D (clocked by clk_fpga_1). Large setup violations at the end of those stages might be difficult to fix during the post-placement implementation flow and could be the result of non-optimal XDC constraints or non-optimal design architecture
Related violations: <none>

TIMING-16#136 Warning
Large setup violation  
There is a large setup violation of -3.227 ns between h2_blockDesign_i/AudioCodec/U0/audio_ip_v1_1_S00_AXI_inst/slv_reg0_reg[2]_rep/C (clocked by clk_fpga_0) and h2_blockDesign_i/AudioCodec/U0/audio_ip_v1_1_S00_AXI_inst/lpms2_l/total_reg[8]/D (clocked by clk_fpga_1). Large setup violations at the end of those stages might be difficult to fix during the post-placement implementation flow and could be the result of non-optimal XDC constraints or non-optimal design architecture
Related violations: <none>

TIMING-16#137 Warning
Large setup violation  
There is a large setup violation of -3.232 ns between h2_blockDesign_i/AudioCodec/U0/audio_ip_v1_1_S00_AXI_inst/slv_reg0_reg[2]/C (clocked by clk_fpga_0) and h2_blockDesign_i/AudioCodec/U0/audio_ip_v1_1_S00_AXI_inst/lpms1_r/total_reg[5]/D (clocked by clk_fpga_1). Large setup violations at the end of those stages might be difficult to fix during the post-placement implementation flow and could be the result of non-optimal XDC constraints or non-optimal design architecture
Related violations: <none>

TIMING-16#138 Warning
Large setup violation  
There is a large setup violation of -3.241 ns between h2_blockDesign_i/AudioCodec/U0/audio_ip_v1_1_S00_AXI_inst/slv_reg1_reg[21]/C (clocked by clk_fpga_0) and h2_blockDesign_i/AudioCodec/U0/audio_ip_v1_1_S00_AXI_inst/Inst_adau1761_izedboard/Inst_i2s_data_interface/sr_out_reg[61]/D (clocked by clk_fpga_1). Large setup violations at the end of those stages might be difficult to fix during the post-placement implementation flow and could be the result of non-optimal XDC constraints or non-optimal design architecture
Related violations: <none>

TIMING-16#139 Warning
Large setup violation  
There is a large setup violation of -3.247 ns between h2_blockDesign_i/AudioCodec/U0/audio_ip_v1_1_S00_AXI_inst/slv_reg0_reg[2]_rep/C (clocked by clk_fpga_0) and h2_blockDesign_i/AudioCodec/U0/audio_ip_v1_1_S00_AXI_inst/lpms2_l/total_reg[10]/D (clocked by clk_fpga_1). Large setup violations at the end of those stages might be difficult to fix during the post-placement implementation flow and could be the result of non-optimal XDC constraints or non-optimal design architecture
Related violations: <none>

TIMING-16#140 Warning
Large setup violation  
There is a large setup violation of -3.249 ns between h2_blockDesign_i/AudioCodec/U0/audio_ip_v1_1_S00_AXI_inst/slv_reg0_reg[2]/C (clocked by clk_fpga_0) and h2_blockDesign_i/AudioCodec/U0/audio_ip_v1_1_S00_AXI_inst/lpms3_r/total_reg[8]/D (clocked by clk_fpga_1). Large setup violations at the end of those stages might be difficult to fix during the post-placement implementation flow and could be the result of non-optimal XDC constraints or non-optimal design architecture
Related violations: <none>

TIMING-16#141 Warning
Large setup violation  
There is a large setup violation of -3.265 ns between h2_blockDesign_i/AudioCodec/U0/audio_ip_v1_1_S00_AXI_inst/slv_reg0_reg[2]/C (clocked by clk_fpga_0) and h2_blockDesign_i/AudioCodec/U0/audio_ip_v1_1_S00_AXI_inst/lpms3_r/total_reg[10]/D (clocked by clk_fpga_1). Large setup violations at the end of those stages might be difficult to fix during the post-placement implementation flow and could be the result of non-optimal XDC constraints or non-optimal design architecture
Related violations: <none>

TIMING-16#142 Warning
Large setup violation  
There is a large setup violation of -3.272 ns between h2_blockDesign_i/AudioCodec/U0/audio_ip_v1_1_S00_AXI_inst/slv_reg0_reg[2]_rep/C (clocked by clk_fpga_0) and h2_blockDesign_i/AudioCodec/U0/audio_ip_v1_1_S00_AXI_inst/lpms3_l/total_reg[7]/D (clocked by clk_fpga_1). Large setup violations at the end of those stages might be difficult to fix during the post-placement implementation flow and could be the result of non-optimal XDC constraints or non-optimal design architecture
Related violations: <none>

TIMING-16#143 Warning
Large setup violation  
There is a large setup violation of -3.293 ns between h2_blockDesign_i/AudioCodec/U0/audio_ip_v1_1_S00_AXI_inst/slv_reg0_reg[2]_rep/C (clocked by clk_fpga_0) and h2_blockDesign_i/AudioCodec/U0/audio_ip_v1_1_S00_AXI_inst/lpms3_l/total_reg[5]/D (clocked by clk_fpga_1). Large setup violations at the end of those stages might be difficult to fix during the post-placement implementation flow and could be the result of non-optimal XDC constraints or non-optimal design architecture
Related violations: <none>

TIMING-16#144 Warning
Large setup violation  
There is a large setup violation of -3.297 ns between h2_blockDesign_i/AudioCodec/U0/audio_ip_v1_1_S00_AXI_inst/slv_reg0_reg[2]_rep/C (clocked by clk_fpga_0) and h2_blockDesign_i/AudioCodec/U0/audio_ip_v1_1_S00_AXI_inst/lpms3_l/total_reg[8]/D (clocked by clk_fpga_1). Large setup violations at the end of those stages might be difficult to fix during the post-placement implementation flow and could be the result of non-optimal XDC constraints or non-optimal design architecture
Related violations: <none>

TIMING-16#145 Warning
Large setup violation  
There is a large setup violation of -3.301 ns between h2_blockDesign_i/AudioCodec/U0/audio_ip_v1_1_S00_AXI_inst/slv_reg2_reg[3]/C (clocked by clk_fpga_0) and h2_blockDesign_i/AudioCodec/U0/audio_ip_v1_1_S00_AXI_inst/lpms2_r/total_reg[7]/D (clocked by clk_fpga_1). Large setup violations at the end of those stages might be difficult to fix during the post-placement implementation flow and could be the result of non-optimal XDC constraints or non-optimal design architecture
Related violations: <none>

TIMING-16#146 Warning
Large setup violation  
There is a large setup violation of -3.309 ns between h2_blockDesign_i/AudioCodec/U0/audio_ip_v1_1_S00_AXI_inst/slv_reg2_reg[3]/C (clocked by clk_fpga_0) and h2_blockDesign_i/AudioCodec/U0/audio_ip_v1_1_S00_AXI_inst/lpms2_r/total_reg[5]/D (clocked by clk_fpga_1). Large setup violations at the end of those stages might be difficult to fix during the post-placement implementation flow and could be the result of non-optimal XDC constraints or non-optimal design architecture
Related violations: <none>

TIMING-16#147 Warning
Large setup violation  
There is a large setup violation of -3.313 ns between h2_blockDesign_i/AudioCodec/U0/audio_ip_v1_1_S00_AXI_inst/slv_reg0_reg[2]_rep/C (clocked by clk_fpga_0) and h2_blockDesign_i/AudioCodec/U0/audio_ip_v1_1_S00_AXI_inst/lpms3_l/total_reg[10]/D (clocked by clk_fpga_1). Large setup violations at the end of those stages might be difficult to fix during the post-placement implementation flow and could be the result of non-optimal XDC constraints or non-optimal design architecture
Related violations: <none>

TIMING-16#148 Warning
Large setup violation  
There is a large setup violation of -3.322 ns between h2_blockDesign_i/AudioCodec/U0/audio_ip_v1_1_S00_AXI_inst/slv_reg2_reg[3]/C (clocked by clk_fpga_0) and h2_blockDesign_i/AudioCodec/U0/audio_ip_v1_1_S00_AXI_inst/lpms2_r/total_reg[8]/D (clocked by clk_fpga_1). Large setup violations at the end of those stages might be difficult to fix during the post-placement implementation flow and could be the result of non-optimal XDC constraints or non-optimal design architecture
Related violations: <none>

TIMING-16#149 Warning
Large setup violation  
There is a large setup violation of -3.323 ns between h2_blockDesign_i/AudioCodec/U0/audio_ip_v1_1_S00_AXI_inst/slv_reg0_reg[2]_rep/C (clocked by clk_fpga_0) and h2_blockDesign_i/AudioCodec/U0/audio_ip_v1_1_S00_AXI_inst/lpms2_l/total_reg[11]/D (clocked by clk_fpga_1). Large setup violations at the end of those stages might be difficult to fix during the post-placement implementation flow and could be the result of non-optimal XDC constraints or non-optimal design architecture
Related violations: <none>

TIMING-16#150 Warning
Large setup violation  
There is a large setup violation of -3.331 ns between h2_blockDesign_i/AudioCodec/U0/audio_ip_v1_1_S00_AXI_inst/slv_reg0_reg[2]_rep/C (clocked by clk_fpga_0) and h2_blockDesign_i/AudioCodec/U0/audio_ip_v1_1_S00_AXI_inst/lpms2_l/total_reg[9]/D (clocked by clk_fpga_1). Large setup violations at the end of those stages might be difficult to fix during the post-placement implementation flow and could be the result of non-optimal XDC constraints or non-optimal design architecture
Related violations: <none>

TIMING-16#151 Warning
Large setup violation  
There is a large setup violation of -3.339 ns between h2_blockDesign_i/AudioCodec/U0/audio_ip_v1_1_S00_AXI_inst/slv_reg0_reg[2]/C (clocked by clk_fpga_0) and h2_blockDesign_i/AudioCodec/U0/audio_ip_v1_1_S00_AXI_inst/lpms3_r/total_reg[11]/D (clocked by clk_fpga_1). Large setup violations at the end of those stages might be difficult to fix during the post-placement implementation flow and could be the result of non-optimal XDC constraints or non-optimal design architecture
Related violations: <none>

TIMING-16#152 Warning
Large setup violation  
There is a large setup violation of -3.342 ns between h2_blockDesign_i/AudioCodec/U0/audio_ip_v1_1_S00_AXI_inst/slv_reg2_reg[3]/C (clocked by clk_fpga_0) and h2_blockDesign_i/AudioCodec/U0/audio_ip_v1_1_S00_AXI_inst/lpms2_r/total_reg[10]/D (clocked by clk_fpga_1). Large setup violations at the end of those stages might be difficult to fix during the post-placement implementation flow and could be the result of non-optimal XDC constraints or non-optimal design architecture
Related violations: <none>

TIMING-16#153 Warning
Large setup violation  
There is a large setup violation of -3.345 ns between h2_blockDesign_i/AudioCodec/U0/audio_ip_v1_1_S00_AXI_inst/slv_reg0_reg[2]_rep/C (clocked by clk_fpga_0) and h2_blockDesign_i/AudioCodec/U0/audio_ip_v1_1_S00_AXI_inst/lpms2_l/total_reg[12]/D (clocked by clk_fpga_1). Large setup violations at the end of those stages might be difficult to fix during the post-placement implementation flow and could be the result of non-optimal XDC constraints or non-optimal design architecture
Related violations: <none>

TIMING-16#154 Warning
Large setup violation  
There is a large setup violation of -3.349 ns between h2_blockDesign_i/AudioCodec/U0/audio_ip_v1_1_S00_AXI_inst/slv_reg0_reg[2]_rep/C (clocked by clk_fpga_0) and h2_blockDesign_i/AudioCodec/U0/audio_ip_v1_1_S00_AXI_inst/lpms1_l/total_reg[4]/D (clocked by clk_fpga_1). Large setup violations at the end of those stages might be difficult to fix during the post-placement implementation flow and could be the result of non-optimal XDC constraints or non-optimal design architecture
Related violations: <none>

TIMING-16#155 Warning
Large setup violation  
There is a large setup violation of -3.360 ns between h2_blockDesign_i/AudioCodec/U0/audio_ip_v1_1_S00_AXI_inst/slv_reg0_reg[2]/C (clocked by clk_fpga_0) and h2_blockDesign_i/AudioCodec/U0/audio_ip_v1_1_S00_AXI_inst/lpms3_r/total_reg[9]/D (clocked by clk_fpga_1). Large setup violations at the end of those stages might be difficult to fix during the post-placement implementation flow and could be the result of non-optimal XDC constraints or non-optimal design architecture
Related violations: <none>

TIMING-16#156 Warning
Large setup violation  
There is a large setup violation of -3.363 ns between h2_blockDesign_i/AudioCodec/U0/audio_ip_v1_1_S00_AXI_inst/slv_reg0_reg[2]/C (clocked by clk_fpga_0) and h2_blockDesign_i/AudioCodec/U0/audio_ip_v1_1_S00_AXI_inst/lpms3_r/total_reg[12]/D (clocked by clk_fpga_1). Large setup violations at the end of those stages might be difficult to fix during the post-placement implementation flow and could be the result of non-optimal XDC constraints or non-optimal design architecture
Related violations: <none>

TIMING-16#157 Warning
Large setup violation  
There is a large setup violation of -3.365 ns between h2_blockDesign_i/AudioCodec/U0/audio_ip_v1_1_S00_AXI_inst/slv_reg0_reg[2]_rep/C (clocked by clk_fpga_0) and h2_blockDesign_i/AudioCodec/U0/audio_ip_v1_1_S00_AXI_inst/lpms1_l/total_reg[6]/D (clocked by clk_fpga_1). Large setup violations at the end of those stages might be difficult to fix during the post-placement implementation flow and could be the result of non-optimal XDC constraints or non-optimal design architecture
Related violations: <none>

TIMING-16#158 Warning
Large setup violation  
There is a large setup violation of -3.365 ns between h2_blockDesign_i/AudioCodec/U0/audio_ip_v1_1_S00_AXI_inst/slv_reg0_reg[2]_rep/C (clocked by clk_fpga_0) and h2_blockDesign_i/AudioCodec/U0/audio_ip_v1_1_S00_AXI_inst/lpms2_l/total_reg[14]/D (clocked by clk_fpga_1). Large setup violations at the end of those stages might be difficult to fix during the post-placement implementation flow and could be the result of non-optimal XDC constraints or non-optimal design architecture
Related violations: <none>

TIMING-16#159 Warning
Large setup violation  
There is a large setup violation of -3.373 ns between h2_blockDesign_i/AudioCodec/U0/audio_ip_v1_1_S00_AXI_inst/slv_reg0_reg[2]/C (clocked by clk_fpga_0) and h2_blockDesign_i/AudioCodec/U0/audio_ip_v1_1_S00_AXI_inst/lpms1_r/total_reg[8]/D (clocked by clk_fpga_1). Large setup violations at the end of those stages might be difficult to fix during the post-placement implementation flow and could be the result of non-optimal XDC constraints or non-optimal design architecture
Related violations: <none>

TIMING-16#160 Warning
Large setup violation  
There is a large setup violation of -3.379 ns between h2_blockDesign_i/AudioCodec/U0/audio_ip_v1_1_S00_AXI_inst/slv_reg0_reg[2]/C (clocked by clk_fpga_0) and h2_blockDesign_i/AudioCodec/U0/audio_ip_v1_1_S00_AXI_inst/lpms3_r/total_reg[14]/D (clocked by clk_fpga_1). Large setup violations at the end of those stages might be difficult to fix during the post-placement implementation flow and could be the result of non-optimal XDC constraints or non-optimal design architecture
Related violations: <none>

TIMING-16#161 Warning
Large setup violation  
There is a large setup violation of -3.387 ns between h2_blockDesign_i/AudioCodec/U0/audio_ip_v1_1_S00_AXI_inst/slv_reg0_reg[2]_rep/C (clocked by clk_fpga_0) and h2_blockDesign_i/AudioCodec/U0/audio_ip_v1_1_S00_AXI_inst/lpms3_l/total_reg[11]/D (clocked by clk_fpga_1). Large setup violations at the end of those stages might be difficult to fix during the post-placement implementation flow and could be the result of non-optimal XDC constraints or non-optimal design architecture
Related violations: <none>

TIMING-16#162 Warning
Large setup violation  
There is a large setup violation of -3.389 ns between h2_blockDesign_i/AudioCodec/U0/audio_ip_v1_1_S00_AXI_inst/slv_reg0_reg[2]/C (clocked by clk_fpga_0) and h2_blockDesign_i/AudioCodec/U0/audio_ip_v1_1_S00_AXI_inst/lpms1_r/total_reg[10]/D (clocked by clk_fpga_1). Large setup violations at the end of those stages might be difficult to fix during the post-placement implementation flow and could be the result of non-optimal XDC constraints or non-optimal design architecture
Related violations: <none>

TIMING-16#163 Warning
Large setup violation  
There is a large setup violation of -3.408 ns between h2_blockDesign_i/AudioCodec/U0/audio_ip_v1_1_S00_AXI_inst/slv_reg0_reg[2]_rep/C (clocked by clk_fpga_0) and h2_blockDesign_i/AudioCodec/U0/audio_ip_v1_1_S00_AXI_inst/lpms3_l/total_reg[9]/D (clocked by clk_fpga_1). Large setup violations at the end of those stages might be difficult to fix during the post-placement implementation flow and could be the result of non-optimal XDC constraints or non-optimal design architecture
Related violations: <none>

TIMING-16#164 Warning
Large setup violation  
There is a large setup violation of -3.411 ns between h2_blockDesign_i/AudioCodec/U0/audio_ip_v1_1_S00_AXI_inst/slv_reg0_reg[2]_rep/C (clocked by clk_fpga_0) and h2_blockDesign_i/AudioCodec/U0/audio_ip_v1_1_S00_AXI_inst/lpms3_l/total_reg[12]/D (clocked by clk_fpga_1). Large setup violations at the end of those stages might be difficult to fix during the post-placement implementation flow and could be the result of non-optimal XDC constraints or non-optimal design architecture
Related violations: <none>

TIMING-16#165 Warning
Large setup violation  
There is a large setup violation of -3.418 ns between h2_blockDesign_i/AudioCodec/U0/audio_ip_v1_1_S00_AXI_inst/slv_reg2_reg[3]/C (clocked by clk_fpga_0) and h2_blockDesign_i/AudioCodec/U0/audio_ip_v1_1_S00_AXI_inst/lpms2_r/total_reg[11]/D (clocked by clk_fpga_1). Large setup violations at the end of those stages might be difficult to fix during the post-placement implementation flow and could be the result of non-optimal XDC constraints or non-optimal design architecture
Related violations: <none>

TIMING-16#166 Warning
Large setup violation  
There is a large setup violation of -3.426 ns between h2_blockDesign_i/AudioCodec/U0/audio_ip_v1_1_S00_AXI_inst/slv_reg2_reg[3]/C (clocked by clk_fpga_0) and h2_blockDesign_i/AudioCodec/U0/audio_ip_v1_1_S00_AXI_inst/lpms2_r/total_reg[9]/D (clocked by clk_fpga_1). Large setup violations at the end of those stages might be difficult to fix during the post-placement implementation flow and could be the result of non-optimal XDC constraints or non-optimal design architecture
Related violations: <none>

TIMING-16#167 Warning
Large setup violation  
There is a large setup violation of -3.427 ns between h2_blockDesign_i/AudioCodec/U0/audio_ip_v1_1_S00_AXI_inst/slv_reg0_reg[2]_rep/C (clocked by clk_fpga_0) and h2_blockDesign_i/AudioCodec/U0/audio_ip_v1_1_S00_AXI_inst/lpms3_l/total_reg[14]/D (clocked by clk_fpga_1). Large setup violations at the end of those stages might be difficult to fix during the post-placement implementation flow and could be the result of non-optimal XDC constraints or non-optimal design architecture
Related violations: <none>

TIMING-16#168 Warning
Large setup violation  
There is a large setup violation of -3.439 ns between h2_blockDesign_i/AudioCodec/U0/audio_ip_v1_1_S00_AXI_inst/slv_reg0_reg[2]_rep/C (clocked by clk_fpga_0) and h2_blockDesign_i/AudioCodec/U0/audio_ip_v1_1_S00_AXI_inst/lpms1_l/total_reg[7]/D (clocked by clk_fpga_1). Large setup violations at the end of those stages might be difficult to fix during the post-placement implementation flow and could be the result of non-optimal XDC constraints or non-optimal design architecture
Related violations: <none>

TIMING-16#169 Warning
Large setup violation  
There is a large setup violation of -3.439 ns between h2_blockDesign_i/AudioCodec/U0/audio_ip_v1_1_S00_AXI_inst/slv_reg2_reg[3]/C (clocked by clk_fpga_0) and h2_blockDesign_i/AudioCodec/U0/audio_ip_v1_1_S00_AXI_inst/lpms2_r/total_reg[12]/D (clocked by clk_fpga_1). Large setup violations at the end of those stages might be difficult to fix during the post-placement implementation flow and could be the result of non-optimal XDC constraints or non-optimal design architecture
Related violations: <none>

TIMING-16#170 Warning
Large setup violation  
There is a large setup violation of -3.441 ns between h2_blockDesign_i/AudioCodec/U0/audio_ip_v1_1_S00_AXI_inst/slv_reg0_reg[2]_rep/C (clocked by clk_fpga_0) and h2_blockDesign_i/AudioCodec/U0/audio_ip_v1_1_S00_AXI_inst/lpms2_l/total_reg[15]/D (clocked by clk_fpga_1). Large setup violations at the end of those stages might be difficult to fix during the post-placement implementation flow and could be the result of non-optimal XDC constraints or non-optimal design architecture
Related violations: <none>

TIMING-16#171 Warning
Large setup violation  
There is a large setup violation of -3.449 ns between h2_blockDesign_i/AudioCodec/U0/audio_ip_v1_1_S00_AXI_inst/slv_reg0_reg[2]_rep/C (clocked by clk_fpga_0) and h2_blockDesign_i/AudioCodec/U0/audio_ip_v1_1_S00_AXI_inst/lpms2_l/total_reg[13]/D (clocked by clk_fpga_1). Large setup violations at the end of those stages might be difficult to fix during the post-placement implementation flow and could be the result of non-optimal XDC constraints or non-optimal design architecture
Related violations: <none>

TIMING-16#172 Warning
Large setup violation  
There is a large setup violation of -3.453 ns between h2_blockDesign_i/AudioCodec/U0/audio_ip_v1_1_S00_AXI_inst/slv_reg0_reg[2]/C (clocked by clk_fpga_0) and h2_blockDesign_i/AudioCodec/U0/audio_ip_v1_1_S00_AXI_inst/lpms3_r/total_reg[15]/D (clocked by clk_fpga_1). Large setup violations at the end of those stages might be difficult to fix during the post-placement implementation flow and could be the result of non-optimal XDC constraints or non-optimal design architecture
Related violations: <none>

TIMING-16#173 Warning
Large setup violation  
There is a large setup violation of -3.459 ns between h2_blockDesign_i/AudioCodec/U0/audio_ip_v1_1_S00_AXI_inst/slv_reg2_reg[3]/C (clocked by clk_fpga_0) and h2_blockDesign_i/AudioCodec/U0/audio_ip_v1_1_S00_AXI_inst/lpms2_r/total_reg[14]/D (clocked by clk_fpga_1). Large setup violations at the end of those stages might be difficult to fix during the post-placement implementation flow and could be the result of non-optimal XDC constraints or non-optimal design architecture
Related violations: <none>

TIMING-16#174 Warning
Large setup violation  
There is a large setup violation of -3.460 ns between h2_blockDesign_i/AudioCodec/U0/audio_ip_v1_1_S00_AXI_inst/slv_reg0_reg[2]_rep/C (clocked by clk_fpga_0) and h2_blockDesign_i/AudioCodec/U0/audio_ip_v1_1_S00_AXI_inst/lpms1_l/total_reg[5]/D (clocked by clk_fpga_1). Large setup violations at the end of those stages might be difficult to fix during the post-placement implementation flow and could be the result of non-optimal XDC constraints or non-optimal design architecture
Related violations: <none>

TIMING-16#175 Warning
Large setup violation  
There is a large setup violation of -3.462 ns between h2_blockDesign_i/AudioCodec/U0/audio_ip_v1_1_S00_AXI_inst/slv_reg0_reg[2]_rep/C (clocked by clk_fpga_0) and h2_blockDesign_i/AudioCodec/U0/audio_ip_v1_1_S00_AXI_inst/lpms2_l/total_reg[16]/D (clocked by clk_fpga_1). Large setup violations at the end of those stages might be difficult to fix during the post-placement implementation flow and could be the result of non-optimal XDC constraints or non-optimal design architecture
Related violations: <none>

TIMING-16#176 Warning
Large setup violation  
There is a large setup violation of -3.463 ns between h2_blockDesign_i/AudioCodec/U0/audio_ip_v1_1_S00_AXI_inst/slv_reg0_reg[2]/C (clocked by clk_fpga_0) and h2_blockDesign_i/AudioCodec/U0/audio_ip_v1_1_S00_AXI_inst/lpms1_r/total_reg[11]/D (clocked by clk_fpga_1). Large setup violations at the end of those stages might be difficult to fix during the post-placement implementation flow and could be the result of non-optimal XDC constraints or non-optimal design architecture
Related violations: <none>

TIMING-16#177 Warning
Large setup violation  
There is a large setup violation of -3.463 ns between h2_blockDesign_i/AudioCodec/U0/audio_ip_v1_1_S00_AXI_inst/slv_reg0_reg[2]_rep/C (clocked by clk_fpga_0) and h2_blockDesign_i/AudioCodec/U0/audio_ip_v1_1_S00_AXI_inst/lpms1_l/total_reg[8]/D (clocked by clk_fpga_1). Large setup violations at the end of those stages might be difficult to fix during the post-placement implementation flow and could be the result of non-optimal XDC constraints or non-optimal design architecture
Related violations: <none>

TIMING-16#178 Warning
Large setup violation  
There is a large setup violation of -3.474 ns between h2_blockDesign_i/AudioCodec/U0/audio_ip_v1_1_S00_AXI_inst/slv_reg0_reg[2]/C (clocked by clk_fpga_0) and h2_blockDesign_i/AudioCodec/U0/audio_ip_v1_1_S00_AXI_inst/lpms3_r/total_reg[13]/D (clocked by clk_fpga_1). Large setup violations at the end of those stages might be difficult to fix during the post-placement implementation flow and could be the result of non-optimal XDC constraints or non-optimal design architecture
Related violations: <none>

TIMING-16#179 Warning
Large setup violation  
There is a large setup violation of -3.477 ns between h2_blockDesign_i/AudioCodec/U0/audio_ip_v1_1_S00_AXI_inst/slv_reg0_reg[2]/C (clocked by clk_fpga_0) and h2_blockDesign_i/AudioCodec/U0/audio_ip_v1_1_S00_AXI_inst/lpms3_r/total_reg[16]/D (clocked by clk_fpga_1). Large setup violations at the end of those stages might be difficult to fix during the post-placement implementation flow and could be the result of non-optimal XDC constraints or non-optimal design architecture
Related violations: <none>

TIMING-16#180 Warning
Large setup violation  
There is a large setup violation of -3.479 ns between h2_blockDesign_i/AudioCodec/U0/audio_ip_v1_1_S00_AXI_inst/slv_reg0_reg[2]_rep/C (clocked by clk_fpga_0) and h2_blockDesign_i/AudioCodec/U0/audio_ip_v1_1_S00_AXI_inst/lpms1_l/total_reg[10]/D (clocked by clk_fpga_1). Large setup violations at the end of those stages might be difficult to fix during the post-placement implementation flow and could be the result of non-optimal XDC constraints or non-optimal design architecture
Related violations: <none>

TIMING-16#181 Warning
Large setup violation  
There is a large setup violation of -3.482 ns between h2_blockDesign_i/AudioCodec/U0/audio_ip_v1_1_S00_AXI_inst/slv_reg0_reg[2]_rep/C (clocked by clk_fpga_0) and h2_blockDesign_i/AudioCodec/U0/audio_ip_v1_1_S00_AXI_inst/lpms2_l/total_reg[18]/D (clocked by clk_fpga_1). Large setup violations at the end of those stages might be difficult to fix during the post-placement implementation flow and could be the result of non-optimal XDC constraints or non-optimal design architecture
Related violations: <none>

TIMING-16#182 Warning
Large setup violation  
There is a large setup violation of -3.484 ns between h2_blockDesign_i/AudioCodec/U0/audio_ip_v1_1_S00_AXI_inst/slv_reg0_reg[2]/C (clocked by clk_fpga_0) and h2_blockDesign_i/AudioCodec/U0/audio_ip_v1_1_S00_AXI_inst/lpms1_r/total_reg[9]/D (clocked by clk_fpga_1). Large setup violations at the end of those stages might be difficult to fix during the post-placement implementation flow and could be the result of non-optimal XDC constraints or non-optimal design architecture
Related violations: <none>

TIMING-16#183 Warning
Large setup violation  
There is a large setup violation of -3.487 ns between h2_blockDesign_i/AudioCodec/U0/audio_ip_v1_1_S00_AXI_inst/slv_reg0_reg[2]/C (clocked by clk_fpga_0) and h2_blockDesign_i/AudioCodec/U0/audio_ip_v1_1_S00_AXI_inst/lpms1_r/total_reg[12]/D (clocked by clk_fpga_1). Large setup violations at the end of those stages might be difficult to fix during the post-placement implementation flow and could be the result of non-optimal XDC constraints or non-optimal design architecture
Related violations: <none>

TIMING-16#184 Warning
Large setup violation  
There is a large setup violation of -3.493 ns between h2_blockDesign_i/AudioCodec/U0/audio_ip_v1_1_S00_AXI_inst/slv_reg0_reg[2]/C (clocked by clk_fpga_0) and h2_blockDesign_i/AudioCodec/U0/audio_ip_v1_1_S00_AXI_inst/lpms3_r/total_reg[18]/D (clocked by clk_fpga_1). Large setup violations at the end of those stages might be difficult to fix during the post-placement implementation flow and could be the result of non-optimal XDC constraints or non-optimal design architecture
Related violations: <none>

TIMING-16#185 Warning
Large setup violation  
There is a large setup violation of -3.501 ns between h2_blockDesign_i/AudioCodec/U0/audio_ip_v1_1_S00_AXI_inst/slv_reg0_reg[2]_rep/C (clocked by clk_fpga_0) and h2_blockDesign_i/AudioCodec/U0/audio_ip_v1_1_S00_AXI_inst/lpms3_l/total_reg[15]/D (clocked by clk_fpga_1). Large setup violations at the end of those stages might be difficult to fix during the post-placement implementation flow and could be the result of non-optimal XDC constraints or non-optimal design architecture
Related violations: <none>

TIMING-16#186 Warning
Large setup violation  
There is a large setup violation of -3.503 ns between h2_blockDesign_i/AudioCodec/U0/audio_ip_v1_1_S00_AXI_inst/slv_reg0_reg[2]/C (clocked by clk_fpga_0) and h2_blockDesign_i/AudioCodec/U0/audio_ip_v1_1_S00_AXI_inst/lpms1_r/total_reg[14]/D (clocked by clk_fpga_1). Large setup violations at the end of those stages might be difficult to fix during the post-placement implementation flow and could be the result of non-optimal XDC constraints or non-optimal design architecture
Related violations: <none>

TIMING-16#187 Warning
Large setup violation  
There is a large setup violation of -3.522 ns between h2_blockDesign_i/AudioCodec/U0/audio_ip_v1_1_S00_AXI_inst/slv_reg0_reg[2]_rep/C (clocked by clk_fpga_0) and h2_blockDesign_i/AudioCodec/U0/audio_ip_v1_1_S00_AXI_inst/lpms3_l/total_reg[13]/D (clocked by clk_fpga_1). Large setup violations at the end of those stages might be difficult to fix during the post-placement implementation flow and could be the result of non-optimal XDC constraints or non-optimal design architecture
Related violations: <none>

TIMING-16#188 Warning
Large setup violation  
There is a large setup violation of -3.525 ns between h2_blockDesign_i/AudioCodec/U0/audio_ip_v1_1_S00_AXI_inst/slv_reg0_reg[2]_rep/C (clocked by clk_fpga_0) and h2_blockDesign_i/AudioCodec/U0/audio_ip_v1_1_S00_AXI_inst/lpms3_l/total_reg[16]/D (clocked by clk_fpga_1). Large setup violations at the end of those stages might be difficult to fix during the post-placement implementation flow and could be the result of non-optimal XDC constraints or non-optimal design architecture
Related violations: <none>

TIMING-16#189 Warning
Large setup violation  
There is a large setup violation of -3.535 ns between h2_blockDesign_i/AudioCodec/U0/audio_ip_v1_1_S00_AXI_inst/slv_reg2_reg[3]/C (clocked by clk_fpga_0) and h2_blockDesign_i/AudioCodec/U0/audio_ip_v1_1_S00_AXI_inst/lpms2_r/total_reg[15]/D (clocked by clk_fpga_1). Large setup violations at the end of those stages might be difficult to fix during the post-placement implementation flow and could be the result of non-optimal XDC constraints or non-optimal design architecture
Related violations: <none>

TIMING-16#190 Warning
Large setup violation  
There is a large setup violation of -3.541 ns between h2_blockDesign_i/AudioCodec/U0/audio_ip_v1_1_S00_AXI_inst/slv_reg0_reg[2]_rep/C (clocked by clk_fpga_0) and h2_blockDesign_i/AudioCodec/U0/audio_ip_v1_1_S00_AXI_inst/lpms3_l/total_reg[18]/D (clocked by clk_fpga_1). Large setup violations at the end of those stages might be difficult to fix during the post-placement implementation flow and could be the result of non-optimal XDC constraints or non-optimal design architecture
Related violations: <none>

TIMING-16#191 Warning
Large setup violation  
There is a large setup violation of -3.543 ns between h2_blockDesign_i/AudioCodec/U0/audio_ip_v1_1_S00_AXI_inst/slv_reg2_reg[3]/C (clocked by clk_fpga_0) and h2_blockDesign_i/AudioCodec/U0/audio_ip_v1_1_S00_AXI_inst/lpms2_r/total_reg[13]/D (clocked by clk_fpga_1). Large setup violations at the end of those stages might be difficult to fix during the post-placement implementation flow and could be the result of non-optimal XDC constraints or non-optimal design architecture
Related violations: <none>

TIMING-16#192 Warning
Large setup violation  
There is a large setup violation of -3.553 ns between h2_blockDesign_i/AudioCodec/U0/audio_ip_v1_1_S00_AXI_inst/slv_reg0_reg[2]_rep/C (clocked by clk_fpga_0) and h2_blockDesign_i/AudioCodec/U0/audio_ip_v1_1_S00_AXI_inst/lpms1_l/total_reg[11]/D (clocked by clk_fpga_1). Large setup violations at the end of those stages might be difficult to fix during the post-placement implementation flow and could be the result of non-optimal XDC constraints or non-optimal design architecture
Related violations: <none>

TIMING-16#193 Warning
Large setup violation  
There is a large setup violation of -3.556 ns between h2_blockDesign_i/AudioCodec/U0/audio_ip_v1_1_S00_AXI_inst/slv_reg2_reg[3]/C (clocked by clk_fpga_0) and h2_blockDesign_i/AudioCodec/U0/audio_ip_v1_1_S00_AXI_inst/lpms2_r/total_reg[16]/D (clocked by clk_fpga_1). Large setup violations at the end of those stages might be difficult to fix during the post-placement implementation flow and could be the result of non-optimal XDC constraints or non-optimal design architecture
Related violations: <none>

TIMING-16#194 Warning
Large setup violation  
There is a large setup violation of -3.558 ns between h2_blockDesign_i/AudioCodec/U0/audio_ip_v1_1_S00_AXI_inst/slv_reg0_reg[2]_rep/C (clocked by clk_fpga_0) and h2_blockDesign_i/AudioCodec/U0/audio_ip_v1_1_S00_AXI_inst/lpms2_l/total_reg[19]/D (clocked by clk_fpga_1). Large setup violations at the end of those stages might be difficult to fix during the post-placement implementation flow and could be the result of non-optimal XDC constraints or non-optimal design architecture
Related violations: <none>

TIMING-16#195 Warning
Large setup violation  
There is a large setup violation of -3.566 ns between h2_blockDesign_i/AudioCodec/U0/audio_ip_v1_1_S00_AXI_inst/slv_reg0_reg[2]_rep/C (clocked by clk_fpga_0) and h2_blockDesign_i/AudioCodec/U0/audio_ip_v1_1_S00_AXI_inst/lpms2_l/total_reg[17]/D (clocked by clk_fpga_1). Large setup violations at the end of those stages might be difficult to fix during the post-placement implementation flow and could be the result of non-optimal XDC constraints or non-optimal design architecture
Related violations: <none>

TIMING-16#196 Warning
Large setup violation  
There is a large setup violation of -3.567 ns between h2_blockDesign_i/AudioCodec/U0/audio_ip_v1_1_S00_AXI_inst/slv_reg0_reg[2]/C (clocked by clk_fpga_0) and h2_blockDesign_i/AudioCodec/U0/audio_ip_v1_1_S00_AXI_inst/lpms3_r/total_reg[19]/D (clocked by clk_fpga_1). Large setup violations at the end of those stages might be difficult to fix during the post-placement implementation flow and could be the result of non-optimal XDC constraints or non-optimal design architecture
Related violations: <none>

TIMING-16#197 Warning
Large setup violation  
There is a large setup violation of -3.574 ns between h2_blockDesign_i/AudioCodec/U0/audio_ip_v1_1_S00_AXI_inst/slv_reg0_reg[2]_rep/C (clocked by clk_fpga_0) and h2_blockDesign_i/AudioCodec/U0/audio_ip_v1_1_S00_AXI_inst/lpms1_l/total_reg[9]/D (clocked by clk_fpga_1). Large setup violations at the end of those stages might be difficult to fix during the post-placement implementation flow and could be the result of non-optimal XDC constraints or non-optimal design architecture
Related violations: <none>

TIMING-16#198 Warning
Large setup violation  
There is a large setup violation of -3.576 ns between h2_blockDesign_i/AudioCodec/U0/audio_ip_v1_1_S00_AXI_inst/slv_reg2_reg[3]/C (clocked by clk_fpga_0) and h2_blockDesign_i/AudioCodec/U0/audio_ip_v1_1_S00_AXI_inst/lpms2_r/total_reg[18]/D (clocked by clk_fpga_1). Large setup violations at the end of those stages might be difficult to fix during the post-placement implementation flow and could be the result of non-optimal XDC constraints or non-optimal design architecture
Related violations: <none>

TIMING-16#199 Warning
Large setup violation  
There is a large setup violation of -3.577 ns between h2_blockDesign_i/AudioCodec/U0/audio_ip_v1_1_S00_AXI_inst/slv_reg0_reg[2]/C (clocked by clk_fpga_0) and h2_blockDesign_i/AudioCodec/U0/audio_ip_v1_1_S00_AXI_inst/lpms1_r/total_reg[15]/D (clocked by clk_fpga_1). Large setup violations at the end of those stages might be difficult to fix during the post-placement implementation flow and could be the result of non-optimal XDC constraints or non-optimal design architecture
Related violations: <none>

TIMING-16#200 Warning
Large setup violation  
There is a large setup violation of -3.578 ns between h2_blockDesign_i/AudioCodec/U0/audio_ip_v1_1_S00_AXI_inst/slv_reg0_reg[2]_rep/C (clocked by clk_fpga_0) and h2_blockDesign_i/AudioCodec/U0/audio_ip_v1_1_S00_AXI_inst/lpms1_l/total_reg[12]/D (clocked by clk_fpga_1). Large setup violations at the end of those stages might be difficult to fix during the post-placement implementation flow and could be the result of non-optimal XDC constraints or non-optimal design architecture
Related violations: <none>

TIMING-16#201 Warning
Large setup violation  
There is a large setup violation of -3.579 ns between h2_blockDesign_i/AudioCodec/U0/audio_ip_v1_1_S00_AXI_inst/slv_reg0_reg[2]_rep/C (clocked by clk_fpga_0) and h2_blockDesign_i/AudioCodec/U0/audio_ip_v1_1_S00_AXI_inst/lpms2_l/total_reg[20]/D (clocked by clk_fpga_1). Large setup violations at the end of those stages might be difficult to fix during the post-placement implementation flow and could be the result of non-optimal XDC constraints or non-optimal design architecture
Related violations: <none>

TIMING-16#202 Warning
Large setup violation  
There is a large setup violation of -3.588 ns between h2_blockDesign_i/AudioCodec/U0/audio_ip_v1_1_S00_AXI_inst/slv_reg0_reg[2]/C (clocked by clk_fpga_0) and h2_blockDesign_i/AudioCodec/U0/audio_ip_v1_1_S00_AXI_inst/lpms3_r/total_reg[17]/D (clocked by clk_fpga_1). Large setup violations at the end of those stages might be difficult to fix during the post-placement implementation flow and could be the result of non-optimal XDC constraints or non-optimal design architecture
Related violations: <none>

TIMING-16#203 Warning
Large setup violation  
There is a large setup violation of -3.592 ns between h2_blockDesign_i/AudioCodec/U0/audio_ip_v1_1_S00_AXI_inst/slv_reg0_reg[2]/C (clocked by clk_fpga_0) and h2_blockDesign_i/AudioCodec/U0/audio_ip_v1_1_S00_AXI_inst/lpms3_r/total_reg[20]/D (clocked by clk_fpga_1). Large setup violations at the end of those stages might be difficult to fix during the post-placement implementation flow and could be the result of non-optimal XDC constraints or non-optimal design architecture
Related violations: <none>

TIMING-16#204 Warning
Large setup violation  
There is a large setup violation of -3.594 ns between h2_blockDesign_i/AudioCodec/U0/audio_ip_v1_1_S00_AXI_inst/slv_reg0_reg[2]_rep/C (clocked by clk_fpga_0) and h2_blockDesign_i/AudioCodec/U0/audio_ip_v1_1_S00_AXI_inst/lpms1_l/total_reg[14]/D (clocked by clk_fpga_1). Large setup violations at the end of those stages might be difficult to fix during the post-placement implementation flow and could be the result of non-optimal XDC constraints or non-optimal design architecture
Related violations: <none>

TIMING-16#205 Warning
Large setup violation  
There is a large setup violation of -3.598 ns between h2_blockDesign_i/AudioCodec/U0/audio_ip_v1_1_S00_AXI_inst/slv_reg0_reg[2]/C (clocked by clk_fpga_0) and h2_blockDesign_i/AudioCodec/U0/audio_ip_v1_1_S00_AXI_inst/lpms1_r/total_reg[13]/D (clocked by clk_fpga_1). Large setup violations at the end of those stages might be difficult to fix during the post-placement implementation flow and could be the result of non-optimal XDC constraints or non-optimal design architecture
Related violations: <none>

TIMING-16#206 Warning
Large setup violation  
There is a large setup violation of -3.599 ns between h2_blockDesign_i/AudioCodec/U0/audio_ip_v1_1_S00_AXI_inst/slv_reg0_reg[2]_rep/C (clocked by clk_fpga_0) and h2_blockDesign_i/AudioCodec/U0/audio_ip_v1_1_S00_AXI_inst/lpms2_l/total_reg[22]/D (clocked by clk_fpga_1). Large setup violations at the end of those stages might be difficult to fix during the post-placement implementation flow and could be the result of non-optimal XDC constraints or non-optimal design architecture
Related violations: <none>

TIMING-16#207 Warning
Large setup violation  
There is a large setup violation of -3.601 ns between h2_blockDesign_i/AudioCodec/U0/audio_ip_v1_1_S00_AXI_inst/slv_reg0_reg[2]/C (clocked by clk_fpga_0) and h2_blockDesign_i/AudioCodec/U0/audio_ip_v1_1_S00_AXI_inst/lpms1_r/total_reg[16]/D (clocked by clk_fpga_1). Large setup violations at the end of those stages might be difficult to fix during the post-placement implementation flow and could be the result of non-optimal XDC constraints or non-optimal design architecture
Related violations: <none>

TIMING-16#208 Warning
Large setup violation  
There is a large setup violation of -3.608 ns between h2_blockDesign_i/AudioCodec/U0/audio_ip_v1_1_S00_AXI_inst/slv_reg0_reg[2]/C (clocked by clk_fpga_0) and h2_blockDesign_i/AudioCodec/U0/audio_ip_v1_1_S00_AXI_inst/lpms3_r/total_reg[22]/D (clocked by clk_fpga_1). Large setup violations at the end of those stages might be difficult to fix during the post-placement implementation flow and could be the result of non-optimal XDC constraints or non-optimal design architecture
Related violations: <none>

TIMING-16#209 Warning
Large setup violation  
There is a large setup violation of -3.615 ns between h2_blockDesign_i/AudioCodec/U0/audio_ip_v1_1_S00_AXI_inst/slv_reg0_reg[2]_rep/C (clocked by clk_fpga_0) and h2_blockDesign_i/AudioCodec/U0/audio_ip_v1_1_S00_AXI_inst/lpms3_l/total_reg[19]/D (clocked by clk_fpga_1). Large setup violations at the end of those stages might be difficult to fix during the post-placement implementation flow and could be the result of non-optimal XDC constraints or non-optimal design architecture
Related violations: <none>

TIMING-16#210 Warning
Large setup violation  
There is a large setup violation of -3.617 ns between h2_blockDesign_i/AudioCodec/U0/audio_ip_v1_1_S00_AXI_inst/slv_reg0_reg[2]/C (clocked by clk_fpga_0) and h2_blockDesign_i/AudioCodec/U0/audio_ip_v1_1_S00_AXI_inst/lpms1_r/total_reg[18]/D (clocked by clk_fpga_1). Large setup violations at the end of those stages might be difficult to fix during the post-placement implementation flow and could be the result of non-optimal XDC constraints or non-optimal design architecture
Related violations: <none>

TIMING-16#211 Warning
Large setup violation  
There is a large setup violation of -3.636 ns between h2_blockDesign_i/AudioCodec/U0/audio_ip_v1_1_S00_AXI_inst/slv_reg0_reg[2]_rep/C (clocked by clk_fpga_0) and h2_blockDesign_i/AudioCodec/U0/audio_ip_v1_1_S00_AXI_inst/lpms3_l/total_reg[17]/D (clocked by clk_fpga_1). Large setup violations at the end of those stages might be difficult to fix during the post-placement implementation flow and could be the result of non-optimal XDC constraints or non-optimal design architecture
Related violations: <none>

TIMING-16#212 Warning
Large setup violation  
There is a large setup violation of -3.639 ns between h2_blockDesign_i/AudioCodec/U0/audio_ip_v1_1_S00_AXI_inst/slv_reg0_reg[2]_rep/C (clocked by clk_fpga_0) and h2_blockDesign_i/AudioCodec/U0/audio_ip_v1_1_S00_AXI_inst/lpms3_l/total_reg[20]/D (clocked by clk_fpga_1). Large setup violations at the end of those stages might be difficult to fix during the post-placement implementation flow and could be the result of non-optimal XDC constraints or non-optimal design architecture
Related violations: <none>

TIMING-16#213 Warning
Large setup violation  
There is a large setup violation of -3.652 ns between h2_blockDesign_i/AudioCodec/U0/audio_ip_v1_1_S00_AXI_inst/slv_reg2_reg[3]/C (clocked by clk_fpga_0) and h2_blockDesign_i/AudioCodec/U0/audio_ip_v1_1_S00_AXI_inst/lpms2_r/total_reg[19]/D (clocked by clk_fpga_1). Large setup violations at the end of those stages might be difficult to fix during the post-placement implementation flow and could be the result of non-optimal XDC constraints or non-optimal design architecture
Related violations: <none>

TIMING-16#214 Warning
Large setup violation  
There is a large setup violation of -3.655 ns between h2_blockDesign_i/AudioCodec/U0/audio_ip_v1_1_S00_AXI_inst/slv_reg0_reg[2]_rep/C (clocked by clk_fpga_0) and h2_blockDesign_i/AudioCodec/U0/audio_ip_v1_1_S00_AXI_inst/lpms3_l/total_reg[22]/D (clocked by clk_fpga_1). Large setup violations at the end of those stages might be difficult to fix during the post-placement implementation flow and could be the result of non-optimal XDC constraints or non-optimal design architecture
Related violations: <none>

TIMING-16#215 Warning
Large setup violation  
There is a large setup violation of -3.660 ns between h2_blockDesign_i/AudioCodec/U0/audio_ip_v1_1_S00_AXI_inst/slv_reg2_reg[3]/C (clocked by clk_fpga_0) and h2_blockDesign_i/AudioCodec/U0/audio_ip_v1_1_S00_AXI_inst/lpms2_r/total_reg[17]/D (clocked by clk_fpga_1). Large setup violations at the end of those stages might be difficult to fix during the post-placement implementation flow and could be the result of non-optimal XDC constraints or non-optimal design architecture
Related violations: <none>

TIMING-16#216 Warning
Large setup violation  
There is a large setup violation of -3.668 ns between h2_blockDesign_i/AudioCodec/U0/audio_ip_v1_1_S00_AXI_inst/slv_reg0_reg[2]_rep/C (clocked by clk_fpga_0) and h2_blockDesign_i/AudioCodec/U0/audio_ip_v1_1_S00_AXI_inst/lpms1_l/total_reg[15]/D (clocked by clk_fpga_1). Large setup violations at the end of those stages might be difficult to fix during the post-placement implementation flow and could be the result of non-optimal XDC constraints or non-optimal design architecture
Related violations: <none>

TIMING-16#217 Warning
Large setup violation  
There is a large setup violation of -3.674 ns between h2_blockDesign_i/AudioCodec/U0/audio_ip_v1_1_S00_AXI_inst/slv_reg2_reg[3]/C (clocked by clk_fpga_0) and h2_blockDesign_i/AudioCodec/U0/audio_ip_v1_1_S00_AXI_inst/lpms2_r/total_reg[20]/D (clocked by clk_fpga_1). Large setup violations at the end of those stages might be difficult to fix during the post-placement implementation flow and could be the result of non-optimal XDC constraints or non-optimal design architecture
Related violations: <none>

TIMING-16#218 Warning
Large setup violation  
There is a large setup violation of -3.675 ns between h2_blockDesign_i/AudioCodec/U0/audio_ip_v1_1_S00_AXI_inst/slv_reg0_reg[2]_rep/C (clocked by clk_fpga_0) and h2_blockDesign_i/AudioCodec/U0/audio_ip_v1_1_S00_AXI_inst/lpms2_l/total_reg[23]/D (clocked by clk_fpga_1). Large setup violations at the end of those stages might be difficult to fix during the post-placement implementation flow and could be the result of non-optimal XDC constraints or non-optimal design architecture
Related violations: <none>

TIMING-16#219 Warning
Large setup violation  
There is a large setup violation of -3.682 ns between h2_blockDesign_i/AudioCodec/U0/audio_ip_v1_1_S00_AXI_inst/slv_reg0_reg[2]/C (clocked by clk_fpga_0) and h2_blockDesign_i/AudioCodec/U0/audio_ip_v1_1_S00_AXI_inst/lpms3_r/total_reg[23]/D (clocked by clk_fpga_1). Large setup violations at the end of those stages might be difficult to fix during the post-placement implementation flow and could be the result of non-optimal XDC constraints or non-optimal design architecture
Related violations: <none>

TIMING-16#220 Warning
Large setup violation  
There is a large setup violation of -3.683 ns between h2_blockDesign_i/AudioCodec/U0/audio_ip_v1_1_S00_AXI_inst/slv_reg0_reg[2]_rep/C (clocked by clk_fpga_0) and h2_blockDesign_i/AudioCodec/U0/audio_ip_v1_1_S00_AXI_inst/lpms2_l/total_reg[21]/D (clocked by clk_fpga_1). Large setup violations at the end of those stages might be difficult to fix during the post-placement implementation flow and could be the result of non-optimal XDC constraints or non-optimal design architecture
Related violations: <none>

TIMING-16#221 Warning
Large setup violation  
There is a large setup violation of -3.689 ns between h2_blockDesign_i/AudioCodec/U0/audio_ip_v1_1_S00_AXI_inst/slv_reg0_reg[2]_rep/C (clocked by clk_fpga_0) and h2_blockDesign_i/AudioCodec/U0/audio_ip_v1_1_S00_AXI_inst/lpms1_l/total_reg[13]/D (clocked by clk_fpga_1). Large setup violations at the end of those stages might be difficult to fix during the post-placement implementation flow and could be the result of non-optimal XDC constraints or non-optimal design architecture
Related violations: <none>

TIMING-16#222 Warning
Large setup violation  
There is a large setup violation of -3.691 ns between h2_blockDesign_i/AudioCodec/U0/audio_ip_v1_1_S00_AXI_inst/slv_reg0_reg[2]/C (clocked by clk_fpga_0) and h2_blockDesign_i/AudioCodec/U0/audio_ip_v1_1_S00_AXI_inst/lpms1_r/total_reg[19]/D (clocked by clk_fpga_1). Large setup violations at the end of those stages might be difficult to fix during the post-placement implementation flow and could be the result of non-optimal XDC constraints or non-optimal design architecture
Related violations: <none>

TIMING-16#223 Warning
Large setup violation  
There is a large setup violation of -3.692 ns between h2_blockDesign_i/AudioCodec/U0/audio_ip_v1_1_S00_AXI_inst/slv_reg0_reg[2]_rep/C (clocked by clk_fpga_0) and h2_blockDesign_i/AudioCodec/U0/audio_ip_v1_1_S00_AXI_inst/lpms1_l/total_reg[16]/D (clocked by clk_fpga_1). Large setup violations at the end of those stages might be difficult to fix during the post-placement implementation flow and could be the result of non-optimal XDC constraints or non-optimal design architecture
Related violations: <none>

TIMING-16#224 Warning
Large setup violation  
There is a large setup violation of -3.694 ns between h2_blockDesign_i/AudioCodec/U0/audio_ip_v1_1_S00_AXI_inst/slv_reg2_reg[3]/C (clocked by clk_fpga_0) and h2_blockDesign_i/AudioCodec/U0/audio_ip_v1_1_S00_AXI_inst/lpms2_r/total_reg[22]/D (clocked by clk_fpga_1). Large setup violations at the end of those stages might be difficult to fix during the post-placement implementation flow and could be the result of non-optimal XDC constraints or non-optimal design architecture
Related violations: <none>

TIMING-16#225 Warning
Large setup violation  
There is a large setup violation of -3.696 ns between h2_blockDesign_i/AudioCodec/U0/audio_ip_v1_1_S00_AXI_inst/slv_reg0_reg[2]_rep/C (clocked by clk_fpga_0) and h2_blockDesign_i/AudioCodec/U0/audio_ip_v1_1_S00_AXI_inst/lpms2_l/total_reg[24]/D (clocked by clk_fpga_1). Large setup violations at the end of those stages might be difficult to fix during the post-placement implementation flow and could be the result of non-optimal XDC constraints or non-optimal design architecture
Related violations: <none>

TIMING-16#226 Warning
Large setup violation  
There is a large setup violation of -3.703 ns between h2_blockDesign_i/AudioCodec/U0/audio_ip_v1_1_S00_AXI_inst/slv_reg0_reg[2]/C (clocked by clk_fpga_0) and h2_blockDesign_i/AudioCodec/U0/audio_ip_v1_1_S00_AXI_inst/lpms3_r/total_reg[21]/D (clocked by clk_fpga_1). Large setup violations at the end of those stages might be difficult to fix during the post-placement implementation flow and could be the result of non-optimal XDC constraints or non-optimal design architecture
Related violations: <none>

TIMING-16#227 Warning
Large setup violation  
There is a large setup violation of -3.706 ns between h2_blockDesign_i/AudioCodec/U0/audio_ip_v1_1_S00_AXI_inst/slv_reg0_reg[2]/C (clocked by clk_fpga_0) and h2_blockDesign_i/AudioCodec/U0/audio_ip_v1_1_S00_AXI_inst/lpms3_r/total_reg[24]/D (clocked by clk_fpga_1). Large setup violations at the end of those stages might be difficult to fix during the post-placement implementation flow and could be the result of non-optimal XDC constraints or non-optimal design architecture
Related violations: <none>

TIMING-16#228 Warning
Large setup violation  
There is a large setup violation of -3.708 ns between h2_blockDesign_i/AudioCodec/U0/audio_ip_v1_1_S00_AXI_inst/slv_reg0_reg[2]_rep/C (clocked by clk_fpga_0) and h2_blockDesign_i/AudioCodec/U0/audio_ip_v1_1_S00_AXI_inst/lpms1_l/total_reg[18]/D (clocked by clk_fpga_1). Large setup violations at the end of those stages might be difficult to fix during the post-placement implementation flow and could be the result of non-optimal XDC constraints or non-optimal design architecture
Related violations: <none>

TIMING-16#229 Warning
Large setup violation  
There is a large setup violation of -3.712 ns between h2_blockDesign_i/AudioCodec/U0/audio_ip_v1_1_S00_AXI_inst/slv_reg0_reg[2]/C (clocked by clk_fpga_0) and h2_blockDesign_i/AudioCodec/U0/audio_ip_v1_1_S00_AXI_inst/lpms1_r/total_reg[17]/D (clocked by clk_fpga_1). Large setup violations at the end of those stages might be difficult to fix during the post-placement implementation flow and could be the result of non-optimal XDC constraints or non-optimal design architecture
Related violations: <none>

TIMING-16#230 Warning
Large setup violation  
There is a large setup violation of -3.716 ns between h2_blockDesign_i/AudioCodec/U0/audio_ip_v1_1_S00_AXI_inst/slv_reg0_reg[2]/C (clocked by clk_fpga_0) and h2_blockDesign_i/AudioCodec/U0/audio_ip_v1_1_S00_AXI_inst/lpms1_r/total_reg[20]/D (clocked by clk_fpga_1). Large setup violations at the end of those stages might be difficult to fix during the post-placement implementation flow and could be the result of non-optimal XDC constraints or non-optimal design architecture
Related violations: <none>

TIMING-16#231 Warning
Large setup violation  
There is a large setup violation of -3.716 ns between h2_blockDesign_i/AudioCodec/U0/audio_ip_v1_1_S00_AXI_inst/slv_reg0_reg[2]_rep/C (clocked by clk_fpga_0) and h2_blockDesign_i/AudioCodec/U0/audio_ip_v1_1_S00_AXI_inst/lpms2_l/total_reg[26]/D (clocked by clk_fpga_1). Large setup violations at the end of those stages might be difficult to fix during the post-placement implementation flow and could be the result of non-optimal XDC constraints or non-optimal design architecture
Related violations: <none>

TIMING-16#232 Warning
Large setup violation  
There is a large setup violation of -3.722 ns between h2_blockDesign_i/AudioCodec/U0/audio_ip_v1_1_S00_AXI_inst/slv_reg0_reg[2]/C (clocked by clk_fpga_0) and h2_blockDesign_i/AudioCodec/U0/audio_ip_v1_1_S00_AXI_inst/lpms3_r/total_reg[26]/D (clocked by clk_fpga_1). Large setup violations at the end of those stages might be difficult to fix during the post-placement implementation flow and could be the result of non-optimal XDC constraints or non-optimal design architecture
Related violations: <none>

TIMING-16#233 Warning
Large setup violation  
There is a large setup violation of -3.729 ns between h2_blockDesign_i/AudioCodec/U0/audio_ip_v1_1_S00_AXI_inst/slv_reg0_reg[2]_rep/C (clocked by clk_fpga_0) and h2_blockDesign_i/AudioCodec/U0/audio_ip_v1_1_S00_AXI_inst/lpms3_l/total_reg[23]/D (clocked by clk_fpga_1). Large setup violations at the end of those stages might be difficult to fix during the post-placement implementation flow and could be the result of non-optimal XDC constraints or non-optimal design architecture
Related violations: <none>

TIMING-16#234 Warning
Large setup violation  
There is a large setup violation of -3.732 ns between h2_blockDesign_i/AudioCodec/U0/audio_ip_v1_1_S00_AXI_inst/slv_reg0_reg[2]/C (clocked by clk_fpga_0) and h2_blockDesign_i/AudioCodec/U0/audio_ip_v1_1_S00_AXI_inst/lpms1_r/total_reg[22]/D (clocked by clk_fpga_1). Large setup violations at the end of those stages might be difficult to fix during the post-placement implementation flow and could be the result of non-optimal XDC constraints or non-optimal design architecture
Related violations: <none>

TIMING-16#235 Warning
Large setup violation  
There is a large setup violation of -3.750 ns between h2_blockDesign_i/AudioCodec/U0/audio_ip_v1_1_S00_AXI_inst/slv_reg0_reg[2]_rep/C (clocked by clk_fpga_0) and h2_blockDesign_i/AudioCodec/U0/audio_ip_v1_1_S00_AXI_inst/lpms3_l/total_reg[21]/D (clocked by clk_fpga_1). Large setup violations at the end of those stages might be difficult to fix during the post-placement implementation flow and could be the result of non-optimal XDC constraints or non-optimal design architecture
Related violations: <none>

TIMING-16#236 Warning
Large setup violation  
There is a large setup violation of -3.754 ns between h2_blockDesign_i/AudioCodec/U0/audio_ip_v1_1_S00_AXI_inst/slv_reg0_reg[2]_rep/C (clocked by clk_fpga_0) and h2_blockDesign_i/AudioCodec/U0/audio_ip_v1_1_S00_AXI_inst/lpms3_l/total_reg[24]/D (clocked by clk_fpga_1). Large setup violations at the end of those stages might be difficult to fix during the post-placement implementation flow and could be the result of non-optimal XDC constraints or non-optimal design architecture
Related violations: <none>

TIMING-16#237 Warning
Large setup violation  
There is a large setup violation of -3.770 ns between h2_blockDesign_i/AudioCodec/U0/audio_ip_v1_1_S00_AXI_inst/slv_reg0_reg[2]_rep/C (clocked by clk_fpga_0) and h2_blockDesign_i/AudioCodec/U0/audio_ip_v1_1_S00_AXI_inst/lpms3_l/total_reg[26]/D (clocked by clk_fpga_1). Large setup violations at the end of those stages might be difficult to fix during the post-placement implementation flow and could be the result of non-optimal XDC constraints or non-optimal design architecture
Related violations: <none>

TIMING-16#238 Warning
Large setup violation  
There is a large setup violation of -3.770 ns between h2_blockDesign_i/AudioCodec/U0/audio_ip_v1_1_S00_AXI_inst/slv_reg2_reg[3]/C (clocked by clk_fpga_0) and h2_blockDesign_i/AudioCodec/U0/audio_ip_v1_1_S00_AXI_inst/lpms2_r/total_reg[23]/D (clocked by clk_fpga_1). Large setup violations at the end of those stages might be difficult to fix during the post-placement implementation flow and could be the result of non-optimal XDC constraints or non-optimal design architecture
Related violations: <none>

TIMING-16#239 Warning
Large setup violation  
There is a large setup violation of -3.778 ns between h2_blockDesign_i/AudioCodec/U0/audio_ip_v1_1_S00_AXI_inst/slv_reg2_reg[3]/C (clocked by clk_fpga_0) and h2_blockDesign_i/AudioCodec/U0/audio_ip_v1_1_S00_AXI_inst/lpms2_r/total_reg[21]/D (clocked by clk_fpga_1). Large setup violations at the end of those stages might be difficult to fix during the post-placement implementation flow and could be the result of non-optimal XDC constraints or non-optimal design architecture
Related violations: <none>

TIMING-16#240 Warning
Large setup violation  
There is a large setup violation of -3.782 ns between h2_blockDesign_i/AudioCodec/U0/audio_ip_v1_1_S00_AXI_inst/slv_reg0_reg[2]_rep/C (clocked by clk_fpga_0) and h2_blockDesign_i/AudioCodec/U0/audio_ip_v1_1_S00_AXI_inst/lpms1_l/total_reg[19]/D (clocked by clk_fpga_1). Large setup violations at the end of those stages might be difficult to fix during the post-placement implementation flow and could be the result of non-optimal XDC constraints or non-optimal design architecture
Related violations: <none>

TIMING-16#241 Warning
Large setup violation  
There is a large setup violation of -3.791 ns between h2_blockDesign_i/AudioCodec/U0/audio_ip_v1_1_S00_AXI_inst/slv_reg2_reg[3]/C (clocked by clk_fpga_0) and h2_blockDesign_i/AudioCodec/U0/audio_ip_v1_1_S00_AXI_inst/lpms2_r/total_reg[24]/D (clocked by clk_fpga_1). Large setup violations at the end of those stages might be difficult to fix during the post-placement implementation flow and could be the result of non-optimal XDC constraints or non-optimal design architecture
Related violations: <none>

TIMING-16#242 Warning
Large setup violation  
There is a large setup violation of -3.792 ns between h2_blockDesign_i/AudioCodec/U0/audio_ip_v1_1_S00_AXI_inst/slv_reg0_reg[2]_rep/C (clocked by clk_fpga_0) and h2_blockDesign_i/AudioCodec/U0/audio_ip_v1_1_S00_AXI_inst/lpms2_l/total_reg[27]/D (clocked by clk_fpga_1). Large setup violations at the end of those stages might be difficult to fix during the post-placement implementation flow and could be the result of non-optimal XDC constraints or non-optimal design architecture
Related violations: <none>

TIMING-16#243 Warning
Large setup violation  
There is a large setup violation of -3.796 ns between h2_blockDesign_i/AudioCodec/U0/audio_ip_v1_1_S00_AXI_inst/slv_reg0_reg[2]/C (clocked by clk_fpga_0) and h2_blockDesign_i/AudioCodec/U0/audio_ip_v1_1_S00_AXI_inst/lpms3_r/total_reg[27]/D (clocked by clk_fpga_1). Large setup violations at the end of those stages might be difficult to fix during the post-placement implementation flow and could be the result of non-optimal XDC constraints or non-optimal design architecture
Related violations: <none>

TIMING-16#244 Warning
Large setup violation  
There is a large setup violation of -3.800 ns between h2_blockDesign_i/AudioCodec/U0/audio_ip_v1_1_S00_AXI_inst/slv_reg0_reg[2]_rep/C (clocked by clk_fpga_0) and h2_blockDesign_i/AudioCodec/U0/audio_ip_v1_1_S00_AXI_inst/lpms2_l/total_reg[25]/D (clocked by clk_fpga_1). Large setup violations at the end of those stages might be difficult to fix during the post-placement implementation flow and could be the result of non-optimal XDC constraints or non-optimal design architecture
Related violations: <none>

TIMING-16#245 Warning
Large setup violation  
There is a large setup violation of -3.803 ns between h2_blockDesign_i/AudioCodec/U0/audio_ip_v1_1_S00_AXI_inst/slv_reg0_reg[2]_rep/C (clocked by clk_fpga_0) and h2_blockDesign_i/AudioCodec/U0/audio_ip_v1_1_S00_AXI_inst/lpms1_l/total_reg[17]/D (clocked by clk_fpga_1). Large setup violations at the end of those stages might be difficult to fix during the post-placement implementation flow and could be the result of non-optimal XDC constraints or non-optimal design architecture
Related violations: <none>

TIMING-16#246 Warning
Large setup violation  
There is a large setup violation of -3.806 ns between h2_blockDesign_i/AudioCodec/U0/audio_ip_v1_1_S00_AXI_inst/slv_reg0_reg[2]/C (clocked by clk_fpga_0) and h2_blockDesign_i/AudioCodec/U0/audio_ip_v1_1_S00_AXI_inst/lpms1_r/total_reg[23]/D (clocked by clk_fpga_1). Large setup violations at the end of those stages might be difficult to fix during the post-placement implementation flow and could be the result of non-optimal XDC constraints or non-optimal design architecture
Related violations: <none>

TIMING-16#247 Warning
Large setup violation  
There is a large setup violation of -3.806 ns between h2_blockDesign_i/AudioCodec/U0/audio_ip_v1_1_S00_AXI_inst/slv_reg0_reg[2]_rep/C (clocked by clk_fpga_0) and h2_blockDesign_i/AudioCodec/U0/audio_ip_v1_1_S00_AXI_inst/lpms1_l/total_reg[20]/D (clocked by clk_fpga_1). Large setup violations at the end of those stages might be difficult to fix during the post-placement implementation flow and could be the result of non-optimal XDC constraints or non-optimal design architecture
Related violations: <none>

TIMING-16#248 Warning
Large setup violation  
There is a large setup violation of -3.811 ns between h2_blockDesign_i/AudioCodec/U0/audio_ip_v1_1_S00_AXI_inst/slv_reg2_reg[3]/C (clocked by clk_fpga_0) and h2_blockDesign_i/AudioCodec/U0/audio_ip_v1_1_S00_AXI_inst/lpms2_r/total_reg[26]/D (clocked by clk_fpga_1). Large setup violations at the end of those stages might be difficult to fix during the post-placement implementation flow and could be the result of non-optimal XDC constraints or non-optimal design architecture
Related violations: <none>

TIMING-16#249 Warning
Large setup violation  
There is a large setup violation of -3.817 ns between h2_blockDesign_i/AudioCodec/U0/audio_ip_v1_1_S00_AXI_inst/slv_reg0_reg[2]/C (clocked by clk_fpga_0) and h2_blockDesign_i/AudioCodec/U0/audio_ip_v1_1_S00_AXI_inst/lpms3_r/total_reg[25]/D (clocked by clk_fpga_1). Large setup violations at the end of those stages might be difficult to fix during the post-placement implementation flow and could be the result of non-optimal XDC constraints or non-optimal design architecture
Related violations: <none>

TIMING-16#250 Warning
Large setup violation  
There is a large setup violation of -3.821 ns between h2_blockDesign_i/AudioCodec/U0/audio_ip_v1_1_S00_AXI_inst/slv_reg0_reg[2]/C (clocked by clk_fpga_0) and h2_blockDesign_i/AudioCodec/U0/audio_ip_v1_1_S00_AXI_inst/lpms3_r/total_reg[28]/D (clocked by clk_fpga_1). Large setup violations at the end of those stages might be difficult to fix during the post-placement implementation flow and could be the result of non-optimal XDC constraints or non-optimal design architecture
Related violations: <none>

TIMING-16#251 Warning
Large setup violation  
There is a large setup violation of -3.822 ns between h2_blockDesign_i/AudioCodec/U0/audio_ip_v1_1_S00_AXI_inst/slv_reg0_reg[2]_rep/C (clocked by clk_fpga_0) and h2_blockDesign_i/AudioCodec/U0/audio_ip_v1_1_S00_AXI_inst/lpms1_l/total_reg[22]/D (clocked by clk_fpga_1). Large setup violations at the end of those stages might be difficult to fix during the post-placement implementation flow and could be the result of non-optimal XDC constraints or non-optimal design architecture
Related violations: <none>

TIMING-16#252 Warning
Large setup violation  
There is a large setup violation of -3.827 ns between h2_blockDesign_i/AudioCodec/U0/audio_ip_v1_1_S00_AXI_inst/slv_reg0_reg[2]/C (clocked by clk_fpga_0) and h2_blockDesign_i/AudioCodec/U0/audio_ip_v1_1_S00_AXI_inst/lpms1_r/total_reg[21]/D (clocked by clk_fpga_1). Large setup violations at the end of those stages might be difficult to fix during the post-placement implementation flow and could be the result of non-optimal XDC constraints or non-optimal design architecture
Related violations: <none>

TIMING-16#253 Warning
Large setup violation  
There is a large setup violation of -3.830 ns between h2_blockDesign_i/AudioCodec/U0/audio_ip_v1_1_S00_AXI_inst/slv_reg0_reg[2]/C (clocked by clk_fpga_0) and h2_blockDesign_i/AudioCodec/U0/audio_ip_v1_1_S00_AXI_inst/lpms1_r/total_reg[24]/D (clocked by clk_fpga_1). Large setup violations at the end of those stages might be difficult to fix during the post-placement implementation flow and could be the result of non-optimal XDC constraints or non-optimal design architecture
Related violations: <none>

TIMING-16#254 Warning
Large setup violation  
There is a large setup violation of -3.844 ns between h2_blockDesign_i/AudioCodec/U0/audio_ip_v1_1_S00_AXI_inst/slv_reg0_reg[2]_rep/C (clocked by clk_fpga_0) and h2_blockDesign_i/AudioCodec/U0/audio_ip_v1_1_S00_AXI_inst/lpms3_l/total_reg[27]/D (clocked by clk_fpga_1). Large setup violations at the end of those stages might be difficult to fix during the post-placement implementation flow and could be the result of non-optimal XDC constraints or non-optimal design architecture
Related violations: <none>

TIMING-16#255 Warning
Large setup violation  
There is a large setup violation of -3.846 ns between h2_blockDesign_i/AudioCodec/U0/audio_ip_v1_1_S00_AXI_inst/slv_reg0_reg[2]/C (clocked by clk_fpga_0) and h2_blockDesign_i/AudioCodec/U0/audio_ip_v1_1_S00_AXI_inst/lpms1_r/total_reg[26]/D (clocked by clk_fpga_1). Large setup violations at the end of those stages might be difficult to fix during the post-placement implementation flow and could be the result of non-optimal XDC constraints or non-optimal design architecture
Related violations: <none>

TIMING-16#256 Warning
Large setup violation  
There is a large setup violation of -3.865 ns between h2_blockDesign_i/AudioCodec/U0/audio_ip_v1_1_S00_AXI_inst/slv_reg0_reg[2]_rep/C (clocked by clk_fpga_0) and h2_blockDesign_i/AudioCodec/U0/audio_ip_v1_1_S00_AXI_inst/lpms3_l/total_reg[25]/D (clocked by clk_fpga_1). Large setup violations at the end of those stages might be difficult to fix during the post-placement implementation flow and could be the result of non-optimal XDC constraints or non-optimal design architecture
Related violations: <none>

TIMING-16#257 Warning
Large setup violation  
There is a large setup violation of -3.868 ns between h2_blockDesign_i/AudioCodec/U0/audio_ip_v1_1_S00_AXI_inst/slv_reg0_reg[2]_rep/C (clocked by clk_fpga_0) and h2_blockDesign_i/AudioCodec/U0/audio_ip_v1_1_S00_AXI_inst/lpms3_l/total_reg[28]/D (clocked by clk_fpga_1). Large setup violations at the end of those stages might be difficult to fix during the post-placement implementation flow and could be the result of non-optimal XDC constraints or non-optimal design architecture
Related violations: <none>

TIMING-16#258 Warning
Large setup violation  
There is a large setup violation of -3.887 ns between h2_blockDesign_i/AudioCodec/U0/audio_ip_v1_1_S00_AXI_inst/slv_reg2_reg[3]/C (clocked by clk_fpga_0) and h2_blockDesign_i/AudioCodec/U0/audio_ip_v1_1_S00_AXI_inst/lpms2_r/total_reg[27]/D (clocked by clk_fpga_1). Large setup violations at the end of those stages might be difficult to fix during the post-placement implementation flow and could be the result of non-optimal XDC constraints or non-optimal design architecture
Related violations: <none>

TIMING-16#259 Warning
Large setup violation  
There is a large setup violation of -3.895 ns between h2_blockDesign_i/AudioCodec/U0/audio_ip_v1_1_S00_AXI_inst/slv_reg2_reg[3]/C (clocked by clk_fpga_0) and h2_blockDesign_i/AudioCodec/U0/audio_ip_v1_1_S00_AXI_inst/lpms2_r/total_reg[25]/D (clocked by clk_fpga_1). Large setup violations at the end of those stages might be difficult to fix during the post-placement implementation flow and could be the result of non-optimal XDC constraints or non-optimal design architecture
Related violations: <none>

TIMING-16#260 Warning
Large setup violation  
There is a large setup violation of -3.896 ns between h2_blockDesign_i/AudioCodec/U0/audio_ip_v1_1_S00_AXI_inst/slv_reg0_reg[2]_rep/C (clocked by clk_fpga_0) and h2_blockDesign_i/AudioCodec/U0/audio_ip_v1_1_S00_AXI_inst/lpms1_l/total_reg[23]/D (clocked by clk_fpga_1). Large setup violations at the end of those stages might be difficult to fix during the post-placement implementation flow and could be the result of non-optimal XDC constraints or non-optimal design architecture
Related violations: <none>

TIMING-16#261 Warning
Large setup violation  
There is a large setup violation of -3.917 ns between h2_blockDesign_i/AudioCodec/U0/audio_ip_v1_1_S00_AXI_inst/slv_reg0_reg[2]_rep/C (clocked by clk_fpga_0) and h2_blockDesign_i/AudioCodec/U0/audio_ip_v1_1_S00_AXI_inst/lpms1_l/total_reg[21]/D (clocked by clk_fpga_1). Large setup violations at the end of those stages might be difficult to fix during the post-placement implementation flow and could be the result of non-optimal XDC constraints or non-optimal design architecture
Related violations: <none>

TIMING-16#262 Warning
Large setup violation  
There is a large setup violation of -3.920 ns between h2_blockDesign_i/AudioCodec/U0/audio_ip_v1_1_S00_AXI_inst/slv_reg0_reg[2]_rep/C (clocked by clk_fpga_0) and h2_blockDesign_i/AudioCodec/U0/audio_ip_v1_1_S00_AXI_inst/lpms1_l/total_reg[24]/D (clocked by clk_fpga_1). Large setup violations at the end of those stages might be difficult to fix during the post-placement implementation flow and could be the result of non-optimal XDC constraints or non-optimal design architecture
Related violations: <none>

TIMING-16#263 Warning
Large setup violation  
There is a large setup violation of -3.936 ns between h2_blockDesign_i/AudioCodec/U0/audio_ip_v1_1_S00_AXI_inst/slv_reg0_reg[2]_rep/C (clocked by clk_fpga_0) and h2_blockDesign_i/AudioCodec/U0/audio_ip_v1_1_S00_AXI_inst/lpms1_l/total_reg[26]/D (clocked by clk_fpga_1). Large setup violations at the end of those stages might be difficult to fix during the post-placement implementation flow and could be the result of non-optimal XDC constraints or non-optimal design architecture
Related violations: <none>

TIMING-16#264 Warning
Large setup violation  
There is a large setup violation of -3.941 ns between h2_blockDesign_i/AudioCodec/U0/audio_ip_v1_1_S00_AXI_inst/slv_reg0_reg[2]/C (clocked by clk_fpga_0) and h2_blockDesign_i/AudioCodec/U0/audio_ip_v1_1_S00_AXI_inst/lpms1_r/total_reg[25]/D (clocked by clk_fpga_1). Large setup violations at the end of those stages might be difficult to fix during the post-placement implementation flow and could be the result of non-optimal XDC constraints or non-optimal design architecture
Related violations: <none>

TIMING-16#265 Warning
Large setup violation  
There is a large setup violation of -4.031 ns between h2_blockDesign_i/AudioCodec/U0/audio_ip_v1_1_S00_AXI_inst/slv_reg0_reg[2]_rep/C (clocked by clk_fpga_0) and h2_blockDesign_i/AudioCodec/U0/audio_ip_v1_1_S00_AXI_inst/lpms1_l/total_reg[25]/D (clocked by clk_fpga_1). Large setup violations at the end of those stages might be difficult to fix during the post-placement implementation flow and could be the result of non-optimal XDC constraints or non-optimal design architecture
Related violations: <none>

TIMING-18#1 Warning
Missing input or output delay  
An input delay is missing on AC_GPIO1 relative to clock(s) clk_fpga_1
Related violations: <none>

TIMING-18#2 Warning
Missing input or output delay  
An input delay is missing on AC_GPIO2 relative to clock(s) clk_fpga_1
Related violations: <none>

TIMING-18#3 Warning
Missing input or output delay  
An input delay is missing on AC_GPIO3 relative to clock(s) clk_fpga_1
Related violations: <none>

TIMING-18#4 Warning
Missing input or output delay  
An input delay is missing on AC_SDA relative to clock(s) clk_fpga_1
Related violations: <none>

TIMING-18#5 Warning
Missing input or output delay  
An input delay is missing on sw_tri_i[0] relative to clock(s) clk_fpga_0
Related violations: <none>

TIMING-18#6 Warning
Missing input or output delay  
An input delay is missing on sw_tri_i[1] relative to clock(s) clk_fpga_0
Related violations: <none>

TIMING-18#7 Warning
Missing input or output delay  
An input delay is missing on sw_tri_i[2] relative to clock(s) clk_fpga_0
Related violations: <none>

TIMING-18#8 Warning
Missing input or output delay  
An input delay is missing on sw_tri_i[3] relative to clock(s) clk_fpga_0
Related violations: <none>

TIMING-18#9 Warning
Missing input or output delay  
An input delay is missing on sw_tri_i[4] relative to clock(s) clk_fpga_0
Related violations: <none>

TIMING-18#10 Warning
Missing input or output delay  
An input delay is missing on sw_tri_i[5] relative to clock(s) clk_fpga_0
Related violations: <none>

TIMING-18#11 Warning
Missing input or output delay  
An input delay is missing on sw_tri_i[6] relative to clock(s) clk_fpga_0
Related violations: <none>

TIMING-18#12 Warning
Missing input or output delay  
An input delay is missing on sw_tri_i[7] relative to clock(s) clk_fpga_0
Related violations: <none>

TIMING-18#13 Warning
Missing input or output delay  
An output delay is missing on AC_GPIO0 relative to clock(s) clk_fpga_1
Related violations: <none>

TIMING-18#14 Warning
Missing input or output delay  
An output delay is missing on AC_MCLK relative to clock(s) clk_fpga_1
Related violations: <none>

TIMING-18#15 Warning
Missing input or output delay  
An output delay is missing on AC_SCK relative to clock(s) clk_fpga_1
Related violations: <none>

XDCC-2#1 Warning
Scoped Non-Timing constraint/property overwritten  
A new XDC property IOSTANDARD on sw_tri_i[0] overrides a previous scoped property. It is not recommended to override a scoped (typically an IP) property and could result in unexpected behaviours.
New Source: E:/CAB/TSN/H3/H3.srcs/constrs_1/imports/new/constraints.xdc (Line: 373)
Previous Source: e:/CAB/TSN/H3/H3.srcs/sources_1/bd/h2_blockDesign/ip/h2_blockDesign_axi_gpio_0_0/h2_blockDesign_axi_gpio_0_0_board.xdc (Line: 3)
Related violations: <none>

XDCC-2#2 Warning
Scoped Non-Timing constraint/property overwritten  
A new XDC property IOSTANDARD on sw_tri_i[1] overrides a previous scoped property. It is not recommended to override a scoped (typically an IP) property and could result in unexpected behaviours.
New Source: E:/CAB/TSN/H3/H3.srcs/constrs_1/imports/new/constraints.xdc (Line: 373)
Previous Source: e:/CAB/TSN/H3/H3.srcs/sources_1/bd/h2_blockDesign/ip/h2_blockDesign_axi_gpio_0_0/h2_blockDesign_axi_gpio_0_0_board.xdc (Line: 5)
Related violations: <none>

XDCC-2#3 Warning
Scoped Non-Timing constraint/property overwritten  
A new XDC property IOSTANDARD on sw_tri_i[2] overrides a previous scoped property. It is not recommended to override a scoped (typically an IP) property and could result in unexpected behaviours.
New Source: E:/CAB/TSN/H3/H3.srcs/constrs_1/imports/new/constraints.xdc (Line: 373)
Previous Source: e:/CAB/TSN/H3/H3.srcs/sources_1/bd/h2_blockDesign/ip/h2_blockDesign_axi_gpio_0_0/h2_blockDesign_axi_gpio_0_0_board.xdc (Line: 7)
Related violations: <none>

XDCC-2#4 Warning
Scoped Non-Timing constraint/property overwritten  
A new XDC property IOSTANDARD on sw_tri_i[3] overrides a previous scoped property. It is not recommended to override a scoped (typically an IP) property and could result in unexpected behaviours.
New Source: E:/CAB/TSN/H3/H3.srcs/constrs_1/imports/new/constraints.xdc (Line: 373)
Previous Source: e:/CAB/TSN/H3/H3.srcs/sources_1/bd/h2_blockDesign/ip/h2_blockDesign_axi_gpio_0_0/h2_blockDesign_axi_gpio_0_0_board.xdc (Line: 9)
Related violations: <none>

XDCC-2#5 Warning
Scoped Non-Timing constraint/property overwritten  
A new XDC property IOSTANDARD on sw_tri_i[4] overrides a previous scoped property. It is not recommended to override a scoped (typically an IP) property and could result in unexpected behaviours.
New Source: E:/CAB/TSN/H3/H3.srcs/constrs_1/imports/new/constraints.xdc (Line: 373)
Previous Source: e:/CAB/TSN/H3/H3.srcs/sources_1/bd/h2_blockDesign/ip/h2_blockDesign_axi_gpio_0_0/h2_blockDesign_axi_gpio_0_0_board.xdc (Line: 11)
Related violations: <none>

XDCC-2#6 Warning
Scoped Non-Timing constraint/property overwritten  
A new XDC property IOSTANDARD on sw_tri_i[5] overrides a previous scoped property. It is not recommended to override a scoped (typically an IP) property and could result in unexpected behaviours.
New Source: E:/CAB/TSN/H3/H3.srcs/constrs_1/imports/new/constraints.xdc (Line: 373)
Previous Source: e:/CAB/TSN/H3/H3.srcs/sources_1/bd/h2_blockDesign/ip/h2_blockDesign_axi_gpio_0_0/h2_blockDesign_axi_gpio_0_0_board.xdc (Line: 13)
Related violations: <none>

XDCC-2#7 Warning
Scoped Non-Timing constraint/property overwritten  
A new XDC property IOSTANDARD on sw_tri_i[6] overrides a previous scoped property. It is not recommended to override a scoped (typically an IP) property and could result in unexpected behaviours.
New Source: E:/CAB/TSN/H3/H3.srcs/constrs_1/imports/new/constraints.xdc (Line: 373)
Previous Source: e:/CAB/TSN/H3/H3.srcs/sources_1/bd/h2_blockDesign/ip/h2_blockDesign_axi_gpio_0_0/h2_blockDesign_axi_gpio_0_0_board.xdc (Line: 15)
Related violations: <none>

XDCC-2#8 Warning
Scoped Non-Timing constraint/property overwritten  
A new XDC property IOSTANDARD on sw_tri_i[7] overrides a previous scoped property. It is not recommended to override a scoped (typically an IP) property and could result in unexpected behaviours.
New Source: E:/CAB/TSN/H3/H3.srcs/constrs_1/imports/new/constraints.xdc (Line: 368)
Previous Source: e:/CAB/TSN/H3/H3.srcs/sources_1/bd/h2_blockDesign/ip/h2_blockDesign_axi_gpio_0_0/h2_blockDesign_axi_gpio_0_0_board.xdc (Line: 17)
Related violations: <none>


