17:43:02 **** Build of project H2_bsp ****
make -k all 
"Running Make include in ps7_cortexa9_0/libsrc/cpu_cortexa9_v2_7/src"
make -C ps7_cortexa9_0/libsrc/cpu_cortexa9_v2_7/src -s include  "SHELL=CMD" "COMPILER=arm-none-eabi-gcc" "ARCHIVER=arm-none-eabi-ar" "COMPILER_FLAGS=  -O2 -c" "EXTRA_COMPILER_FLAGS=-mcpu=cortex-a9 -mfpu=vfpv3 -mfloat-abi=hard -nostartfiles -g -Wall -Wextra"
"Running Make include in ps7_cortexa9_0/libsrc/standalone_v6_8/src"
make -C ps7_cortexa9_0/libsrc/standalone_v6_8/src -s include  "SHELL=CMD" "COMPILER=arm-none-eabi-gcc" "ARCHIVER=arm-none-eabi-ar" "COMPILER_FLAGS=  -O2 -c" "EXTRA_COMPILER_FLAGS=-mcpu=cortex-a9 -mfpu=vfpv3 -mfloat-abi=hard -nostartfiles -g -Wall -Wextra"
"Running Make include in ps7_cortexa9_0/libsrc/audio_ip_v1_0/src"
make -C ps7_cortexa9_0/libsrc/audio_ip_v1_0/src -s include  "SHELL=CMD" "COMPILER=arm-none-eabi-gcc" "ARCHIVER=arm-none-eabi-ar" "COMPILER_FLAGS=  -O2 -c" "EXTRA_COMPILER_FLAGS=-mcpu=cortex-a9 -mfpu=vfpv3 -mfloat-abi=hard -nostartfiles -g -Wall -Wextra"
"Running Make include in ps7_cortexa9_0/libsrc/coresightps_dcc_v1_4/src"
make -C ps7_cortexa9_0/libsrc/coresightps_dcc_v1_4/src -s include  "SHELL=CMD" "COMPILER=arm-none-eabi-gcc" "ARCHIVER=arm-none-eabi-ar" "COMPILER_FLAGS=  -O2 -c" "EXTRA_COMPILER_FLAGS=-mcpu=cortex-a9 -mfpu=vfpv3 -mfloat-abi=hard -nostartfiles -g -Wall -Wextra"
"Running Make include in ps7_cortexa9_0/libsrc/ddrps_v1_0/src"
make -C ps7_cortexa9_0/libsrc/ddrps_v1_0/src -s include  "SHELL=CMD" "COMPILER=arm-none-eabi-gcc" "ARCHIVER=arm-none-eabi-ar" "COMPILER_FLAGS=  -O2 -c" "EXTRA_COMPILER_FLAGS=-mcpu=cortex-a9 -mfpu=vfpv3 -mfloat-abi=hard -nostartfiles -g -Wall -Wextra"
"Running Make include in ps7_cortexa9_0/libsrc/devcfg_v3_5/src"
make -C ps7_cortexa9_0/libsrc/devcfg_v3_5/src -s include  "SHELL=CMD" "COMPILER=arm-none-eabi-gcc" "ARCHIVER=arm-none-eabi-ar" "COMPILER_FLAGS=  -O2 -c" "EXTRA_COMPILER_FLAGS=-mcpu=cortex-a9 -mfpu=vfpv3 -mfloat-abi=hard -nostartfiles -g -Wall -Wextra"
"Running Make include in ps7_cortexa9_0/libsrc/dmaps_v2_4/src"
make -C ps7_cortexa9_0/libsrc/dmaps_v2_4/src -s include  "SHELL=CMD" "COMPILER=arm-none-eabi-gcc" "ARCHIVER=arm-none-eabi-ar" "COMPILER_FLAGS=  -O2 -c" "EXTRA_COMPILER_FLAGS=-mcpu=cortex-a9 -mfpu=vfpv3 -mfloat-abi=hard -nostartfiles -g -Wall -Wextra"
"Running Make include in ps7_cortexa9_0/libsrc/emacps_v3_8/src"
make -C ps7_cortexa9_0/libsrc/emacps_v3_8/src -s include  "SHELL=CMD" "COMPILER=arm-none-eabi-gcc" "ARCHIVER=arm-none-eabi-ar" "COMPILER_FLAGS=  -O2 -c" "EXTRA_COMPILER_FLAGS=-mcpu=cortex-a9 -mfpu=vfpv3 -mfloat-abi=hard -nostartfiles -g -Wall -Wextra"
"Running Make include in ps7_cortexa9_0/libsrc/gpio_v4_3/src"
make -C ps7_cortexa9_0/libsrc/gpio_v4_3/src -s include  "SHELL=CMD" "COMPILER=arm-none-eabi-gcc" "ARCHIVER=arm-none-eabi-ar" "COMPILER_FLAGS=  -O2 -c" "EXTRA_COMPILER_FLAGS=-mcpu=cortex-a9 -mfpu=vfpv3 -mfloat-abi=hard -nostartfiles -g -Wall -Wextra"
"Running Make include in ps7_cortexa9_0/libsrc/gpiops_v3_4/src"
make -C ps7_cortexa9_0/libsrc/gpiops_v3_4/src -s include  "SHELL=CMD" "COMPILER=arm-none-eabi-gcc" "ARCHIVER=arm-none-eabi-ar" "COMPILER_FLAGS=  -O2 -c" "EXTRA_COMPILER_FLAGS=-mcpu=cortex-a9 -mfpu=vfpv3 -mfloat-abi=hard -nostartfiles -g -Wall -Wextra"
"Running Make include in ps7_cortexa9_0/libsrc/qspips_v3_5/src"
make -C ps7_cortexa9_0/libsrc/qspips_v3_5/src -s include  "SHELL=CMD" "COMPILER=arm-none-eabi-gcc" "ARCHIVER=arm-none-eabi-ar" "COMPILER_FLAGS=  -O2 -c" "EXTRA_COMPILER_FLAGS=-mcpu=cortex-a9 -mfpu=vfpv3 -mfloat-abi=hard -nostartfiles -g -Wall -Wextra"
"Running Make include in ps7_cortexa9_0/libsrc/scugic_v3_10/src"
make -C ps7_cortexa9_0/libsrc/scugic_v3_10/src -s include  "SHELL=CMD" "COMPILER=arm-none-eabi-gcc" "ARCHIVER=arm-none-eabi-ar" "COMPILER_FLAGS=  -O2 -c" "EXTRA_COMPILER_FLAGS=-mcpu=cortex-a9 -mfpu=vfpv3 -mfloat-abi=hard -nostartfiles -g -Wall -Wextra"
"Running Make include in ps7_cortexa9_0/libsrc/scutimer_v2_1/src"
make -C ps7_cortexa9_0/libsrc/scutimer_v2_1/src -s include  "SHELL=CMD" "COMPILER=arm-none-eabi-gcc" "ARCHIVER=arm-none-eabi-ar" "COMPILER_FLAGS=  -O2 -c" "EXTRA_COMPILER_FLAGS=-mcpu=cortex-a9 -mfpu=vfpv3 -mfloat-abi=hard -nostartfiles -g -Wall -Wextra"
"Running Make include in ps7_cortexa9_0/libsrc/scuwdt_v2_1/src"
make -C ps7_cortexa9_0/libsrc/scuwdt_v2_1/src -s include  "SHELL=CMD" "COMPILER=arm-none-eabi-gcc" "ARCHIVER=arm-none-eabi-ar" "COMPILER_FLAGS=  -O2 -c" "EXTRA_COMPILER_FLAGS=-mcpu=cortex-a9 -mfpu=vfpv3 -mfloat-abi=hard -nostartfiles -g -Wall -Wextra"
"Running Make include in ps7_cortexa9_0/libsrc/sdps_v3_6/src"
make -C ps7_cortexa9_0/libsrc/sdps_v3_6/src -s include  "SHELL=CMD" "COMPILER=arm-none-eabi-gcc" "ARCHIVER=arm-none-eabi-ar" "COMPILER_FLAGS=  -O2 -c" "EXTRA_COMPILER_FLAGS=-mcpu=cortex-a9 -mfpu=vfpv3 -mfloat-abi=hard -nostartfiles -g -Wall -Wextra"
"Running Make include in ps7_cortexa9_0/libsrc/ttcps_v3_7/src"
make -C ps7_cortexa9_0/libsrc/ttcps_v3_7/src -s include  "SHELL=CMD" "COMPILER=arm-none-eabi-gcc" "ARCHIVER=arm-none-eabi-ar" "COMPILER_FLAGS=  -O2 -c" "EXTRA_COMPILER_FLAGS=-mcpu=cortex-a9 -mfpu=vfpv3 -mfloat-abi=hard -nostartfiles -g -Wall -Wextra"
"Running Make include in ps7_cortexa9_0/libsrc/uartps_v3_7/src"
make -C ps7_cortexa9_0/libsrc/uartps_v3_7/src -s include  "SHELL=CMD" "COMPILER=arm-none-eabi-gcc" "ARCHIVER=arm-none-eabi-ar" "COMPILER_FLAGS=  -O2 -c" "EXTRA_COMPILER_FLAGS=-mcpu=cortex-a9 -mfpu=vfpv3 -mfloat-abi=hard -nostartfiles -g -Wall -Wextra"
"Running Make include in ps7_cortexa9_0/libsrc/usbps_v2_4/src"
make -C ps7_cortexa9_0/libsrc/usbps_v2_4/src -s include  "SHELL=CMD" "COMPILER=arm-none-eabi-gcc" "ARCHIVER=arm-none-eabi-ar" "COMPILER_FLAGS=  -O2 -c" "EXTRA_COMPILER_FLAGS=-mcpu=cortex-a9 -mfpu=vfpv3 -mfloat-abi=hard -nostartfiles -g -Wall -Wextra"
"Running Make include in ps7_cortexa9_0/libsrc/xadcps_v2_3/src"
make -C ps7_cortexa9_0/libsrc/xadcps_v2_3/src -s include  "SHELL=CMD" "COMPILER=arm-none-eabi-gcc" "ARCHIVER=arm-none-eabi-ar" "COMPILER_FLAGS=  -O2 -c" "EXTRA_COMPILER_FLAGS=-mcpu=cortex-a9 -mfpu=vfpv3 -mfloat-abi=hard -nostartfiles -g -Wall -Wextra"
"Running Make libs in ps7_cortexa9_0/libsrc/cpu_cortexa9_v2_7/src"
make -C ps7_cortexa9_0/libsrc/cpu_cortexa9_v2_7/src -s libs  "SHELL=CMD" "COMPILER=arm-none-eabi-gcc" "ARCHIVER=arm-none-eabi-ar" "COMPILER_FLAGS=  -O2 -c" "EXTRA_COMPILER_FLAGS=-mcpu=cortex-a9 -mfpu=vfpv3 -mfloat-abi=hard -nostartfiles -g -Wall -Wextra"
"Compiling cpu_cortexa9"
"Running Make libs in ps7_cortexa9_0/libsrc/standalone_v6_8/src"
make -C ps7_cortexa9_0/libsrc/standalone_v6_8/src -s libs  "SHELL=CMD" "COMPILER=arm-none-eabi-gcc" "ARCHIVER=arm-none-eabi-ar" "COMPILER_FLAGS=  -O2 -c" "EXTRA_COMPILER_FLAGS=-mcpu=cortex-a9 -mfpu=vfpv3 -mfloat-abi=hard -nostartfiles -g -Wall -Wextra"
"Compiling standalone"
In file included from usleep.c:56:0:
xtime_l.h:87:9: note: #pragma message: For the sleep routines, Global timer is being used
 #pragma message ("For the sleep routines, Global timer is being used")
         ^~~~~~~
In file included from xil_sleeptimer.c:51:0:
xtime_l.h:87:9: note: #pragma message: For the sleep routines, Global timer is being used
 #pragma message ("For the sleep routines, Global timer is being used")
         ^~~~~~~
In file included from xtime_l.c:49:0:
xtime_l.h:87:9: note: #pragma message: For the sleep routines, Global timer is being used
 #pragma message ("For the sleep routines, Global timer is being used")
         ^~~~~~~
In file included from sleep.c:53:0:
xtime_l.h:87:9: note: #pragma message: For the sleep routines, Global timer is being used
 #pragma message ("For the sleep routines, Global timer is being used")
         ^~~~~~~
arm-none-eabi-ar: creating ../../../lib/libxil.a
"Running Make libs in ps7_cortexa9_0/libsrc/audio_ip_v1_0/src"
make -C ps7_cortexa9_0/libsrc/audio_ip_v1_0/src -s libs  "SHELL=CMD" "COMPILER=arm-none-eabi-gcc" "ARCHIVER=arm-none-eabi-ar" "COMPILER_FLAGS=  -O2 -c" "EXTRA_COMPILER_FLAGS=-mcpu=cortex-a9 -mfpu=vfpv3 -mfloat-abi=hard -nostartfiles -g -Wall -Wextra"
"Compiling audio_ip..."
audio_ip_selftest.c: In function 'AUDIO_IP_Reg_SelfTest':
audio_ip_selftest.c:52:57: warning: comparison between signed and unsigned integer expressions [-Wsign-compare]
    if ( AUDIO_IP_mReadReg (baseaddr, read_loop_index*4) != (read_loop_index+1)*READ_WRITE_MUL_FACTOR){
                                                         ^~
audio_ip_selftest.c:36:6: warning: unused variable 'Index' [-Wunused-variable]
  int Index;
      ^~~~~
"Running Make libs in ps7_cortexa9_0/libsrc/coresightps_dcc_v1_4/src"
make -C ps7_cortexa9_0/libsrc/coresightps_dcc_v1_4/src -s libs  "SHELL=CMD" "COMPILER=arm-none-eabi-gcc" "ARCHIVER=arm-none-eabi-ar" "COMPILER_FLAGS=  -O2 -c" "EXTRA_COMPILER_FLAGS=-mcpu=cortex-a9 -mfpu=vfpv3 -mfloat-abi=hard -nostartfiles -g -Wall -Wextra"
"Compiling coresightps_dcc"
"Running Make libs in ps7_cortexa9_0/libsrc/ddrps_v1_0/src"
make -C ps7_cortexa9_0/libsrc/ddrps_v1_0/src -s libs  "SHELL=CMD" "COMPILER=arm-none-eabi-gcc" "ARCHIVER=arm-none-eabi-ar" "COMPILER_FLAGS=  -O2 -c" "EXTRA_COMPILER_FLAGS=-mcpu=cortex-a9 -mfpu=vfpv3 -mfloat-abi=hard -nostartfiles -g -Wall -Wextra"
"Compiling ddrps"
"Running Make libs in ps7_cortexa9_0/libsrc/devcfg_v3_5/src"
make -C ps7_cortexa9_0/libsrc/devcfg_v3_5/src -s libs  "SHELL=CMD" "COMPILER=arm-none-eabi-gcc" "ARCHIVER=arm-none-eabi-ar" "COMPILER_FLAGS=  -O2 -c" "EXTRA_COMPILER_FLAGS=-mcpu=cortex-a9 -mfpu=vfpv3 -mfloat-abi=hard -nostartfiles -g -Wall -Wextra"
"Compiling devcfg"
"Running Make libs in ps7_cortexa9_0/libsrc/dmaps_v2_4/src"
make -C ps7_cortexa9_0/libsrc/dmaps_v2_4/src -s libs  "SHELL=CMD" "COMPILER=arm-none-eabi-gcc" "ARCHIVER=arm-none-eabi-ar" "COMPILER_FLAGS=  -O2 -c" "EXTRA_COMPILER_FLAGS=-mcpu=cortex-a9 -mfpu=vfpv3 -mfloat-abi=hard -nostartfiles -g -Wall -Wextra"
"Compiling dmaps"
"Running Make libs in ps7_cortexa9_0/libsrc/emacps_v3_8/src"
make -C ps7_cortexa9_0/libsrc/emacps_v3_8/src -s libs  "SHELL=CMD" "COMPILER=arm-none-eabi-gcc" "ARCHIVER=arm-none-eabi-ar" "COMPILER_FLAGS=  -O2 -c" "EXTRA_COMPILER_FLAGS=-mcpu=cortex-a9 -mfpu=vfpv3 -mfloat-abi=hard -nostartfiles -g -Wall -Wextra"
"Compiling emacps"
"Running Make libs in ps7_cortexa9_0/libsrc/gpio_v4_3/src"
make -C ps7_cortexa9_0/libsrc/gpio_v4_3/src -s libs  "SHELL=CMD" "COMPILER=arm-none-eabi-gcc" "ARCHIVER=arm-none-eabi-ar" "COMPILER_FLAGS=  -O2 -c" "EXTRA_COMPILER_FLAGS=-mcpu=cortex-a9 -mfpu=vfpv3 -mfloat-abi=hard -nostartfiles -g -Wall -Wextra"
"Compiling gpio"
"Running Make libs in ps7_cortexa9_0/libsrc/gpiops_v3_4/src"
make -C ps7_cortexa9_0/libsrc/gpiops_v3_4/src -s libs  "SHELL=CMD" "COMPILER=arm-none-eabi-gcc" "ARCHIVER=arm-none-eabi-ar" "COMPILER_FLAGS=  -O2 -c" "EXTRA_COMPILER_FLAGS=-mcpu=cortex-a9 -mfpu=vfpv3 -mfloat-abi=hard -nostartfiles -g -Wall -Wextra"
"Compiling gpiops"
"Running Make libs in ps7_cortexa9_0/libsrc/qspips_v3_5/src"
make -C ps7_cortexa9_0/libsrc/qspips_v3_5/src -s libs  "SHELL=CMD" "COMPILER=arm-none-eabi-gcc" "ARCHIVER=arm-none-eabi-ar" "COMPILER_FLAGS=  -O2 -c" "EXTRA_COMPILER_FLAGS=-mcpu=cortex-a9 -mfpu=vfpv3 -mfloat-abi=hard -nostartfiles -g -Wall -Wextra"
"Compiling qspips"
"Running Make libs in ps7_cortexa9_0/libsrc/scugic_v3_10/src"
make -C ps7_cortexa9_0/libsrc/scugic_v3_10/src -s libs  "SHELL=CMD" "COMPILER=arm-none-eabi-gcc" "ARCHIVER=arm-none-eabi-ar" "COMPILER_FLAGS=  -O2 -c" "EXTRA_COMPILER_FLAGS=-mcpu=cortex-a9 -mfpu=vfpv3 -mfloat-abi=hard -nostartfiles -g -Wall -Wextra"
"Compiling scugic"
"Running Make libs in ps7_cortexa9_0/libsrc/scutimer_v2_1/src"
make -C ps7_cortexa9_0/libsrc/scutimer_v2_1/src -s libs  "SHELL=CMD" "COMPILER=arm-none-eabi-gcc" "ARCHIVER=arm-none-eabi-ar" "COMPILER_FLAGS=  -O2 -c" "EXTRA_COMPILER_FLAGS=-mcpu=cortex-a9 -mfpu=vfpv3 -mfloat-abi=hard -nostartfiles -g -Wall -Wextra"
"Compiling scutimer"
"Running Make libs in ps7_cortexa9_0/libsrc/scuwdt_v2_1/src"
make -C ps7_cortexa9_0/libsrc/scuwdt_v2_1/src -s libs  "SHELL=CMD" "COMPILER=arm-none-eabi-gcc" "ARCHIVER=arm-none-eabi-ar" "COMPILER_FLAGS=  -O2 -c" "EXTRA_COMPILER_FLAGS=-mcpu=cortex-a9 -mfpu=vfpv3 -mfloat-abi=hard -nostartfiles -g -Wall -Wextra"
"Compiling scuwdt"
"Running Make libs in ps7_cortexa9_0/libsrc/sdps_v3_6/src"
make -C ps7_cortexa9_0/libsrc/sdps_v3_6/src -s libs  "SHELL=CMD" "COMPILER=arm-none-eabi-gcc" "ARCHIVER=arm-none-eabi-ar" "COMPILER_FLAGS=  -O2 -c" "EXTRA_COMPILER_FLAGS=-mcpu=cortex-a9 -mfpu=vfpv3 -mfloat-abi=hard -nostartfiles -g -Wall -Wextra"
"Compiling sdps"
"Running Make libs in ps7_cortexa9_0/libsrc/ttcps_v3_7/src"
make -C ps7_cortexa9_0/libsrc/ttcps_v3_7/src -s libs  "SHELL=CMD" "COMPILER=arm-none-eabi-gcc" "ARCHIVER=arm-none-eabi-ar" "COMPILER_FLAGS=  -O2 -c" "EXTRA_COMPILER_FLAGS=-mcpu=cortex-a9 -mfpu=vfpv3 -mfloat-abi=hard -nostartfiles -g -Wall -Wextra"
"Compiling ttcps"
"Running Make libs in ps7_cortexa9_0/libsrc/uartps_v3_7/src"
make -C ps7_cortexa9_0/libsrc/uartps_v3_7/src -s libs  "SHELL=CMD" "COMPILER=arm-none-eabi-gcc" "ARCHIVER=arm-none-eabi-ar" "COMPILER_FLAGS=  -O2 -c" "EXTRA_COMPILER_FLAGS=-mcpu=cortex-a9 -mfpu=vfpv3 -mfloat-abi=hard -nostartfiles -g -Wall -Wextra"
"Compiling uartps"
"Running Make libs in ps7_cortexa9_0/libsrc/usbps_v2_4/src"
make -C ps7_cortexa9_0/libsrc/usbps_v2_4/src -s libs  "SHELL=CMD" "COMPILER=arm-none-eabi-gcc" "ARCHIVER=arm-none-eabi-ar" "COMPILER_FLAGS=  -O2 -c" "EXTRA_COMPILER_FLAGS=-mcpu=cortex-a9 -mfpu=vfpv3 -mfloat-abi=hard -nostartfiles -g -Wall -Wextra"
"Compiling usbps"
"Running Make libs in ps7_cortexa9_0/libsrc/xadcps_v2_3/src"
make -C ps7_cortexa9_0/libsrc/xadcps_v2_3/src -s libs  "SHELL=CMD" "COMPILER=arm-none-eabi-gcc" "ARCHIVER=arm-none-eabi-ar" "COMPILER_FLAGS=  -O2 -c" "EXTRA_COMPILER_FLAGS=-mcpu=cortex-a9 -mfpu=vfpv3 -mfloat-abi=hard -nostartfiles -g -Wall -Wextra"
"Compiling xadcps"
'Finished building libraries'
17:43:51 **** Build of configuration Debug for project H2 ****
make pre-build main-build 
a9-linaro-pre-build-step
' '
'Building file: ../src/helloworld.c'
'Invoking: ARM v7 gcc compiler'
arm-none-eabi-gcc -Wall -O0 -g3 -c -fmessage-length=0 -MT"src/helloworld.o" -mcpu=cortex-a9 -mfpu=vfpv3 -mfloat-abi=hard -I../../H2_bsp/ps7_cortexa9_0/include -MMD -MP -MF"src/helloworld.d" -MT"src/helloworld.o" -o "src/helloworld.o" "../src/helloworld.c"
'Finished building: ../src/helloworld.c'
' '
'Building file: ../src/platform.c'
'Invoking: ARM v7 gcc compiler'
arm-none-eabi-gcc -Wall -O0 -g3 -c -fmessage-length=0 -MT"src/platform.o" -mcpu=cortex-a9 -mfpu=vfpv3 -mfloat-abi=hard -I../../H2_bsp/ps7_cortexa9_0/include -MMD -MP -MF"src/platform.d" -MT"src/platform.o" -o "src/platform.o" "../src/platform.c"
'Finished building: ../src/platform.c'
' '
'Building target: H2.elf'
'Invoking: ARM v7 gcc linker'
arm-none-eabi-gcc -mcpu=cortex-a9 -mfpu=vfpv3 -mfloat-abi=hard -Wl,-build-id=none -specs=Xilinx.spec -Wl,-T -Wl,../src/lscript.ld -L../../H2_bsp/ps7_cortexa9_0/lib -o "H2.elf"  ./src/helloworld.o ./src/platform.o   -Wl,--start-group,-lxil,-lgcc,-lc,--end-group
'Finished building target: H2.elf'
' '
'Invoking: ARM v7 Print Size'
arm-none-eabi-size H2.elf  |tee "H2.elf.size"
   text	   data	    bss	    dec	    hex	filename
  19352	   1144	  22568	  43064	   a838	H2.elf
'Finished building: H2.elf.size'
' '
17:43:55 **** Auto Build of configuration Debug for project H2 ****
make pre-build main-build 
a9-linaro-pre-build-step
' '
make: Nothing to be done for 'main-build'.
17:51:10 **** Auto Build of configuration Debug for project H2 ****
make pre-build main-build 
a9-linaro-pre-build-step
' '
'Building file: ../src/helloworld.c'
'Invoking: ARM v7 gcc compiler'
arm-none-eabi-gcc -Wall -O0 -g3 -c -fmessage-length=0 -MT"src/helloworld.o" -mcpu=cortex-a9 -mfpu=vfpv3 -mfloat-abi=hard -I../../H2_bsp/ps7_cortexa9_0/include -MMD -MP -MF"src/helloworld.d" -MT"src/helloworld.o" -o "src/helloworld.o" "../src/helloworld.c"
'Finished building: ../src/helloworld.c'
' '
'Building target: H2.elf'
'Invoking: ARM v7 gcc linker'
arm-none-eabi-gcc -mcpu=cortex-a9 -mfpu=vfpv3 -mfloat-abi=hard -Wl,-build-id=none -specs=Xilinx.spec -Wl,-T -Wl,../src/lscript.ld -L../../H2_bsp/ps7_cortexa9_0/lib -o "H2.elf"  ./src/helloworld.o ./src/platform.o   -Wl,--start-group,-lxil,-lgcc,-lc,--end-group
'Finished building target: H2.elf'
' '
'Invoking: ARM v7 Print Size'
arm-none-eabi-size H2.elf  |tee "H2.elf.size"
   text	   data	    bss	    dec	    hex	filename
  19352	   1144	  22568	  43064	   a838	H2.elf
'Finished building: H2.elf.size'
' '
17:53:02 **** Auto Build of configuration Debug for project H2 ****
make pre-build main-build 
a9-linaro-pre-build-step
' '
'Building file: ../src/helloworld.c'
'Invoking: ARM v7 gcc compiler'
arm-none-eabi-gcc -Wall -O0 -g3 -c -fmessage-length=0 -MT"src/helloworld.o" -mcpu=cortex-a9 -mfpu=vfpv3 -mfloat-abi=hard -I../../H2_bsp/ps7_cortexa9_0/include -MMD -MP -MF"src/helloworld.d" -MT"src/helloworld.o" -o "src/helloworld.o" "../src/helloworld.c"
'Finished building: ../src/helloworld.c'
' '
'Building target: H2.elf'
'Invoking: ARM v7 gcc linker'
arm-none-eabi-gcc -mcpu=cortex-a9 -mfpu=vfpv3 -mfloat-abi=hard -Wl,-build-id=none -specs=Xilinx.spec -Wl,-T -Wl,../src/lscript.ld -L../../H2_bsp/ps7_cortexa9_0/lib -o "H2.elf"  ./src/helloworld.o ./src/platform.o   -Wl,--start-group,-lxil,-lgcc,-lc,--end-group
'Finished building target: H2.elf'
' '
'Invoking: ARM v7 Print Size'
arm-none-eabi-size H2.elf  |tee "H2.elf.size"
   text	   data	    bss	    dec	    hex	filename
  19352	   1144	  22568	  43064	   a838	H2.elf
'Finished building: H2.elf.size'
' '
15:03:49 **** Clean-only build of configuration Debug for project H2 ****
make clean 
rm -rf  ./src/helloworld.o ./src/platform.o  ./src/helloworld.d ./src/platform.d  H2.elf.size  H2.elf
' '
15:03:49 **** Auto Build of configuration Debug for project H2 ****
make pre-build main-build 
a9-linaro-pre-build-step
' '
'Building file: ../src/helloworld.c'
'Invoking: ARM v7 gcc compiler'
arm-none-eabi-gcc -Wall -O0 -g3 -c -fmessage-length=0 -MT"src/helloworld.o" -mcpu=cortex-a9 -mfpu=vfpv3 -mfloat-abi=hard -I../../H2_bsp/ps7_cortexa9_0/include -MMD -MP -MF"src/helloworld.d" -MT"src/helloworld.o" -o "src/helloworld.o" "../src/helloworld.c"
'Finished building: ../src/helloworld.c'
' '
'Building file: ../src/platform.c'
'Invoking: ARM v7 gcc compiler'
arm-none-eabi-gcc -Wall -O0 -g3 -c -fmessage-length=0 -MT"src/platform.o" -mcpu=cortex-a9 -mfpu=vfpv3 -mfloat-abi=hard -I../../H2_bsp/ps7_cortexa9_0/include -MMD -MP -MF"src/platform.d" -MT"src/platform.o" -o "src/platform.o" "../src/platform.c"
'Finished building: ../src/platform.c'
' '
'Building target: H2.elf'
'Invoking: ARM v7 gcc linker'
arm-none-eabi-gcc -mcpu=cortex-a9 -mfpu=vfpv3 -mfloat-abi=hard -Wl,-build-id=none -specs=Xilinx.spec -Wl,-T -Wl,../src/lscript.ld -L../../H2_bsp/ps7_cortexa9_0/lib -o "H2.elf"  ./src/helloworld.o ./src/platform.o   -Wl,--start-group,-lxil,-lgcc,-lc,--end-group
'Finished building target: H2.elf'
' '
'Invoking: ARM v7 Print Size'
arm-none-eabi-size H2.elf  |tee "H2.elf.size"
   text	   data	    bss	    dec	    hex	filename
  19352	   1144	  22568	  43064	   a838	H2.elf
'Finished building: H2.elf.size'
' '
15:04:32 **** Auto Build of configuration Debug for project H2 ****
make pre-build main-build 
a9-linaro-pre-build-step
' '
'Building file: ../src/helloworld.c'
'Invoking: ARM v7 gcc compiler'
arm-none-eabi-gcc -Wall -O0 -g3 -c -fmessage-length=0 -MT"src/helloworld.o" -mcpu=cortex-a9 -mfpu=vfpv3 -mfloat-abi=hard -I../../H2_bsp/ps7_cortexa9_0/include -MMD -MP -MF"src/helloworld.d" -MT"src/helloworld.o" -o "src/helloworld.o" "../src/helloworld.c"
'Finished building: ../src/helloworld.c'
' '
'Building target: H2.elf'
'Invoking: ARM v7 gcc linker'
arm-none-eabi-gcc -mcpu=cortex-a9 -mfpu=vfpv3 -mfloat-abi=hard -Wl,-build-id=none -specs=Xilinx.spec -Wl,-T -Wl,../src/lscript.ld -L../../H2_bsp/ps7_cortexa9_0/lib -o "H2.elf"  ./src/helloworld.o ./src/platform.o   -Wl,--start-group,-lxil,-lgcc,-lc,--end-group
'Finished building target: H2.elf'
' '
'Invoking: ARM v7 Print Size'
arm-none-eabi-size H2.elf  |tee "H2.elf.size"
   text	   data	    bss	    dec	    hex	filename
  22064	   1144	  22568	  45776	   b2d0	H2.elf
'Finished building: H2.elf.size'
' '
15:10:22 **** Auto Build of configuration Debug for project H2 ****
make pre-build main-build 
a9-linaro-pre-build-step
' '
'Building file: ../src/helloworld.c'
'Invoking: ARM v7 gcc compiler'
arm-none-eabi-gcc -Wall -O0 -g3 -c -fmessage-length=0 -MT"src/helloworld.o" -mcpu=cortex-a9 -mfpu=vfpv3 -mfloat-abi=hard -I../../H2_bsp/ps7_cortexa9_0/include -MMD -MP -MF"src/helloworld.d" -MT"src/helloworld.o" -o "src/helloworld.o" "../src/helloworld.c"
../src/helloworld.c: In function 'main':
../src/helloworld.c:64:6: error: 'sw_check' undeclared (first use in this function); did you mean 'switches'?
      sw_check = XGpio_DiscreteRead(&switches, 1);
      ^~~~~~~~
      switches
../src/helloworld.c:64:6: note: each undeclared identifier is reported only once for each function it appears in
../src/helloworld.c:69:10: error: 'i' undeclared (first use in this function)
      for(i=0; i<9999999; i++);
          ^
make: *** [src/subdir.mk:26: src/helloworld.o] Error 1
15:13:32 **** Auto Build of configuration Debug for project H2 ****
make pre-build main-build 
a9-linaro-pre-build-step
' '
'Building file: ../src/helloworld.c'
'Invoking: ARM v7 gcc compiler'
arm-none-eabi-gcc -Wall -O0 -g3 -c -fmessage-length=0 -MT"src/helloworld.o" -mcpu=cortex-a9 -mfpu=vfpv3 -mfloat-abi=hard -I../../H2_bsp/ps7_cortexa9_0/include -MMD -MP -MF"src/helloworld.d" -MT"src/helloworld.o" -o "src/helloworld.o" "../src/helloworld.c"
'Finished building: ../src/helloworld.c'
' '
'Building target: H2.elf'
'Invoking: ARM v7 gcc linker'
arm-none-eabi-gcc -mcpu=cortex-a9 -mfpu=vfpv3 -mfloat-abi=hard -Wl,-build-id=none -specs=Xilinx.spec -Wl,-T -Wl,../src/lscript.ld -L../../H2_bsp/ps7_cortexa9_0/lib -o "H2.elf"  ./src/helloworld.o ./src/platform.o   -Wl,--start-group,-lxil,-lgcc,-lc,--end-group
'Finished building target: H2.elf'
' '
'Invoking: ARM v7 Print Size'
arm-none-eabi-size H2.elf  |tee "H2.elf.size"
   text	   data	    bss	    dec	    hex	filename
  23332	   1168	  22584	  47084	   b7ec	H2.elf
'Finished building: H2.elf.size'
' '
15:15:45 **** Incremental Build of configuration Debug for project H2 ****
make pre-build main-build 
a9-linaro-pre-build-step
' '
make: Nothing to be done for 'main-build'.
15:17:06 **** Auto Build of configuration Debug for project H2 ****
make pre-build main-build 
a9-linaro-pre-build-step
' '
'Building file: ../src/helloworld.c'
'Invoking: ARM v7 gcc compiler'
arm-none-eabi-gcc -Wall -O0 -g3 -c -fmessage-length=0 -MT"src/helloworld.o" -mcpu=cortex-a9 -mfpu=vfpv3 -mfloat-abi=hard -I../../H2_bsp/ps7_cortexa9_0/include -MMD -MP -MF"src/helloworld.d" -MT"src/helloworld.o" -o "src/helloworld.o" "../src/helloworld.c"
../src/helloworld.c: In function 'main':
../src/helloworld.c:60:5: warning: 'sw_check' is used uninitialized in this function [-Wuninitialized]
     xil_printf("Estado de los Botones %x\r\n", sw_check);
     ^~~~~~~~~~~~~~~~~~~~~~~~~~~~~~~~~~~~~~~~~~~~~~~~~~~~
'Finished building: ../src/helloworld.c'
' '
'Building target: H2.elf'
'Invoking: ARM v7 gcc linker'
arm-none-eabi-gcc -mcpu=cortex-a9 -mfpu=vfpv3 -mfloat-abi=hard -Wl,-build-id=none -specs=Xilinx.spec -Wl,-T -Wl,../src/lscript.ld -L../../H2_bsp/ps7_cortexa9_0/lib -o "H2.elf"  ./src/helloworld.o ./src/platform.o   -Wl,--start-group,-lxil,-lgcc,-lc,--end-group
'Finished building target: H2.elf'
' '
'Invoking: ARM v7 Print Size'
arm-none-eabi-size H2.elf  |tee "H2.elf.size"
   text	   data	    bss	    dec	    hex	filename
  23396	   1168	  22584	  47148	   b82c	H2.elf
'Finished building: H2.elf.size'
' '
15:17:18 **** Incremental Build of configuration Debug for project H2 ****
make pre-build main-build 
a9-linaro-pre-build-step
' '
make: Nothing to be done for 'main-build'.
15:17:34 **** Incremental Build of configuration Debug for project H2 ****
make pre-build main-build 
a9-linaro-pre-build-step
' '
make: Nothing to be done for 'main-build'.
15:17:47 **** Incremental Build of configuration Debug for project H2 ****
make pre-build main-build 
a9-linaro-pre-build-step
' '
make: Nothing to be done for 'main-build'.
15:18:02 **** Auto Build of configuration Debug for project H2 ****
make pre-build main-build 
a9-linaro-pre-build-step
' '
'Building file: ../src/helloworld.c'
'Invoking: ARM v7 gcc compiler'
arm-none-eabi-gcc -Wall -O0 -g3 -c -fmessage-length=0 -MT"src/helloworld.o" -mcpu=cortex-a9 -mfpu=vfpv3 -mfloat-abi=hard -I../../H2_bsp/ps7_cortexa9_0/include -MMD -MP -MF"src/helloworld.d" -MT"src/helloworld.o" -o "src/helloworld.o" "../src/helloworld.c"
../src/helloworld.c: In function 'main':
../src/helloworld.c:60:5: warning: 'sw_check' is used uninitialized in this function [-Wuninitialized]
     xil_printf("Estado de los Botones %x\r\n", sw_check);
     ^~~~~~~~~~~~~~~~~~~~~~~~~~~~~~~~~~~~~~~~~~~~~~~~~~~~
'Finished building: ../src/helloworld.c'
' '
'Building target: H2.elf'
'Invoking: ARM v7 gcc linker'
arm-none-eabi-gcc -mcpu=cortex-a9 -mfpu=vfpv3 -mfloat-abi=hard -Wl,-build-id=none -specs=Xilinx.spec -Wl,-T -Wl,../src/lscript.ld -L../../H2_bsp/ps7_cortexa9_0/lib -o "H2.elf"  ./src/helloworld.o ./src/platform.o   -Wl,--start-group,-lxil,-lgcc,-lc,--end-group
'Finished building target: H2.elf'
' '
'Invoking: ARM v7 Print Size'
arm-none-eabi-size H2.elf  |tee "H2.elf.size"
   text	   data	    bss	    dec	    hex	filename
  23424	   1168	  22584	  47176	   b848	H2.elf
'Finished building: H2.elf.size'
' '
15:18:07 **** Auto Build of configuration Debug for project H2 ****
make pre-build main-build 
a9-linaro-pre-build-step
' '
'Building file: ../src/helloworld.c'
'Invoking: ARM v7 gcc compiler'
arm-none-eabi-gcc -Wall -O0 -g3 -c -fmessage-length=0 -MT"src/helloworld.o" -mcpu=cortex-a9 -mfpu=vfpv3 -mfloat-abi=hard -I../../H2_bsp/ps7_cortexa9_0/include -MMD -MP -MF"src/helloworld.d" -MT"src/helloworld.o" -o "src/helloworld.o" "../src/helloworld.c"
'Finished building: ../src/helloworld.c'
' '
'Building target: H2.elf'
'Invoking: ARM v7 gcc linker'
arm-none-eabi-gcc -mcpu=cortex-a9 -mfpu=vfpv3 -mfloat-abi=hard -Wl,-build-id=none -specs=Xilinx.spec -Wl,-T -Wl,../src/lscript.ld -L../../H2_bsp/ps7_cortexa9_0/lib -o "H2.elf"  ./src/helloworld.o ./src/platform.o   -Wl,--start-group,-lxil,-lgcc,-lc,--end-group
'Finished building target: H2.elf'
' '
'Invoking: ARM v7 Print Size'
arm-none-eabi-size H2.elf  |tee "H2.elf.size"
   text	   data	    bss	    dec	    hex	filename
  23332	   1168	  22584	  47084	   b7ec	H2.elf
'Finished building: H2.elf.size'
' '
15:19:08 **** Incremental Build of configuration Debug for project H2 ****
make pre-build main-build 
a9-linaro-pre-build-step
' '
'Building file: ../src/helloworld.c'
'Invoking: ARM v7 gcc compiler'
arm-none-eabi-gcc -Wall -O0 -g3 -c -fmessage-length=0 -MT"src/helloworld.o" -mcpu=cortex-a9 -mfpu=vfpv3 -mfloat-abi=hard -I../../H2_bsp/ps7_cortexa9_0/include -MMD -MP -MF"src/helloworld.d" -MT"src/helloworld.o" -o "src/helloworld.o" "../src/helloworld.c"
'Finished building: ../src/helloworld.c'
' '
'Building target: H2.elf'
'Invoking: ARM v7 gcc linker'
arm-none-eabi-gcc -mcpu=cortex-a9 -mfpu=vfpv3 -mfloat-abi=hard -Wl,-build-id=none -specs=Xilinx.spec -Wl,-T -Wl,../src/lscript.ld -L../../H2_bsp/ps7_cortexa9_0/lib -o "H2.elf"  ./src/helloworld.o ./src/platform.o   -Wl,--start-group,-lxil,-lgcc,-lc,--end-group
'Finished building target: H2.elf'
' '
'Invoking: ARM v7 Print Size'
arm-none-eabi-size H2.elf  |tee "H2.elf.size"
   text	   data	    bss	    dec	    hex	filename
  23332	   1168	  22584	  47084	   b7ec	H2.elf
'Finished building: H2.elf.size'
' '
15:19:29 **** Incremental Build of configuration Debug for project H2 ****
make pre-build main-build 
a9-linaro-pre-build-step
' '
make: Nothing to be done for 'main-build'.
15:21:41 **** Incremental Build of configuration Debug for project H2 ****
make pre-build main-build 
a9-linaro-pre-build-step
' '
make: Nothing to be done for 'main-build'.
15:22:26 **** Incremental Build of configuration Debug for project H2 ****
make pre-build main-build 
a9-linaro-pre-build-step
' '
make: Nothing to be done for 'main-build'.
15:22:49 **** Incremental Build of configuration Debug for project H2 ****
make pre-build main-build 
a9-linaro-pre-build-step
' '
make: Nothing to be done for 'main-build'.
15:26:15 **** Auto Build of configuration Debug for project H2 ****
make pre-build main-build 
a9-linaro-pre-build-step
' '
'Building file: ../src/helloworld.c'
'Invoking: ARM v7 gcc compiler'
arm-none-eabi-gcc -Wall -O0 -g3 -c -fmessage-length=0 -MT"src/helloworld.o" -mcpu=cortex-a9 -mfpu=vfpv3 -mfloat-abi=hard -I../../H2_bsp/ps7_cortexa9_0/include -MMD -MP -MF"src/helloworld.d" -MT"src/helloworld.o" -o "src/helloworld.o" "../src/helloworld.c"
'Finished building: ../src/helloworld.c'
' '
'Building target: H2.elf'
'Invoking: ARM v7 gcc linker'
arm-none-eabi-gcc -mcpu=cortex-a9 -mfpu=vfpv3 -mfloat-abi=hard -Wl,-build-id=none -specs=Xilinx.spec -Wl,-T -Wl,../src/lscript.ld -L../../H2_bsp/ps7_cortexa9_0/lib -o "H2.elf"  ./src/helloworld.o ./src/platform.o   -Wl,--start-group,-lxil,-lgcc,-lc,--end-group
'Finished building target: H2.elf'
' '
'Invoking: ARM v7 Print Size'
arm-none-eabi-size H2.elf  |tee "H2.elf.size"
   text	   data	    bss	    dec	    hex	filename
  23332	   1168	  22584	  47084	   b7ec	H2.elf
'Finished building: H2.elf.size'
' '
15:26:31 **** Auto Build of configuration Debug for project H2 ****
make pre-build main-build 
a9-linaro-pre-build-step
' '
'Building file: ../src/helloworld.c'
'Invoking: ARM v7 gcc compiler'
arm-none-eabi-gcc -Wall -O0 -g3 -c -fmessage-length=0 -MT"src/helloworld.o" -mcpu=cortex-a9 -mfpu=vfpv3 -mfloat-abi=hard -I../../H2_bsp/ps7_cortexa9_0/include -MMD -MP -MF"src/helloworld.d" -MT"src/helloworld.o" -o "src/helloworld.o" "../src/helloworld.c"
'Finished building: ../src/helloworld.c'
' '
'Building target: H2.elf'
'Invoking: ARM v7 gcc linker'
arm-none-eabi-gcc -mcpu=cortex-a9 -mfpu=vfpv3 -mfloat-abi=hard -Wl,-build-id=none -specs=Xilinx.spec -Wl,-T -Wl,../src/lscript.ld -L../../H2_bsp/ps7_cortexa9_0/lib -o "H2.elf"  ./src/helloworld.o ./src/platform.o   -Wl,--start-group,-lxil,-lgcc,-lc,--end-group
'Finished building target: H2.elf'
' '
'Invoking: ARM v7 Print Size'
arm-none-eabi-size H2.elf  |tee "H2.elf.size"
   text	   data	    bss	    dec	    hex	filename
  23332	   1168	  22584	  47084	   b7ec	H2.elf
'Finished building: H2.elf.size'
' '
15:26:36 **** Incremental Build of configuration Debug for project H2 ****
make pre-build main-build 
a9-linaro-pre-build-step
' '
make: Nothing to be done for 'main-build'.
15:28:13 **** Incremental Build of configuration Debug for project H2 ****
make pre-build main-build 
a9-linaro-pre-build-step
' '
make: Nothing to be done for 'main-build'.
15:29:00 **** Incremental Build of configuration Debug for project H2 ****
make pre-build main-build 
a9-linaro-pre-build-step
' '
make: Nothing to be done for 'main-build'.
15:29:58 **** Incremental Build of configuration Debug for project H2 ****
make pre-build main-build 
a9-linaro-pre-build-step
' '
make: Nothing to be done for 'main-build'.
15:32:17 **** Auto Build of configuration Debug for project H2 ****
make pre-build main-build 
a9-linaro-pre-build-step
' '
'Building file: ../src/helloworld.c'
'Invoking: ARM v7 gcc compiler'
arm-none-eabi-gcc -Wall -O0 -g3 -c -fmessage-length=0 -MT"src/helloworld.o" -mcpu=cortex-a9 -mfpu=vfpv3 -mfloat-abi=hard -I../../H2_bsp/ps7_cortexa9_0/include -MMD -MP -MF"src/helloworld.d" -MT"src/helloworld.o" -o "src/helloworld.o" "../src/helloworld.c"
'Finished building: ../src/helloworld.c'
' '
'Building target: H2.elf'
'Invoking: ARM v7 gcc linker'
arm-none-eabi-gcc -mcpu=cortex-a9 -mfpu=vfpv3 -mfloat-abi=hard -Wl,-build-id=none -specs=Xilinx.spec -Wl,-T -Wl,../src/lscript.ld -L../../H2_bsp/ps7_cortexa9_0/lib -o "H2.elf"  ./src/helloworld.o ./src/platform.o   -Wl,--start-group,-lxil,-lgcc,-lc,--end-group
'Finished building target: H2.elf'
' '
'Invoking: ARM v7 Print Size'
arm-none-eabi-size H2.elf  |tee "H2.elf.size"
   text	   data	    bss	    dec	    hex	filename
  23460	   1168	  22584	  47212	   b86c	H2.elf
'Finished building: H2.elf.size'
' '
15:32:23 **** Incremental Build of configuration Debug for project H2 ****
make pre-build main-build 
a9-linaro-pre-build-step
' '
make: Nothing to be done for 'main-build'.
15:52:58 **** Incremental Build of configuration Debug for project H2 ****
make pre-build main-build 
a9-linaro-pre-build-step
' '
'Building file: ../src/helloworld.c'
'Invoking: ARM v7 gcc compiler'
arm-none-eabi-gcc -Wall -O0 -g3 -c -fmessage-length=0 -MT"src/helloworld.o" -mcpu=cortex-a9 -mfpu=vfpv3 -mfloat-abi=hard -I../../H2_bsp/ps7_cortexa9_0/include -MMD -MP -MF"src/helloworld.d" -MT"src/helloworld.o" -o "src/helloworld.o" "../src/helloworld.c"
../src/helloworld.c:50:10: fatal error: xil_printf.h: No such file or directory
 #include "xil_printf.h"
          ^~~~~~~~~~~~~~
compilation terminated.
make: *** [src/subdir.mk:26: src/helloworld.o] Error 1
15:55:06 **** Auto Build of configuration Debug for project H2 ****
make pre-build main-build 
a9-linaro-pre-build-step
' '
'Building file: ../src/helloworld.c'
'Invoking: ARM v7 gcc compiler'
arm-none-eabi-gcc -Wall -O0 -g3 -c -fmessage-length=0 -MT"src/helloworld.o" -mcpu=cortex-a9 -mfpu=vfpv3 -mfloat-abi=hard -I../../H2_bsp/ps7_cortexa9_0/include -MMD -MP -MF"src/helloworld.d" -MT"src/helloworld.o" -o "src/helloworld.o" "../src/helloworld.c"
../src/helloworld.c:50:10: fatal error: xil_printf.h: No such file or directory
 #include "xil_printf.h"
          ^~~~~~~~~~~~~~
compilation terminated.
make: *** [src/subdir.mk:26: src/helloworld.o] Error 1
15:56:24 **** Auto Build of project H2_bsp ****
make -k all 
"Running Make include in ps7_cortexa9_0/libsrc/cpu_cortexa9_v2_7/src"
make -C ps7_cortexa9_0/libsrc/cpu_cortexa9_v2_7/src -s include  "SHELL=CMD" "COMPILER=arm-none-eabi-gcc" "ARCHIVER=arm-none-eabi-ar" "COMPILER_FLAGS=  -O2 -c" "EXTRA_COMPILER_FLAGS=-mcpu=cortex-a9 -mfpu=vfpv3 -mfloat-abi=hard -nostartfiles -g -Wall -Wextra"
"Running Make include in ps7_cortexa9_0/libsrc/standalone_v6_8/src"
make -C ps7_cortexa9_0/libsrc/standalone_v6_8/src -s include  "SHELL=CMD" "COMPILER=arm-none-eabi-gcc" "ARCHIVER=arm-none-eabi-ar" "COMPILER_FLAGS=  -O2 -c" "EXTRA_COMPILER_FLAGS=-mcpu=cortex-a9 -mfpu=vfpv3 -mfloat-abi=hard -nostartfiles -g -Wall -Wextra"
"Running Make include in ps7_cortexa9_0/libsrc/audio_ip_v1_0/src"
make -C ps7_cortexa9_0/libsrc/audio_ip_v1_0/src -s include  "SHELL=CMD" "COMPILER=arm-none-eabi-gcc" "ARCHIVER=arm-none-eabi-ar" "COMPILER_FLAGS=  -O2 -c" "EXTRA_COMPILER_FLAGS=-mcpu=cortex-a9 -mfpu=vfpv3 -mfloat-abi=hard -nostartfiles -g -Wall -Wextra"
"Running Make include in ps7_cortexa9_0/libsrc/coresightps_dcc_v1_4/src"
make -C ps7_cortexa9_0/libsrc/coresightps_dcc_v1_4/src -s include  "SHELL=CMD" "COMPILER=arm-none-eabi-gcc" "ARCHIVER=arm-none-eabi-ar" "COMPILER_FLAGS=  -O2 -c" "EXTRA_COMPILER_FLAGS=-mcpu=cortex-a9 -mfpu=vfpv3 -mfloat-abi=hard -nostartfiles -g -Wall -Wextra"
"Running Make include in ps7_cortexa9_0/libsrc/ddrps_v1_0/src"
make -C ps7_cortexa9_0/libsrc/ddrps_v1_0/src -s include  "SHELL=CMD" "COMPILER=arm-none-eabi-gcc" "ARCHIVER=arm-none-eabi-ar" "COMPILER_FLAGS=  -O2 -c" "EXTRA_COMPILER_FLAGS=-mcpu=cortex-a9 -mfpu=vfpv3 -mfloat-abi=hard -nostartfiles -g -Wall -Wextra"
"Running Make include in ps7_cortexa9_0/libsrc/devcfg_v3_5/src"
make -C ps7_cortexa9_0/libsrc/devcfg_v3_5/src -s include  "SHELL=CMD" "COMPILER=arm-none-eabi-gcc" "ARCHIVER=arm-none-eabi-ar" "COMPILER_FLAGS=  -O2 -c" "EXTRA_COMPILER_FLAGS=-mcpu=cortex-a9 -mfpu=vfpv3 -mfloat-abi=hard -nostartfiles -g -Wall -Wextra"
"Running Make include in ps7_cortexa9_0/libsrc/dmaps_v2_4/src"
make -C ps7_cortexa9_0/libsrc/dmaps_v2_4/src -s include  "SHELL=CMD" "COMPILER=arm-none-eabi-gcc" "ARCHIVER=arm-none-eabi-ar" "COMPILER_FLAGS=  -O2 -c" "EXTRA_COMPILER_FLAGS=-mcpu=cortex-a9 -mfpu=vfpv3 -mfloat-abi=hard -nostartfiles -g -Wall -Wextra"
"Running Make include in ps7_cortexa9_0/libsrc/emacps_v3_8/src"
make -C ps7_cortexa9_0/libsrc/emacps_v3_8/src -s include  "SHELL=CMD" "COMPILER=arm-none-eabi-gcc" "ARCHIVER=arm-none-eabi-ar" "COMPILER_FLAGS=  -O2 -c" "EXTRA_COMPILER_FLAGS=-mcpu=cortex-a9 -mfpu=vfpv3 -mfloat-abi=hard -nostartfiles -g -Wall -Wextra"
"Running Make include in ps7_cortexa9_0/libsrc/gpio_v4_3/src"
make -C ps7_cortexa9_0/libsrc/gpio_v4_3/src -s include  "SHELL=CMD" "COMPILER=arm-none-eabi-gcc" "ARCHIVER=arm-none-eabi-ar" "COMPILER_FLAGS=  -O2 -c" "EXTRA_COMPILER_FLAGS=-mcpu=cortex-a9 -mfpu=vfpv3 -mfloat-abi=hard -nostartfiles -g -Wall -Wextra"
"Running Make include in ps7_cortexa9_0/libsrc/gpiops_v3_4/src"
make -C ps7_cortexa9_0/libsrc/gpiops_v3_4/src -s include  "SHELL=CMD" "COMPILER=arm-none-eabi-gcc" "ARCHIVER=arm-none-eabi-ar" "COMPILER_FLAGS=  -O2 -c" "EXTRA_COMPILER_FLAGS=-mcpu=cortex-a9 -mfpu=vfpv3 -mfloat-abi=hard -nostartfiles -g -Wall -Wextra"
"Running Make include in ps7_cortexa9_0/libsrc/qspips_v3_5/src"
make -C ps7_cortexa9_0/libsrc/qspips_v3_5/src -s include  "SHELL=CMD" "COMPILER=arm-none-eabi-gcc" "ARCHIVER=arm-none-eabi-ar" "COMPILER_FLAGS=  -O2 -c" "EXTRA_COMPILER_FLAGS=-mcpu=cortex-a9 -mfpu=vfpv3 -mfloat-abi=hard -nostartfiles -g -Wall -Wextra"
"Running Make include in ps7_cortexa9_0/libsrc/scugic_v3_10/src"
make -C ps7_cortexa9_0/libsrc/scugic_v3_10/src -s include  "SHELL=CMD" "COMPILER=arm-none-eabi-gcc" "ARCHIVER=arm-none-eabi-ar" "COMPILER_FLAGS=  -O2 -c" "EXTRA_COMPILER_FLAGS=-mcpu=cortex-a9 -mfpu=vfpv3 -mfloat-abi=hard -nostartfiles -g -Wall -Wextra"
"Running Make include in ps7_cortexa9_0/libsrc/scutimer_v2_1/src"
make -C ps7_cortexa9_0/libsrc/scutimer_v2_1/src -s include  "SHELL=CMD" "COMPILER=arm-none-eabi-gcc" "ARCHIVER=arm-none-eabi-ar" "COMPILER_FLAGS=  -O2 -c" "EXTRA_COMPILER_FLAGS=-mcpu=cortex-a9 -mfpu=vfpv3 -mfloat-abi=hard -nostartfiles -g -Wall -Wextra"
"Running Make include in ps7_cortexa9_0/libsrc/scuwdt_v2_1/src"
make -C ps7_cortexa9_0/libsrc/scuwdt_v2_1/src -s include  "SHELL=CMD" "COMPILER=arm-none-eabi-gcc" "ARCHIVER=arm-none-eabi-ar" "COMPILER_FLAGS=  -O2 -c" "EXTRA_COMPILER_FLAGS=-mcpu=cortex-a9 -mfpu=vfpv3 -mfloat-abi=hard -nostartfiles -g -Wall -Wextra"
"Running Make include in ps7_cortexa9_0/libsrc/sdps_v3_6/src"
make -C ps7_cortexa9_0/libsrc/sdps_v3_6/src -s include  "SHELL=CMD" "COMPILER=arm-none-eabi-gcc" "ARCHIVER=arm-none-eabi-ar" "COMPILER_FLAGS=  -O2 -c" "EXTRA_COMPILER_FLAGS=-mcpu=cortex-a9 -mfpu=vfpv3 -mfloat-abi=hard -nostartfiles -g -Wall -Wextra"
"Running Make include in ps7_cortexa9_0/libsrc/ttcps_v3_7/src"
make -C ps7_cortexa9_0/libsrc/ttcps_v3_7/src -s include  "SHELL=CMD" "COMPILER=arm-none-eabi-gcc" "ARCHIVER=arm-none-eabi-ar" "COMPILER_FLAGS=  -O2 -c" "EXTRA_COMPILER_FLAGS=-mcpu=cortex-a9 -mfpu=vfpv3 -mfloat-abi=hard -nostartfiles -g -Wall -Wextra"
"Running Make include in ps7_cortexa9_0/libsrc/uartps_v3_7/src"
make -C ps7_cortexa9_0/libsrc/uartps_v3_7/src -s include  "SHELL=CMD" "COMPILER=arm-none-eabi-gcc" "ARCHIVER=arm-none-eabi-ar" "COMPILER_FLAGS=  -O2 -c" "EXTRA_COMPILER_FLAGS=-mcpu=cortex-a9 -mfpu=vfpv3 -mfloat-abi=hard -nostartfiles -g -Wall -Wextra"
"Running Make include in ps7_cortexa9_0/libsrc/usbps_v2_4/src"
make -C ps7_cortexa9_0/libsrc/usbps_v2_4/src -s include  "SHELL=CMD" "COMPILER=arm-none-eabi-gcc" "ARCHIVER=arm-none-eabi-ar" "COMPILER_FLAGS=  -O2 -c" "EXTRA_COMPILER_FLAGS=-mcpu=cortex-a9 -mfpu=vfpv3 -mfloat-abi=hard -nostartfiles -g -Wall -Wextra"
"Running Make include in ps7_cortexa9_0/libsrc/xadcps_v2_3/src"
make -C ps7_cortexa9_0/libsrc/xadcps_v2_3/src -s include  "SHELL=CMD" "COMPILER=arm-none-eabi-gcc" "ARCHIVER=arm-none-eabi-ar" "COMPILER_FLAGS=  -O2 -c" "EXTRA_COMPILER_FLAGS=-mcpu=cortex-a9 -mfpu=vfpv3 -mfloat-abi=hard -nostartfiles -g -Wall -Wextra"
"Running Make libs in ps7_cortexa9_0/libsrc/cpu_cortexa9_v2_7/src"
make -C ps7_cortexa9_0/libsrc/cpu_cortexa9_v2_7/src -s libs  "SHELL=CMD" "COMPILER=arm-none-eabi-gcc" "ARCHIVER=arm-none-eabi-ar" "COMPILER_FLAGS=  -O2 -c" "EXTRA_COMPILER_FLAGS=-mcpu=cortex-a9 -mfpu=vfpv3 -mfloat-abi=hard -nostartfiles -g -Wall -Wextra"
"Compiling cpu_cortexa9"
"Running Make libs in ps7_cortexa9_0/libsrc/standalone_v6_8/src"
make -C ps7_cortexa9_0/libsrc/standalone_v6_8/src -s libs  "SHELL=CMD" "COMPILER=arm-none-eabi-gcc" "ARCHIVER=arm-none-eabi-ar" "COMPILER_FLAGS=  -O2 -c" "EXTRA_COMPILER_FLAGS=-mcpu=cortex-a9 -mfpu=vfpv3 -mfloat-abi=hard -nostartfiles -g -Wall -Wextra"
"Compiling standalone"
In file included from usleep.c:56:0:
xtime_l.h:87:9: note: #pragma message: For the sleep routines, Global timer is being used
 #pragma message ("For the sleep routines, Global timer is being used")
         ^~~~~~~
In file included from xil_sleeptimer.c:51:0:
xtime_l.h:87:9: note: #pragma message: For the sleep routines, Global timer is being used
 #pragma message ("For the sleep routines, Global timer is being used")
         ^~~~~~~
In file included from xtime_l.c:49:0:
xtime_l.h:87:9: note: #pragma message: For the sleep routines, Global timer is being used
 #pragma message ("For the sleep routines, Global timer is being used")
         ^~~~~~~
In file included from sleep.c:53:0:
xtime_l.h:87:9: note: #pragma message: For the sleep routines, Global timer is being used
 #pragma message ("For the sleep routines, Global timer is being used")
         ^~~~~~~
arm-none-eabi-ar: creating ../../../lib/libxil.a
"Running Make libs in ps7_cortexa9_0/libsrc/audio_ip_v1_0/src"
make -C ps7_cortexa9_0/libsrc/audio_ip_v1_0/src -s libs  "SHELL=CMD" "COMPILER=arm-none-eabi-gcc" "ARCHIVER=arm-none-eabi-ar" "COMPILER_FLAGS=  -O2 -c" "EXTRA_COMPILER_FLAGS=-mcpu=cortex-a9 -mfpu=vfpv3 -mfloat-abi=hard -nostartfiles -g -Wall -Wextra"
"Compiling audio_ip..."
audio_ip_selftest.c: In function 'AUDIO_IP_Reg_SelfTest':
audio_ip_selftest.c:52:57: warning: comparison between signed and unsigned integer expressions [-Wsign-compare]
    if ( AUDIO_IP_mReadReg (baseaddr, read_loop_index*4) != (read_loop_index+1)*READ_WRITE_MUL_FACTOR){
                                                         ^~
audio_ip_selftest.c:36:6: warning: unused variable 'Index' [-Wunused-variable]
  int Index;
      ^~~~~
"Running Make libs in ps7_cortexa9_0/libsrc/coresightps_dcc_v1_4/src"
make -C ps7_cortexa9_0/libsrc/coresightps_dcc_v1_4/src -s libs  "SHELL=CMD" "COMPILER=arm-none-eabi-gcc" "ARCHIVER=arm-none-eabi-ar" "COMPILER_FLAGS=  -O2 -c" "EXTRA_COMPILER_FLAGS=-mcpu=cortex-a9 -mfpu=vfpv3 -mfloat-abi=hard -nostartfiles -g -Wall -Wextra"
"Compiling coresightps_dcc"
"Running Make libs in ps7_cortexa9_0/libsrc/ddrps_v1_0/src"
make -C ps7_cortexa9_0/libsrc/ddrps_v1_0/src -s libs  "SHELL=CMD" "COMPILER=arm-none-eabi-gcc" "ARCHIVER=arm-none-eabi-ar" "COMPILER_FLAGS=  -O2 -c" "EXTRA_COMPILER_FLAGS=-mcpu=cortex-a9 -mfpu=vfpv3 -mfloat-abi=hard -nostartfiles -g -Wall -Wextra"
"Compiling ddrps"
"Running Make libs in ps7_cortexa9_0/libsrc/devcfg_v3_5/src"
make -C ps7_cortexa9_0/libsrc/devcfg_v3_5/src -s libs  "SHELL=CMD" "COMPILER=arm-none-eabi-gcc" "ARCHIVER=arm-none-eabi-ar" "COMPILER_FLAGS=  -O2 -c" "EXTRA_COMPILER_FLAGS=-mcpu=cortex-a9 -mfpu=vfpv3 -mfloat-abi=hard -nostartfiles -g -Wall -Wextra"
"Compiling devcfg"
"Running Make libs in ps7_cortexa9_0/libsrc/dmaps_v2_4/src"
make -C ps7_cortexa9_0/libsrc/dmaps_v2_4/src -s libs  "SHELL=CMD" "COMPILER=arm-none-eabi-gcc" "ARCHIVER=arm-none-eabi-ar" "COMPILER_FLAGS=  -O2 -c" "EXTRA_COMPILER_FLAGS=-mcpu=cortex-a9 -mfpu=vfpv3 -mfloat-abi=hard -nostartfiles -g -Wall -Wextra"
"Compiling dmaps"
"Running Make libs in ps7_cortexa9_0/libsrc/emacps_v3_8/src"
make -C ps7_cortexa9_0/libsrc/emacps_v3_8/src -s libs  "SHELL=CMD" "COMPILER=arm-none-eabi-gcc" "ARCHIVER=arm-none-eabi-ar" "COMPILER_FLAGS=  -O2 -c" "EXTRA_COMPILER_FLAGS=-mcpu=cortex-a9 -mfpu=vfpv3 -mfloat-abi=hard -nostartfiles -g -Wall -Wextra"
"Compiling emacps"
"Running Make libs in ps7_cortexa9_0/libsrc/gpio_v4_3/src"
make -C ps7_cortexa9_0/libsrc/gpio_v4_3/src -s libs  "SHELL=CMD" "COMPILER=arm-none-eabi-gcc" "ARCHIVER=arm-none-eabi-ar" "COMPILER_FLAGS=  -O2 -c" "EXTRA_COMPILER_FLAGS=-mcpu=cortex-a9 -mfpu=vfpv3 -mfloat-abi=hard -nostartfiles -g -Wall -Wextra"
"Compiling gpio"
"Running Make libs in ps7_cortexa9_0/libsrc/gpiops_v3_4/src"
make -C ps7_cortexa9_0/libsrc/gpiops_v3_4/src -s libs  "SHELL=CMD" "COMPILER=arm-none-eabi-gcc" "ARCHIVER=arm-none-eabi-ar" "COMPILER_FLAGS=  -O2 -c" "EXTRA_COMPILER_FLAGS=-mcpu=cortex-a9 -mfpu=vfpv3 -mfloat-abi=hard -nostartfiles -g -Wall -Wextra"
"Compiling gpiops"
"Running Make libs in ps7_cortexa9_0/libsrc/qspips_v3_5/src"
make -C ps7_cortexa9_0/libsrc/qspips_v3_5/src -s libs  "SHELL=CMD" "COMPILER=arm-none-eabi-gcc" "ARCHIVER=arm-none-eabi-ar" "COMPILER_FLAGS=  -O2 -c" "EXTRA_COMPILER_FLAGS=-mcpu=cortex-a9 -mfpu=vfpv3 -mfloat-abi=hard -nostartfiles -g -Wall -Wextra"
"Compiling qspips"
"Running Make libs in ps7_cortexa9_0/libsrc/scugic_v3_10/src"
make -C ps7_cortexa9_0/libsrc/scugic_v3_10/src -s libs  "SHELL=CMD" "COMPILER=arm-none-eabi-gcc" "ARCHIVER=arm-none-eabi-ar" "COMPILER_FLAGS=  -O2 -c" "EXTRA_COMPILER_FLAGS=-mcpu=cortex-a9 -mfpu=vfpv3 -mfloat-abi=hard -nostartfiles -g -Wall -Wextra"
"Compiling scugic"
"Running Make libs in ps7_cortexa9_0/libsrc/scutimer_v2_1/src"
make -C ps7_cortexa9_0/libsrc/scutimer_v2_1/src -s libs  "SHELL=CMD" "COMPILER=arm-none-eabi-gcc" "ARCHIVER=arm-none-eabi-ar" "COMPILER_FLAGS=  -O2 -c" "EXTRA_COMPILER_FLAGS=-mcpu=cortex-a9 -mfpu=vfpv3 -mfloat-abi=hard -nostartfiles -g -Wall -Wextra"
"Compiling scutimer"
"Running Make libs in ps7_cortexa9_0/libsrc/scuwdt_v2_1/src"
make -C ps7_cortexa9_0/libsrc/scuwdt_v2_1/src -s libs  "SHELL=CMD" "COMPILER=arm-none-eabi-gcc" "ARCHIVER=arm-none-eabi-ar" "COMPILER_FLAGS=  -O2 -c" "EXTRA_COMPILER_FLAGS=-mcpu=cortex-a9 -mfpu=vfpv3 -mfloat-abi=hard -nostartfiles -g -Wall -Wextra"
"Compiling scuwdt"
"Running Make libs in ps7_cortexa9_0/libsrc/sdps_v3_6/src"
make -C ps7_cortexa9_0/libsrc/sdps_v3_6/src -s libs  "SHELL=CMD" "COMPILER=arm-none-eabi-gcc" "ARCHIVER=arm-none-eabi-ar" "COMPILER_FLAGS=  -O2 -c" "EXTRA_COMPILER_FLAGS=-mcpu=cortex-a9 -mfpu=vfpv3 -mfloat-abi=hard -nostartfiles -g -Wall -Wextra"
"Compiling sdps"
"Running Make libs in ps7_cortexa9_0/libsrc/ttcps_v3_7/src"
make -C ps7_cortexa9_0/libsrc/ttcps_v3_7/src -s libs  "SHELL=CMD" "COMPILER=arm-none-eabi-gcc" "ARCHIVER=arm-none-eabi-ar" "COMPILER_FLAGS=  -O2 -c" "EXTRA_COMPILER_FLAGS=-mcpu=cortex-a9 -mfpu=vfpv3 -mfloat-abi=hard -nostartfiles -g -Wall -Wextra"
"Compiling ttcps"
"Running Make libs in ps7_cortexa9_0/libsrc/uartps_v3_7/src"
make -C ps7_cortexa9_0/libsrc/uartps_v3_7/src -s libs  "SHELL=CMD" "COMPILER=arm-none-eabi-gcc" "ARCHIVER=arm-none-eabi-ar" "COMPILER_FLAGS=  -O2 -c" "EXTRA_COMPILER_FLAGS=-mcpu=cortex-a9 -mfpu=vfpv3 -mfloat-abi=hard -nostartfiles -g -Wall -Wextra"
"Compiling uartps"
"Running Make libs in ps7_cortexa9_0/libsrc/usbps_v2_4/src"
make -C ps7_cortexa9_0/libsrc/usbps_v2_4/src -s libs  "SHELL=CMD" "COMPILER=arm-none-eabi-gcc" "ARCHIVER=arm-none-eabi-ar" "COMPILER_FLAGS=  -O2 -c" "EXTRA_COMPILER_FLAGS=-mcpu=cortex-a9 -mfpu=vfpv3 -mfloat-abi=hard -nostartfiles -g -Wall -Wextra"
"Compiling usbps"
"Running Make libs in ps7_cortexa9_0/libsrc/xadcps_v2_3/src"
make -C ps7_cortexa9_0/libsrc/xadcps_v2_3/src -s libs  "SHELL=CMD" "COMPILER=arm-none-eabi-gcc" "ARCHIVER=arm-none-eabi-ar" "COMPILER_FLAGS=  -O2 -c" "EXTRA_COMPILER_FLAGS=-mcpu=cortex-a9 -mfpu=vfpv3 -mfloat-abi=hard -nostartfiles -g -Wall -Wextra"
"Compiling xadcps"
'Finished building libraries'
15:57:02 **** Auto Build of configuration Debug for project H2 ****
make pre-build main-build 
a9-linaro-pre-build-step
' '
'Building file: ../src/helloworld.c'
'Invoking: ARM v7 gcc compiler'
arm-none-eabi-gcc -Wall -O0 -g3 -c -fmessage-length=0 -MT"src/helloworld.o" -mcpu=cortex-a9 -mfpu=vfpv3 -mfloat-abi=hard -I../../H2_bsp/ps7_cortexa9_0/include -MMD -MP -MF"src/helloworld.d" -MT"src/helloworld.o" -o "src/helloworld.o" "../src/helloworld.c"
'Finished building: ../src/helloworld.c'
' '
'Building file: ../src/platform.c'
'Invoking: ARM v7 gcc compiler'
arm-none-eabi-gcc -Wall -O0 -g3 -c -fmessage-length=0 -MT"src/platform.o" -mcpu=cortex-a9 -mfpu=vfpv3 -mfloat-abi=hard -I../../H2_bsp/ps7_cortexa9_0/include -MMD -MP -MF"src/platform.d" -MT"src/platform.o" -o "src/platform.o" "../src/platform.c"
'Finished building: ../src/platform.c'
' '
'Building target: H2.elf'
'Invoking: ARM v7 gcc linker'
arm-none-eabi-gcc -mcpu=cortex-a9 -mfpu=vfpv3 -mfloat-abi=hard -Wl,-build-id=none -specs=Xilinx.spec -Wl,-T -Wl,../src/lscript.ld -L../../H2_bsp/ps7_cortexa9_0/lib -o "H2.elf"  ./src/helloworld.o ./src/platform.o   -Wl,--start-group,-lxil,-lgcc,-lc,--end-group
'Finished building target: H2.elf'
' '
'Invoking: ARM v7 Print Size'
arm-none-eabi-size H2.elf  |tee "H2.elf.size"
   text	   data	    bss	    dec	    hex	filename
  23460	   1168	  22584	  47212	   b86c	H2.elf
'Finished building: H2.elf.size'
' '
15:57:42 **** Incremental Build of configuration Debug for project H2 ****
make pre-build main-build 
a9-linaro-pre-build-step
' '
make: Nothing to be done for 'main-build'.
15:58:49 **** Incremental Build of configuration Debug for project H2 ****
make pre-build main-build 
a9-linaro-pre-build-step
' '
make: Nothing to be done for 'main-build'.
16:51:27 **** Incremental Build of configuration Debug for project H2 ****
make pre-build main-build 
a9-linaro-pre-build-step
' '
make: Nothing to be done for 'main-build'.
17:25:19 **** Incremental Build of configuration Debug for project H2 ****
make pre-build main-build 
a9-linaro-pre-build-step
' '
'Building file: ../src/helloworld.c'
'Invoking: ARM v7 gcc compiler'
arm-none-eabi-gcc -Wall -O0 -g3 -c -fmessage-length=0 -MT"src/helloworld.o" -mcpu=cortex-a9 -mfpu=vfpv3 -mfloat-abi=hard -I../../H2_bsp/ps7_cortexa9_0/include -MMD -MP -MF"src/helloworld.d" -MT"src/helloworld.o" -o "src/helloworld.o" "../src/helloworld.c"
../src/helloworld.c:50:10: fatal error: xil_printf.h: No such file or directory
 #include "xil_printf.h"
          ^~~~~~~~~~~~~~
compilation terminated.
make: *** [src/subdir.mk:26: src/helloworld.o] Error 1
17:26:07 **** Auto Build of project H2_bsp ****
make -k all 
"Running Make include in ps7_cortexa9_0/libsrc/cpu_cortexa9_v2_7/src"
make -C ps7_cortexa9_0/libsrc/cpu_cortexa9_v2_7/src -s include  "SHELL=CMD" "COMPILER=arm-none-eabi-gcc" "ARCHIVER=arm-none-eabi-ar" "COMPILER_FLAGS=  -O2 -c" "EXTRA_COMPILER_FLAGS=-mcpu=cortex-a9 -mfpu=vfpv3 -mfloat-abi=hard -nostartfiles -g -Wall -Wextra"
"Running Make include in ps7_cortexa9_0/libsrc/standalone_v6_8/src"
make -C ps7_cortexa9_0/libsrc/standalone_v6_8/src -s include  "SHELL=CMD" "COMPILER=arm-none-eabi-gcc" "ARCHIVER=arm-none-eabi-ar" "COMPILER_FLAGS=  -O2 -c" "EXTRA_COMPILER_FLAGS=-mcpu=cortex-a9 -mfpu=vfpv3 -mfloat-abi=hard -nostartfiles -g -Wall -Wextra"
"Running Make include in ps7_cortexa9_0/libsrc/audio_ip_v1_0/src"
make -C ps7_cortexa9_0/libsrc/audio_ip_v1_0/src -s include  "SHELL=CMD" "COMPILER=arm-none-eabi-gcc" "ARCHIVER=arm-none-eabi-ar" "COMPILER_FLAGS=  -O2 -c" "EXTRA_COMPILER_FLAGS=-mcpu=cortex-a9 -mfpu=vfpv3 -mfloat-abi=hard -nostartfiles -g -Wall -Wextra"
"Running Make include in ps7_cortexa9_0/libsrc/coresightps_dcc_v1_4/src"
make -C ps7_cortexa9_0/libsrc/coresightps_dcc_v1_4/src -s include  "SHELL=CMD" "COMPILER=arm-none-eabi-gcc" "ARCHIVER=arm-none-eabi-ar" "COMPILER_FLAGS=  -O2 -c" "EXTRA_COMPILER_FLAGS=-mcpu=cortex-a9 -mfpu=vfpv3 -mfloat-abi=hard -nostartfiles -g -Wall -Wextra"
"Running Make include in ps7_cortexa9_0/libsrc/ddrps_v1_0/src"
make -C ps7_cortexa9_0/libsrc/ddrps_v1_0/src -s include  "SHELL=CMD" "COMPILER=arm-none-eabi-gcc" "ARCHIVER=arm-none-eabi-ar" "COMPILER_FLAGS=  -O2 -c" "EXTRA_COMPILER_FLAGS=-mcpu=cortex-a9 -mfpu=vfpv3 -mfloat-abi=hard -nostartfiles -g -Wall -Wextra"
"Running Make include in ps7_cortexa9_0/libsrc/devcfg_v3_5/src"
make -C ps7_cortexa9_0/libsrc/devcfg_v3_5/src -s include  "SHELL=CMD" "COMPILER=arm-none-eabi-gcc" "ARCHIVER=arm-none-eabi-ar" "COMPILER_FLAGS=  -O2 -c" "EXTRA_COMPILER_FLAGS=-mcpu=cortex-a9 -mfpu=vfpv3 -mfloat-abi=hard -nostartfiles -g -Wall -Wextra"
"Running Make include in ps7_cortexa9_0/libsrc/dmaps_v2_4/src"
make -C ps7_cortexa9_0/libsrc/dmaps_v2_4/src -s include  "SHELL=CMD" "COMPILER=arm-none-eabi-gcc" "ARCHIVER=arm-none-eabi-ar" "COMPILER_FLAGS=  -O2 -c" "EXTRA_COMPILER_FLAGS=-mcpu=cortex-a9 -mfpu=vfpv3 -mfloat-abi=hard -nostartfiles -g -Wall -Wextra"
"Running Make include in ps7_cortexa9_0/libsrc/emacps_v3_8/src"
make -C ps7_cortexa9_0/libsrc/emacps_v3_8/src -s include  "SHELL=CMD" "COMPILER=arm-none-eabi-gcc" "ARCHIVER=arm-none-eabi-ar" "COMPILER_FLAGS=  -O2 -c" "EXTRA_COMPILER_FLAGS=-mcpu=cortex-a9 -mfpu=vfpv3 -mfloat-abi=hard -nostartfiles -g -Wall -Wextra"
"Running Make include in ps7_cortexa9_0/libsrc/gpio_v4_3/src"
make -C ps7_cortexa9_0/libsrc/gpio_v4_3/src -s include  "SHELL=CMD" "COMPILER=arm-none-eabi-gcc" "ARCHIVER=arm-none-eabi-ar" "COMPILER_FLAGS=  -O2 -c" "EXTRA_COMPILER_FLAGS=-mcpu=cortex-a9 -mfpu=vfpv3 -mfloat-abi=hard -nostartfiles -g -Wall -Wextra"
"Running Make include in ps7_cortexa9_0/libsrc/gpiops_v3_4/src"
make -C ps7_cortexa9_0/libsrc/gpiops_v3_4/src -s include  "SHELL=CMD" "COMPILER=arm-none-eabi-gcc" "ARCHIVER=arm-none-eabi-ar" "COMPILER_FLAGS=  -O2 -c" "EXTRA_COMPILER_FLAGS=-mcpu=cortex-a9 -mfpu=vfpv3 -mfloat-abi=hard -nostartfiles -g -Wall -Wextra"
"Running Make include in ps7_cortexa9_0/libsrc/qspips_v3_5/src"
make -C ps7_cortexa9_0/libsrc/qspips_v3_5/src -s include  "SHELL=CMD" "COMPILER=arm-none-eabi-gcc" "ARCHIVER=arm-none-eabi-ar" "COMPILER_FLAGS=  -O2 -c" "EXTRA_COMPILER_FLAGS=-mcpu=cortex-a9 -mfpu=vfpv3 -mfloat-abi=hard -nostartfiles -g -Wall -Wextra"
"Running Make include in ps7_cortexa9_0/libsrc/scugic_v3_10/src"
make -C ps7_cortexa9_0/libsrc/scugic_v3_10/src -s include  "SHELL=CMD" "COMPILER=arm-none-eabi-gcc" "ARCHIVER=arm-none-eabi-ar" "COMPILER_FLAGS=  -O2 -c" "EXTRA_COMPILER_FLAGS=-mcpu=cortex-a9 -mfpu=vfpv3 -mfloat-abi=hard -nostartfiles -g -Wall -Wextra"
"Running Make include in ps7_cortexa9_0/libsrc/scutimer_v2_1/src"
make -C ps7_cortexa9_0/libsrc/scutimer_v2_1/src -s include  "SHELL=CMD" "COMPILER=arm-none-eabi-gcc" "ARCHIVER=arm-none-eabi-ar" "COMPILER_FLAGS=  -O2 -c" "EXTRA_COMPILER_FLAGS=-mcpu=cortex-a9 -mfpu=vfpv3 -mfloat-abi=hard -nostartfiles -g -Wall -Wextra"
"Running Make include in ps7_cortexa9_0/libsrc/scuwdt_v2_1/src"
make -C ps7_cortexa9_0/libsrc/scuwdt_v2_1/src -s include  "SHELL=CMD" "COMPILER=arm-none-eabi-gcc" "ARCHIVER=arm-none-eabi-ar" "COMPILER_FLAGS=  -O2 -c" "EXTRA_COMPILER_FLAGS=-mcpu=cortex-a9 -mfpu=vfpv3 -mfloat-abi=hard -nostartfiles -g -Wall -Wextra"
"Running Make include in ps7_cortexa9_0/libsrc/sdps_v3_6/src"
make -C ps7_cortexa9_0/libsrc/sdps_v3_6/src -s include  "SHELL=CMD" "COMPILER=arm-none-eabi-gcc" "ARCHIVER=arm-none-eabi-ar" "COMPILER_FLAGS=  -O2 -c" "EXTRA_COMPILER_FLAGS=-mcpu=cortex-a9 -mfpu=vfpv3 -mfloat-abi=hard -nostartfiles -g -Wall -Wextra"
"Running Make include in ps7_cortexa9_0/libsrc/ttcps_v3_7/src"
make -C ps7_cortexa9_0/libsrc/ttcps_v3_7/src -s include  "SHELL=CMD" "COMPILER=arm-none-eabi-gcc" "ARCHIVER=arm-none-eabi-ar" "COMPILER_FLAGS=  -O2 -c" "EXTRA_COMPILER_FLAGS=-mcpu=cortex-a9 -mfpu=vfpv3 -mfloat-abi=hard -nostartfiles -g -Wall -Wextra"
"Running Make include in ps7_cortexa9_0/libsrc/uartps_v3_7/src"
make -C ps7_cortexa9_0/libsrc/uartps_v3_7/src -s include  "SHELL=CMD" "COMPILER=arm-none-eabi-gcc" "ARCHIVER=arm-none-eabi-ar" "COMPILER_FLAGS=  -O2 -c" "EXTRA_COMPILER_FLAGS=-mcpu=cortex-a9 -mfpu=vfpv3 -mfloat-abi=hard -nostartfiles -g -Wall -Wextra"
"Running Make include in ps7_cortexa9_0/libsrc/usbps_v2_4/src"
make -C ps7_cortexa9_0/libsrc/usbps_v2_4/src -s include  "SHELL=CMD" "COMPILER=arm-none-eabi-gcc" "ARCHIVER=arm-none-eabi-ar" "COMPILER_FLAGS=  -O2 -c" "EXTRA_COMPILER_FLAGS=-mcpu=cortex-a9 -mfpu=vfpv3 -mfloat-abi=hard -nostartfiles -g -Wall -Wextra"
"Running Make include in ps7_cortexa9_0/libsrc/xadcps_v2_3/src"
make -C ps7_cortexa9_0/libsrc/xadcps_v2_3/src -s include  "SHELL=CMD" "COMPILER=arm-none-eabi-gcc" "ARCHIVER=arm-none-eabi-ar" "COMPILER_FLAGS=  -O2 -c" "EXTRA_COMPILER_FLAGS=-mcpu=cortex-a9 -mfpu=vfpv3 -mfloat-abi=hard -nostartfiles -g -Wall -Wextra"
"Running Make libs in ps7_cortexa9_0/libsrc/cpu_cortexa9_v2_7/src"
make -C ps7_cortexa9_0/libsrc/cpu_cortexa9_v2_7/src -s libs  "SHELL=CMD" "COMPILER=arm-none-eabi-gcc" "ARCHIVER=arm-none-eabi-ar" "COMPILER_FLAGS=  -O2 -c" "EXTRA_COMPILER_FLAGS=-mcpu=cortex-a9 -mfpu=vfpv3 -mfloat-abi=hard -nostartfiles -g -Wall -Wextra"
"Compiling cpu_cortexa9"
"Running Make libs in ps7_cortexa9_0/libsrc/standalone_v6_8/src"
make -C ps7_cortexa9_0/libsrc/standalone_v6_8/src -s libs  "SHELL=CMD" "COMPILER=arm-none-eabi-gcc" "ARCHIVER=arm-none-eabi-ar" "COMPILER_FLAGS=  -O2 -c" "EXTRA_COMPILER_FLAGS=-mcpu=cortex-a9 -mfpu=vfpv3 -mfloat-abi=hard -nostartfiles -g -Wall -Wextra"
"Compiling standalone"
In file included from usleep.c:56:0:
xtime_l.h:87:9: note: #pragma message: For the sleep routines, Global timer is being used
 #pragma message ("For the sleep routines, Global timer is being used")
         ^~~~~~~
In file included from xil_sleeptimer.c:51:0:
xtime_l.h:87:9: note: #pragma message: For the sleep routines, Global timer is being used
 #pragma message ("For the sleep routines, Global timer is being used")
         ^~~~~~~
In file included from xtime_l.c:49:0:
xtime_l.h:87:9: note: #pragma message: For the sleep routines, Global timer is being used
 #pragma message ("For the sleep routines, Global timer is being used")
         ^~~~~~~
In file included from sleep.c:53:0:
xtime_l.h:87:9: note: #pragma message: For the sleep routines, Global timer is being used
 #pragma message ("For the sleep routines, Global timer is being used")
         ^~~~~~~
arm-none-eabi-ar: creating ../../../lib/libxil.a
"Running Make libs in ps7_cortexa9_0/libsrc/audio_ip_v1_0/src"
make -C ps7_cortexa9_0/libsrc/audio_ip_v1_0/src -s libs  "SHELL=CMD" "COMPILER=arm-none-eabi-gcc" "ARCHIVER=arm-none-eabi-ar" "COMPILER_FLAGS=  -O2 -c" "EXTRA_COMPILER_FLAGS=-mcpu=cortex-a9 -mfpu=vfpv3 -mfloat-abi=hard -nostartfiles -g -Wall -Wextra"
"Compiling audio_ip..."
audio_ip_selftest.c: In function 'AUDIO_IP_Reg_SelfTest':
audio_ip_selftest.c:52:57: warning: comparison between signed and unsigned integer expressions [-Wsign-compare]
    if ( AUDIO_IP_mReadReg (baseaddr, read_loop_index*4) != (read_loop_index+1)*READ_WRITE_MUL_FACTOR){
                                                         ^~
audio_ip_selftest.c:36:6: warning: unused variable 'Index' [-Wunused-variable]
  int Index;
      ^~~~~
"Running Make libs in ps7_cortexa9_0/libsrc/coresightps_dcc_v1_4/src"
make -C ps7_cortexa9_0/libsrc/coresightps_dcc_v1_4/src -s libs  "SHELL=CMD" "COMPILER=arm-none-eabi-gcc" "ARCHIVER=arm-none-eabi-ar" "COMPILER_FLAGS=  -O2 -c" "EXTRA_COMPILER_FLAGS=-mcpu=cortex-a9 -mfpu=vfpv3 -mfloat-abi=hard -nostartfiles -g -Wall -Wextra"
"Compiling coresightps_dcc"
"Running Make libs in ps7_cortexa9_0/libsrc/ddrps_v1_0/src"
make -C ps7_cortexa9_0/libsrc/ddrps_v1_0/src -s libs  "SHELL=CMD" "COMPILER=arm-none-eabi-gcc" "ARCHIVER=arm-none-eabi-ar" "COMPILER_FLAGS=  -O2 -c" "EXTRA_COMPILER_FLAGS=-mcpu=cortex-a9 -mfpu=vfpv3 -mfloat-abi=hard -nostartfiles -g -Wall -Wextra"
"Compiling ddrps"
"Running Make libs in ps7_cortexa9_0/libsrc/devcfg_v3_5/src"
make -C ps7_cortexa9_0/libsrc/devcfg_v3_5/src -s libs  "SHELL=CMD" "COMPILER=arm-none-eabi-gcc" "ARCHIVER=arm-none-eabi-ar" "COMPILER_FLAGS=  -O2 -c" "EXTRA_COMPILER_FLAGS=-mcpu=cortex-a9 -mfpu=vfpv3 -mfloat-abi=hard -nostartfiles -g -Wall -Wextra"
"Compiling devcfg"
"Running Make libs in ps7_cortexa9_0/libsrc/dmaps_v2_4/src"
make -C ps7_cortexa9_0/libsrc/dmaps_v2_4/src -s libs  "SHELL=CMD" "COMPILER=arm-none-eabi-gcc" "ARCHIVER=arm-none-eabi-ar" "COMPILER_FLAGS=  -O2 -c" "EXTRA_COMPILER_FLAGS=-mcpu=cortex-a9 -mfpu=vfpv3 -mfloat-abi=hard -nostartfiles -g -Wall -Wextra"
"Compiling dmaps"
"Running Make libs in ps7_cortexa9_0/libsrc/emacps_v3_8/src"
make -C ps7_cortexa9_0/libsrc/emacps_v3_8/src -s libs  "SHELL=CMD" "COMPILER=arm-none-eabi-gcc" "ARCHIVER=arm-none-eabi-ar" "COMPILER_FLAGS=  -O2 -c" "EXTRA_COMPILER_FLAGS=-mcpu=cortex-a9 -mfpu=vfpv3 -mfloat-abi=hard -nostartfiles -g -Wall -Wextra"
"Compiling emacps"
"Running Make libs in ps7_cortexa9_0/libsrc/gpio_v4_3/src"
make -C ps7_cortexa9_0/libsrc/gpio_v4_3/src -s libs  "SHELL=CMD" "COMPILER=arm-none-eabi-gcc" "ARCHIVER=arm-none-eabi-ar" "COMPILER_FLAGS=  -O2 -c" "EXTRA_COMPILER_FLAGS=-mcpu=cortex-a9 -mfpu=vfpv3 -mfloat-abi=hard -nostartfiles -g -Wall -Wextra"
"Compiling gpio"
"Running Make libs in ps7_cortexa9_0/libsrc/gpiops_v3_4/src"
make -C ps7_cortexa9_0/libsrc/gpiops_v3_4/src -s libs  "SHELL=CMD" "COMPILER=arm-none-eabi-gcc" "ARCHIVER=arm-none-eabi-ar" "COMPILER_FLAGS=  -O2 -c" "EXTRA_COMPILER_FLAGS=-mcpu=cortex-a9 -mfpu=vfpv3 -mfloat-abi=hard -nostartfiles -g -Wall -Wextra"
"Compiling gpiops"
"Running Make libs in ps7_cortexa9_0/libsrc/qspips_v3_5/src"
make -C ps7_cortexa9_0/libsrc/qspips_v3_5/src -s libs  "SHELL=CMD" "COMPILER=arm-none-eabi-gcc" "ARCHIVER=arm-none-eabi-ar" "COMPILER_FLAGS=  -O2 -c" "EXTRA_COMPILER_FLAGS=-mcpu=cortex-a9 -mfpu=vfpv3 -mfloat-abi=hard -nostartfiles -g -Wall -Wextra"
"Compiling qspips"
"Running Make libs in ps7_cortexa9_0/libsrc/scugic_v3_10/src"
make -C ps7_cortexa9_0/libsrc/scugic_v3_10/src -s libs  "SHELL=CMD" "COMPILER=arm-none-eabi-gcc" "ARCHIVER=arm-none-eabi-ar" "COMPILER_FLAGS=  -O2 -c" "EXTRA_COMPILER_FLAGS=-mcpu=cortex-a9 -mfpu=vfpv3 -mfloat-abi=hard -nostartfiles -g -Wall -Wextra"
"Compiling scugic"
"Running Make libs in ps7_cortexa9_0/libsrc/scutimer_v2_1/src"
make -C ps7_cortexa9_0/libsrc/scutimer_v2_1/src -s libs  "SHELL=CMD" "COMPILER=arm-none-eabi-gcc" "ARCHIVER=arm-none-eabi-ar" "COMPILER_FLAGS=  -O2 -c" "EXTRA_COMPILER_FLAGS=-mcpu=cortex-a9 -mfpu=vfpv3 -mfloat-abi=hard -nostartfiles -g -Wall -Wextra"
"Compiling scutimer"
"Running Make libs in ps7_cortexa9_0/libsrc/scuwdt_v2_1/src"
make -C ps7_cortexa9_0/libsrc/scuwdt_v2_1/src -s libs  "SHELL=CMD" "COMPILER=arm-none-eabi-gcc" "ARCHIVER=arm-none-eabi-ar" "COMPILER_FLAGS=  -O2 -c" "EXTRA_COMPILER_FLAGS=-mcpu=cortex-a9 -mfpu=vfpv3 -mfloat-abi=hard -nostartfiles -g -Wall -Wextra"
"Compiling scuwdt"
"Running Make libs in ps7_cortexa9_0/libsrc/sdps_v3_6/src"
make -C ps7_cortexa9_0/libsrc/sdps_v3_6/src -s libs  "SHELL=CMD" "COMPILER=arm-none-eabi-gcc" "ARCHIVER=arm-none-eabi-ar" "COMPILER_FLAGS=  -O2 -c" "EXTRA_COMPILER_FLAGS=-mcpu=cortex-a9 -mfpu=vfpv3 -mfloat-abi=hard -nostartfiles -g -Wall -Wextra"
"Compiling sdps"
"Running Make libs in ps7_cortexa9_0/libsrc/ttcps_v3_7/src"
make -C ps7_cortexa9_0/libsrc/ttcps_v3_7/src -s libs  "SHELL=CMD" "COMPILER=arm-none-eabi-gcc" "ARCHIVER=arm-none-eabi-ar" "COMPILER_FLAGS=  -O2 -c" "EXTRA_COMPILER_FLAGS=-mcpu=cortex-a9 -mfpu=vfpv3 -mfloat-abi=hard -nostartfiles -g -Wall -Wextra"
"Compiling ttcps"
"Running Make libs in ps7_cortexa9_0/libsrc/uartps_v3_7/src"
make -C ps7_cortexa9_0/libsrc/uartps_v3_7/src -s libs  "SHELL=CMD" "COMPILER=arm-none-eabi-gcc" "ARCHIVER=arm-none-eabi-ar" "COMPILER_FLAGS=  -O2 -c" "EXTRA_COMPILER_FLAGS=-mcpu=cortex-a9 -mfpu=vfpv3 -mfloat-abi=hard -nostartfiles -g -Wall -Wextra"
"Compiling uartps"
"Running Make libs in ps7_cortexa9_0/libsrc/usbps_v2_4/src"
make -C ps7_cortexa9_0/libsrc/usbps_v2_4/src -s libs  "SHELL=CMD" "COMPILER=arm-none-eabi-gcc" "ARCHIVER=arm-none-eabi-ar" "COMPILER_FLAGS=  -O2 -c" "EXTRA_COMPILER_FLAGS=-mcpu=cortex-a9 -mfpu=vfpv3 -mfloat-abi=hard -nostartfiles -g -Wall -Wextra"
"Compiling usbps"
"Running Make libs in ps7_cortexa9_0/libsrc/xadcps_v2_3/src"
make -C ps7_cortexa9_0/libsrc/xadcps_v2_3/src -s libs  "SHELL=CMD" "COMPILER=arm-none-eabi-gcc" "ARCHIVER=arm-none-eabi-ar" "COMPILER_FLAGS=  -O2 -c" "EXTRA_COMPILER_FLAGS=-mcpu=cortex-a9 -mfpu=vfpv3 -mfloat-abi=hard -nostartfiles -g -Wall -Wextra"
"Compiling xadcps"
'Finished building libraries'
17:26:49 **** Auto Build of configuration Debug for project H2 ****
make pre-build main-build 
a9-linaro-pre-build-step
' '
'Building file: ../src/helloworld.c'
'Invoking: ARM v7 gcc compiler'
arm-none-eabi-gcc -Wall -O0 -g3 -c -fmessage-length=0 -MT"src/helloworld.o" -mcpu=cortex-a9 -mfpu=vfpv3 -mfloat-abi=hard -I../../H2_bsp/ps7_cortexa9_0/include -MMD -MP -MF"src/helloworld.d" -MT"src/helloworld.o" -o "src/helloworld.o" "../src/helloworld.c"
'Finished building: ../src/helloworld.c'
' '
'Building file: ../src/platform.c'
'Invoking: ARM v7 gcc compiler'
arm-none-eabi-gcc -Wall -O0 -g3 -c -fmessage-length=0 -MT"src/platform.o" -mcpu=cortex-a9 -mfpu=vfpv3 -mfloat-abi=hard -I../../H2_bsp/ps7_cortexa9_0/include -MMD -MP -MF"src/platform.d" -MT"src/platform.o" -o "src/platform.o" "../src/platform.c"
'Finished building: ../src/platform.c'
' '
'Building target: H2.elf'
'Invoking: ARM v7 gcc linker'
arm-none-eabi-gcc -mcpu=cortex-a9 -mfpu=vfpv3 -mfloat-abi=hard -Wl,-build-id=none -specs=Xilinx.spec -Wl,-T -Wl,../src/lscript.ld -L../../H2_bsp/ps7_cortexa9_0/lib -o "H2.elf"  ./src/helloworld.o ./src/platform.o   -Wl,--start-group,-lxil,-lgcc,-lc,--end-group
'Finished building target: H2.elf'
' '
'Invoking: ARM v7 Print Size'
arm-none-eabi-size H2.elf  |tee "H2.elf.size"
   text	   data	    bss	    dec	    hex	filename
  23460	   1168	  22584	  47212	   b86c	H2.elf
'Finished building: H2.elf.size'
' '
17:27:03 **** Incremental Build of configuration Debug for project H2 ****
make pre-build main-build 
a9-linaro-pre-build-step
' '
make: Nothing to be done for 'main-build'.
17:41:56 **** Auto Build of project H2_bsp ****
make -k all 
"Running Make include in ps7_cortexa9_0/libsrc/cpu_cortexa9_v2_7/src"
make -C ps7_cortexa9_0/libsrc/cpu_cortexa9_v2_7/src -s include  "SHELL=CMD" "COMPILER=arm-none-eabi-gcc" "ARCHIVER=arm-none-eabi-ar" "COMPILER_FLAGS=  -O2 -c" "EXTRA_COMPILER_FLAGS=-mcpu=cortex-a9 -mfpu=vfpv3 -mfloat-abi=hard -nostartfiles -g -Wall -Wextra"
"Running Make include in ps7_cortexa9_0/libsrc/standalone_v6_8/src"
make -C ps7_cortexa9_0/libsrc/standalone_v6_8/src -s include  "SHELL=CMD" "COMPILER=arm-none-eabi-gcc" "ARCHIVER=arm-none-eabi-ar" "COMPILER_FLAGS=  -O2 -c" "EXTRA_COMPILER_FLAGS=-mcpu=cortex-a9 -mfpu=vfpv3 -mfloat-abi=hard -nostartfiles -g -Wall -Wextra"
"Running Make include in ps7_cortexa9_0/libsrc/audio_ip_v1_0/src"
make -C ps7_cortexa9_0/libsrc/audio_ip_v1_0/src -s include  "SHELL=CMD" "COMPILER=arm-none-eabi-gcc" "ARCHIVER=arm-none-eabi-ar" "COMPILER_FLAGS=  -O2 -c" "EXTRA_COMPILER_FLAGS=-mcpu=cortex-a9 -mfpu=vfpv3 -mfloat-abi=hard -nostartfiles -g -Wall -Wextra"
"Running Make include in ps7_cortexa9_0/libsrc/coresightps_dcc_v1_4/src"
make -C ps7_cortexa9_0/libsrc/coresightps_dcc_v1_4/src -s include  "SHELL=CMD" "COMPILER=arm-none-eabi-gcc" "ARCHIVER=arm-none-eabi-ar" "COMPILER_FLAGS=  -O2 -c" "EXTRA_COMPILER_FLAGS=-mcpu=cortex-a9 -mfpu=vfpv3 -mfloat-abi=hard -nostartfiles -g -Wall -Wextra"
"Running Make include in ps7_cortexa9_0/libsrc/ddrps_v1_0/src"
make -C ps7_cortexa9_0/libsrc/ddrps_v1_0/src -s include  "SHELL=CMD" "COMPILER=arm-none-eabi-gcc" "ARCHIVER=arm-none-eabi-ar" "COMPILER_FLAGS=  -O2 -c" "EXTRA_COMPILER_FLAGS=-mcpu=cortex-a9 -mfpu=vfpv3 -mfloat-abi=hard -nostartfiles -g -Wall -Wextra"
"Running Make include in ps7_cortexa9_0/libsrc/devcfg_v3_5/src"
make -C ps7_cortexa9_0/libsrc/devcfg_v3_5/src -s include  "SHELL=CMD" "COMPILER=arm-none-eabi-gcc" "ARCHIVER=arm-none-eabi-ar" "COMPILER_FLAGS=  -O2 -c" "EXTRA_COMPILER_FLAGS=-mcpu=cortex-a9 -mfpu=vfpv3 -mfloat-abi=hard -nostartfiles -g -Wall -Wextra"
"Running Make include in ps7_cortexa9_0/libsrc/dmaps_v2_4/src"
make -C ps7_cortexa9_0/libsrc/dmaps_v2_4/src -s include  "SHELL=CMD" "COMPILER=arm-none-eabi-gcc" "ARCHIVER=arm-none-eabi-ar" "COMPILER_FLAGS=  -O2 -c" "EXTRA_COMPILER_FLAGS=-mcpu=cortex-a9 -mfpu=vfpv3 -mfloat-abi=hard -nostartfiles -g -Wall -Wextra"
"Running Make include in ps7_cortexa9_0/libsrc/emacps_v3_8/src"
make -C ps7_cortexa9_0/libsrc/emacps_v3_8/src -s include  "SHELL=CMD" "COMPILER=arm-none-eabi-gcc" "ARCHIVER=arm-none-eabi-ar" "COMPILER_FLAGS=  -O2 -c" "EXTRA_COMPILER_FLAGS=-mcpu=cortex-a9 -mfpu=vfpv3 -mfloat-abi=hard -nostartfiles -g -Wall -Wextra"
"Running Make include in ps7_cortexa9_0/libsrc/gpio_v4_3/src"
make -C ps7_cortexa9_0/libsrc/gpio_v4_3/src -s include  "SHELL=CMD" "COMPILER=arm-none-eabi-gcc" "ARCHIVER=arm-none-eabi-ar" "COMPILER_FLAGS=  -O2 -c" "EXTRA_COMPILER_FLAGS=-mcpu=cortex-a9 -mfpu=vfpv3 -mfloat-abi=hard -nostartfiles -g -Wall -Wextra"
"Running Make include in ps7_cortexa9_0/libsrc/gpiops_v3_4/src"
make -C ps7_cortexa9_0/libsrc/gpiops_v3_4/src -s include  "SHELL=CMD" "COMPILER=arm-none-eabi-gcc" "ARCHIVER=arm-none-eabi-ar" "COMPILER_FLAGS=  -O2 -c" "EXTRA_COMPILER_FLAGS=-mcpu=cortex-a9 -mfpu=vfpv3 -mfloat-abi=hard -nostartfiles -g -Wall -Wextra"
"Running Make include in ps7_cortexa9_0/libsrc/qspips_v3_5/src"
make -C ps7_cortexa9_0/libsrc/qspips_v3_5/src -s include  "SHELL=CMD" "COMPILER=arm-none-eabi-gcc" "ARCHIVER=arm-none-eabi-ar" "COMPILER_FLAGS=  -O2 -c" "EXTRA_COMPILER_FLAGS=-mcpu=cortex-a9 -mfpu=vfpv3 -mfloat-abi=hard -nostartfiles -g -Wall -Wextra"
"Running Make include in ps7_cortexa9_0/libsrc/scugic_v3_10/src"
make -C ps7_cortexa9_0/libsrc/scugic_v3_10/src -s include  "SHELL=CMD" "COMPILER=arm-none-eabi-gcc" "ARCHIVER=arm-none-eabi-ar" "COMPILER_FLAGS=  -O2 -c" "EXTRA_COMPILER_FLAGS=-mcpu=cortex-a9 -mfpu=vfpv3 -mfloat-abi=hard -nostartfiles -g -Wall -Wextra"
"Running Make include in ps7_cortexa9_0/libsrc/scutimer_v2_1/src"
make -C ps7_cortexa9_0/libsrc/scutimer_v2_1/src -s include  "SHELL=CMD" "COMPILER=arm-none-eabi-gcc" "ARCHIVER=arm-none-eabi-ar" "COMPILER_FLAGS=  -O2 -c" "EXTRA_COMPILER_FLAGS=-mcpu=cortex-a9 -mfpu=vfpv3 -mfloat-abi=hard -nostartfiles -g -Wall -Wextra"
"Running Make include in ps7_cortexa9_0/libsrc/scuwdt_v2_1/src"
make -C ps7_cortexa9_0/libsrc/scuwdt_v2_1/src -s include  "SHELL=CMD" "COMPILER=arm-none-eabi-gcc" "ARCHIVER=arm-none-eabi-ar" "COMPILER_FLAGS=  -O2 -c" "EXTRA_COMPILER_FLAGS=-mcpu=cortex-a9 -mfpu=vfpv3 -mfloat-abi=hard -nostartfiles -g -Wall -Wextra"
"Running Make include in ps7_cortexa9_0/libsrc/sdps_v3_6/src"
make -C ps7_cortexa9_0/libsrc/sdps_v3_6/src -s include  "SHELL=CMD" "COMPILER=arm-none-eabi-gcc" "ARCHIVER=arm-none-eabi-ar" "COMPILER_FLAGS=  -O2 -c" "EXTRA_COMPILER_FLAGS=-mcpu=cortex-a9 -mfpu=vfpv3 -mfloat-abi=hard -nostartfiles -g -Wall -Wextra"
"Running Make include in ps7_cortexa9_0/libsrc/ttcps_v3_7/src"
make -C ps7_cortexa9_0/libsrc/ttcps_v3_7/src -s include  "SHELL=CMD" "COMPILER=arm-none-eabi-gcc" "ARCHIVER=arm-none-eabi-ar" "COMPILER_FLAGS=  -O2 -c" "EXTRA_COMPILER_FLAGS=-mcpu=cortex-a9 -mfpu=vfpv3 -mfloat-abi=hard -nostartfiles -g -Wall -Wextra"
"Running Make include in ps7_cortexa9_0/libsrc/uartps_v3_7/src"
make -C ps7_cortexa9_0/libsrc/uartps_v3_7/src -s include  "SHELL=CMD" "COMPILER=arm-none-eabi-gcc" "ARCHIVER=arm-none-eabi-ar" "COMPILER_FLAGS=  -O2 -c" "EXTRA_COMPILER_FLAGS=-mcpu=cortex-a9 -mfpu=vfpv3 -mfloat-abi=hard -nostartfiles -g -Wall -Wextra"
"Running Make include in ps7_cortexa9_0/libsrc/usbps_v2_4/src"
make -C ps7_cortexa9_0/libsrc/usbps_v2_4/src -s include  "SHELL=CMD" "COMPILER=arm-none-eabi-gcc" "ARCHIVER=arm-none-eabi-ar" "COMPILER_FLAGS=  -O2 -c" "EXTRA_COMPILER_FLAGS=-mcpu=cortex-a9 -mfpu=vfpv3 -mfloat-abi=hard -nostartfiles -g -Wall -Wextra"
"Running Make include in ps7_cortexa9_0/libsrc/xadcps_v2_3/src"
make -C ps7_cortexa9_0/libsrc/xadcps_v2_3/src -s include  "SHELL=CMD" "COMPILER=arm-none-eabi-gcc" "ARCHIVER=arm-none-eabi-ar" "COMPILER_FLAGS=  -O2 -c" "EXTRA_COMPILER_FLAGS=-mcpu=cortex-a9 -mfpu=vfpv3 -mfloat-abi=hard -nostartfiles -g -Wall -Wextra"
"Running Make libs in ps7_cortexa9_0/libsrc/cpu_cortexa9_v2_7/src"
make -C ps7_cortexa9_0/libsrc/cpu_cortexa9_v2_7/src -s libs  "SHELL=CMD" "COMPILER=arm-none-eabi-gcc" "ARCHIVER=arm-none-eabi-ar" "COMPILER_FLAGS=  -O2 -c" "EXTRA_COMPILER_FLAGS=-mcpu=cortex-a9 -mfpu=vfpv3 -mfloat-abi=hard -nostartfiles -g -Wall -Wextra"
"Compiling cpu_cortexa9"
"Running Make libs in ps7_cortexa9_0/libsrc/standalone_v6_8/src"
make -C ps7_cortexa9_0/libsrc/standalone_v6_8/src -s libs  "SHELL=CMD" "COMPILER=arm-none-eabi-gcc" "ARCHIVER=arm-none-eabi-ar" "COMPILER_FLAGS=  -O2 -c" "EXTRA_COMPILER_FLAGS=-mcpu=cortex-a9 -mfpu=vfpv3 -mfloat-abi=hard -nostartfiles -g -Wall -Wextra"
"Compiling standalone"
In file included from usleep.c:56:0:
xtime_l.h:87:9: note: #pragma message: For the sleep routines, Global timer is being used
 #pragma message ("For the sleep routines, Global timer is being used")
         ^~~~~~~
In file included from xil_sleeptimer.c:51:0:
xtime_l.h:87:9: note: #pragma message: For the sleep routines, Global timer is being used
 #pragma message ("For the sleep routines, Global timer is being used")
         ^~~~~~~
In file included from xtime_l.c:49:0:
xtime_l.h:87:9: note: #pragma message: For the sleep routines, Global timer is being used
 #pragma message ("For the sleep routines, Global timer is being used")
         ^~~~~~~
In file included from sleep.c:53:0:
xtime_l.h:87:9: note: #pragma message: For the sleep routines, Global timer is being used
 #pragma message ("For the sleep routines, Global timer is being used")
         ^~~~~~~
arm-none-eabi-ar: creating ../../../lib/libxil.a
"Running Make libs in ps7_cortexa9_0/libsrc/audio_ip_v1_0/src"
make -C ps7_cortexa9_0/libsrc/audio_ip_v1_0/src -s libs  "SHELL=CMD" "COMPILER=arm-none-eabi-gcc" "ARCHIVER=arm-none-eabi-ar" "COMPILER_FLAGS=  -O2 -c" "EXTRA_COMPILER_FLAGS=-mcpu=cortex-a9 -mfpu=vfpv3 -mfloat-abi=hard -nostartfiles -g -Wall -Wextra"
"Compiling audio_ip..."
audio_ip_selftest.c: In function 'AUDIO_IP_Reg_SelfTest':
audio_ip_selftest.c:52:57: warning: comparison between signed and unsigned integer expressions [-Wsign-compare]
    if ( AUDIO_IP_mReadReg (baseaddr, read_loop_index*4) != (read_loop_index+1)*READ_WRITE_MUL_FACTOR){
                                                         ^~
audio_ip_selftest.c:36:6: warning: unused variable 'Index' [-Wunused-variable]
  int Index;
      ^~~~~
"Running Make libs in ps7_cortexa9_0/libsrc/coresightps_dcc_v1_4/src"
make -C ps7_cortexa9_0/libsrc/coresightps_dcc_v1_4/src -s libs  "SHELL=CMD" "COMPILER=arm-none-eabi-gcc" "ARCHIVER=arm-none-eabi-ar" "COMPILER_FLAGS=  -O2 -c" "EXTRA_COMPILER_FLAGS=-mcpu=cortex-a9 -mfpu=vfpv3 -mfloat-abi=hard -nostartfiles -g -Wall -Wextra"
"Compiling coresightps_dcc"
"Running Make libs in ps7_cortexa9_0/libsrc/ddrps_v1_0/src"
make -C ps7_cortexa9_0/libsrc/ddrps_v1_0/src -s libs  "SHELL=CMD" "COMPILER=arm-none-eabi-gcc" "ARCHIVER=arm-none-eabi-ar" "COMPILER_FLAGS=  -O2 -c" "EXTRA_COMPILER_FLAGS=-mcpu=cortex-a9 -mfpu=vfpv3 -mfloat-abi=hard -nostartfiles -g -Wall -Wextra"
"Compiling ddrps"
"Running Make libs in ps7_cortexa9_0/libsrc/devcfg_v3_5/src"
make -C ps7_cortexa9_0/libsrc/devcfg_v3_5/src -s libs  "SHELL=CMD" "COMPILER=arm-none-eabi-gcc" "ARCHIVER=arm-none-eabi-ar" "COMPILER_FLAGS=  -O2 -c" "EXTRA_COMPILER_FLAGS=-mcpu=cortex-a9 -mfpu=vfpv3 -mfloat-abi=hard -nostartfiles -g -Wall -Wextra"
"Compiling devcfg"
"Running Make libs in ps7_cortexa9_0/libsrc/dmaps_v2_4/src"
make -C ps7_cortexa9_0/libsrc/dmaps_v2_4/src -s libs  "SHELL=CMD" "COMPILER=arm-none-eabi-gcc" "ARCHIVER=arm-none-eabi-ar" "COMPILER_FLAGS=  -O2 -c" "EXTRA_COMPILER_FLAGS=-mcpu=cortex-a9 -mfpu=vfpv3 -mfloat-abi=hard -nostartfiles -g -Wall -Wextra"
"Compiling dmaps"
"Running Make libs in ps7_cortexa9_0/libsrc/emacps_v3_8/src"
make -C ps7_cortexa9_0/libsrc/emacps_v3_8/src -s libs  "SHELL=CMD" "COMPILER=arm-none-eabi-gcc" "ARCHIVER=arm-none-eabi-ar" "COMPILER_FLAGS=  -O2 -c" "EXTRA_COMPILER_FLAGS=-mcpu=cortex-a9 -mfpu=vfpv3 -mfloat-abi=hard -nostartfiles -g -Wall -Wextra"
"Compiling emacps"
"Running Make libs in ps7_cortexa9_0/libsrc/gpio_v4_3/src"
make -C ps7_cortexa9_0/libsrc/gpio_v4_3/src -s libs  "SHELL=CMD" "COMPILER=arm-none-eabi-gcc" "ARCHIVER=arm-none-eabi-ar" "COMPILER_FLAGS=  -O2 -c" "EXTRA_COMPILER_FLAGS=-mcpu=cortex-a9 -mfpu=vfpv3 -mfloat-abi=hard -nostartfiles -g -Wall -Wextra"
"Compiling gpio"
"Running Make libs in ps7_cortexa9_0/libsrc/gpiops_v3_4/src"
make -C ps7_cortexa9_0/libsrc/gpiops_v3_4/src -s libs  "SHELL=CMD" "COMPILER=arm-none-eabi-gcc" "ARCHIVER=arm-none-eabi-ar" "COMPILER_FLAGS=  -O2 -c" "EXTRA_COMPILER_FLAGS=-mcpu=cortex-a9 -mfpu=vfpv3 -mfloat-abi=hard -nostartfiles -g -Wall -Wextra"
"Compiling gpiops"
"Running Make libs in ps7_cortexa9_0/libsrc/qspips_v3_5/src"
make -C ps7_cortexa9_0/libsrc/qspips_v3_5/src -s libs  "SHELL=CMD" "COMPILER=arm-none-eabi-gcc" "ARCHIVER=arm-none-eabi-ar" "COMPILER_FLAGS=  -O2 -c" "EXTRA_COMPILER_FLAGS=-mcpu=cortex-a9 -mfpu=vfpv3 -mfloat-abi=hard -nostartfiles -g -Wall -Wextra"
"Compiling qspips"
"Running Make libs in ps7_cortexa9_0/libsrc/scugic_v3_10/src"
make -C ps7_cortexa9_0/libsrc/scugic_v3_10/src -s libs  "SHELL=CMD" "COMPILER=arm-none-eabi-gcc" "ARCHIVER=arm-none-eabi-ar" "COMPILER_FLAGS=  -O2 -c" "EXTRA_COMPILER_FLAGS=-mcpu=cortex-a9 -mfpu=vfpv3 -mfloat-abi=hard -nostartfiles -g -Wall -Wextra"
"Compiling scugic"
"Running Make libs in ps7_cortexa9_0/libsrc/scutimer_v2_1/src"
make -C ps7_cortexa9_0/libsrc/scutimer_v2_1/src -s libs  "SHELL=CMD" "COMPILER=arm-none-eabi-gcc" "ARCHIVER=arm-none-eabi-ar" "COMPILER_FLAGS=  -O2 -c" "EXTRA_COMPILER_FLAGS=-mcpu=cortex-a9 -mfpu=vfpv3 -mfloat-abi=hard -nostartfiles -g -Wall -Wextra"
"Compiling scutimer"
"Running Make libs in ps7_cortexa9_0/libsrc/scuwdt_v2_1/src"
make -C ps7_cortexa9_0/libsrc/scuwdt_v2_1/src -s libs  "SHELL=CMD" "COMPILER=arm-none-eabi-gcc" "ARCHIVER=arm-none-eabi-ar" "COMPILER_FLAGS=  -O2 -c" "EXTRA_COMPILER_FLAGS=-mcpu=cortex-a9 -mfpu=vfpv3 -mfloat-abi=hard -nostartfiles -g -Wall -Wextra"
"Compiling scuwdt"
"Running Make libs in ps7_cortexa9_0/libsrc/sdps_v3_6/src"
make -C ps7_cortexa9_0/libsrc/sdps_v3_6/src -s libs  "SHELL=CMD" "COMPILER=arm-none-eabi-gcc" "ARCHIVER=arm-none-eabi-ar" "COMPILER_FLAGS=  -O2 -c" "EXTRA_COMPILER_FLAGS=-mcpu=cortex-a9 -mfpu=vfpv3 -mfloat-abi=hard -nostartfiles -g -Wall -Wextra"
"Compiling sdps"
"Running Make libs in ps7_cortexa9_0/libsrc/ttcps_v3_7/src"
make -C ps7_cortexa9_0/libsrc/ttcps_v3_7/src -s libs  "SHELL=CMD" "COMPILER=arm-none-eabi-gcc" "ARCHIVER=arm-none-eabi-ar" "COMPILER_FLAGS=  -O2 -c" "EXTRA_COMPILER_FLAGS=-mcpu=cortex-a9 -mfpu=vfpv3 -mfloat-abi=hard -nostartfiles -g -Wall -Wextra"
"Compiling ttcps"
"Running Make libs in ps7_cortexa9_0/libsrc/uartps_v3_7/src"
make -C ps7_cortexa9_0/libsrc/uartps_v3_7/src -s libs  "SHELL=CMD" "COMPILER=arm-none-eabi-gcc" "ARCHIVER=arm-none-eabi-ar" "COMPILER_FLAGS=  -O2 -c" "EXTRA_COMPILER_FLAGS=-mcpu=cortex-a9 -mfpu=vfpv3 -mfloat-abi=hard -nostartfiles -g -Wall -Wextra"
"Compiling uartps"
"Running Make libs in ps7_cortexa9_0/libsrc/usbps_v2_4/src"
make -C ps7_cortexa9_0/libsrc/usbps_v2_4/src -s libs  "SHELL=CMD" "COMPILER=arm-none-eabi-gcc" "ARCHIVER=arm-none-eabi-ar" "COMPILER_FLAGS=  -O2 -c" "EXTRA_COMPILER_FLAGS=-mcpu=cortex-a9 -mfpu=vfpv3 -mfloat-abi=hard -nostartfiles -g -Wall -Wextra"
"Compiling usbps"
"Running Make libs in ps7_cortexa9_0/libsrc/xadcps_v2_3/src"
make -C ps7_cortexa9_0/libsrc/xadcps_v2_3/src -s libs  "SHELL=CMD" "COMPILER=arm-none-eabi-gcc" "ARCHIVER=arm-none-eabi-ar" "COMPILER_FLAGS=  -O2 -c" "EXTRA_COMPILER_FLAGS=-mcpu=cortex-a9 -mfpu=vfpv3 -mfloat-abi=hard -nostartfiles -g -Wall -Wextra"
"Compiling xadcps"
'Finished building libraries'
17:42:31 **** Auto Build of configuration Debug for project H2 ****
make pre-build main-build 
a9-linaro-pre-build-step
' '
'Building file: ../src/helloworld.c'
'Invoking: ARM v7 gcc compiler'
arm-none-eabi-gcc -Wall -O0 -g3 -c -fmessage-length=0 -MT"src/helloworld.o" -mcpu=cortex-a9 -mfpu=vfpv3 -mfloat-abi=hard -I../../H2_bsp/ps7_cortexa9_0/include -MMD -MP -MF"src/helloworld.d" -MT"src/helloworld.o" -o "src/helloworld.o" "../src/helloworld.c"
'Finished building: ../src/helloworld.c'
' '
'Building file: ../src/platform.c'
'Invoking: ARM v7 gcc compiler'
arm-none-eabi-gcc -Wall -O0 -g3 -c -fmessage-length=0 -MT"src/platform.o" -mcpu=cortex-a9 -mfpu=vfpv3 -mfloat-abi=hard -I../../H2_bsp/ps7_cortexa9_0/include -MMD -MP -MF"src/platform.d" -MT"src/platform.o" -o "src/platform.o" "../src/platform.c"
'Finished building: ../src/platform.c'
' '
'Building target: H2.elf'
'Invoking: ARM v7 gcc linker'
arm-none-eabi-gcc -mcpu=cortex-a9 -mfpu=vfpv3 -mfloat-abi=hard -Wl,-build-id=none -specs=Xilinx.spec -Wl,-T -Wl,../src/lscript.ld -L../../H2_bsp/ps7_cortexa9_0/lib -o "H2.elf"  ./src/helloworld.o ./src/platform.o   -Wl,--start-group,-lxil,-lgcc,-lc,--end-group
'Finished building target: H2.elf'
' '
'Invoking: ARM v7 Print Size'
arm-none-eabi-size H2.elf  |tee "H2.elf.size"
   text	   data	    bss	    dec	    hex	filename
  23460	   1168	  22584	  47212	   b86c	H2.elf
'Finished building: H2.elf.size'
' '
17:42:55 **** Incremental Build of configuration Debug for project H2 ****
make pre-build main-build 
a9-linaro-pre-build-step
' '
make: Nothing to be done for 'main-build'.
17:57:12 **** Auto Build of configuration Debug for project H2 ****
make pre-build main-build 
a9-linaro-pre-build-step
' '
'Building file: ../src/helloworld.c'
'Invoking: ARM v7 gcc compiler'
arm-none-eabi-gcc -Wall -O0 -g3 -c -fmessage-length=0 -MT"src/helloworld.o" -mcpu=cortex-a9 -mfpu=vfpv3 -mfloat-abi=hard -I../../H2_bsp/ps7_cortexa9_0/include -MMD -MP -MF"src/helloworld.d" -MT"src/helloworld.o" -o "src/helloworld.o" "../src/helloworld.c"
'Finished building: ../src/helloworld.c'
' '
'Building target: H2.elf'
'Invoking: ARM v7 gcc linker'
arm-none-eabi-gcc -mcpu=cortex-a9 -mfpu=vfpv3 -mfloat-abi=hard -Wl,-build-id=none -specs=Xilinx.spec -Wl,-T -Wl,../src/lscript.ld -L../../H2_bsp/ps7_cortexa9_0/lib -o "H2.elf"  ./src/helloworld.o ./src/platform.o   -Wl,--start-group,-lxil,-lgcc,-lc,--end-group
'Finished building target: H2.elf'
' '
'Invoking: ARM v7 Print Size'
arm-none-eabi-size H2.elf  |tee "H2.elf.size"
   text	   data	    bss	    dec	    hex	filename
  23460	   1168	  22584	  47212	   b86c	H2.elf
'Finished building: H2.elf.size'
' '
17:57:20 **** Incremental Build of configuration Debug for project H2 ****
make pre-build main-build 
a9-linaro-pre-build-step
' '
make: Nothing to be done for 'main-build'.
15:12:16 **** Auto Build of project H2_bsp ****
make -k all 
"Running Make include in ps7_cortexa9_0/libsrc/cpu_cortexa9_v2_7/src"
make -C ps7_cortexa9_0/libsrc/cpu_cortexa9_v2_7/src -s include  "SHELL=CMD" "COMPILER=arm-none-eabi-gcc" "ARCHIVER=arm-none-eabi-ar" "COMPILER_FLAGS=  -O2 -c" "EXTRA_COMPILER_FLAGS=-mcpu=cortex-a9 -mfpu=vfpv3 -mfloat-abi=hard -nostartfiles -g -Wall -Wextra"
"Running Make include in ps7_cortexa9_0/libsrc/standalone_v6_8/src"
make -C ps7_cortexa9_0/libsrc/standalone_v6_8/src -s include  "SHELL=CMD" "COMPILER=arm-none-eabi-gcc" "ARCHIVER=arm-none-eabi-ar" "COMPILER_FLAGS=  -O2 -c" "EXTRA_COMPILER_FLAGS=-mcpu=cortex-a9 -mfpu=vfpv3 -mfloat-abi=hard -nostartfiles -g -Wall -Wextra"
"Running Make include in ps7_cortexa9_0/libsrc/audio_ip_v1_0/src"
make -C ps7_cortexa9_0/libsrc/audio_ip_v1_0/src -s include  "SHELL=CMD" "COMPILER=arm-none-eabi-gcc" "ARCHIVER=arm-none-eabi-ar" "COMPILER_FLAGS=  -O2 -c" "EXTRA_COMPILER_FLAGS=-mcpu=cortex-a9 -mfpu=vfpv3 -mfloat-abi=hard -nostartfiles -g -Wall -Wextra"
"Running Make include in ps7_cortexa9_0/libsrc/coresightps_dcc_v1_4/src"
make -C ps7_cortexa9_0/libsrc/coresightps_dcc_v1_4/src -s include  "SHELL=CMD" "COMPILER=arm-none-eabi-gcc" "ARCHIVER=arm-none-eabi-ar" "COMPILER_FLAGS=  -O2 -c" "EXTRA_COMPILER_FLAGS=-mcpu=cortex-a9 -mfpu=vfpv3 -mfloat-abi=hard -nostartfiles -g -Wall -Wextra"
"Running Make include in ps7_cortexa9_0/libsrc/ddrps_v1_0/src"
make -C ps7_cortexa9_0/libsrc/ddrps_v1_0/src -s include  "SHELL=CMD" "COMPILER=arm-none-eabi-gcc" "ARCHIVER=arm-none-eabi-ar" "COMPILER_FLAGS=  -O2 -c" "EXTRA_COMPILER_FLAGS=-mcpu=cortex-a9 -mfpu=vfpv3 -mfloat-abi=hard -nostartfiles -g -Wall -Wextra"
"Running Make include in ps7_cortexa9_0/libsrc/devcfg_v3_5/src"
make -C ps7_cortexa9_0/libsrc/devcfg_v3_5/src -s include  "SHELL=CMD" "COMPILER=arm-none-eabi-gcc" "ARCHIVER=arm-none-eabi-ar" "COMPILER_FLAGS=  -O2 -c" "EXTRA_COMPILER_FLAGS=-mcpu=cortex-a9 -mfpu=vfpv3 -mfloat-abi=hard -nostartfiles -g -Wall -Wextra"
"Running Make include in ps7_cortexa9_0/libsrc/dmaps_v2_4/src"
make -C ps7_cortexa9_0/libsrc/dmaps_v2_4/src -s include  "SHELL=CMD" "COMPILER=arm-none-eabi-gcc" "ARCHIVER=arm-none-eabi-ar" "COMPILER_FLAGS=  -O2 -c" "EXTRA_COMPILER_FLAGS=-mcpu=cortex-a9 -mfpu=vfpv3 -mfloat-abi=hard -nostartfiles -g -Wall -Wextra"
"Running Make include in ps7_cortexa9_0/libsrc/emacps_v3_8/src"
make -C ps7_cortexa9_0/libsrc/emacps_v3_8/src -s include  "SHELL=CMD" "COMPILER=arm-none-eabi-gcc" "ARCHIVER=arm-none-eabi-ar" "COMPILER_FLAGS=  -O2 -c" "EXTRA_COMPILER_FLAGS=-mcpu=cortex-a9 -mfpu=vfpv3 -mfloat-abi=hard -nostartfiles -g -Wall -Wextra"
"Running Make include in ps7_cortexa9_0/libsrc/gpio_v4_3/src"
make -C ps7_cortexa9_0/libsrc/gpio_v4_3/src -s include  "SHELL=CMD" "COMPILER=arm-none-eabi-gcc" "ARCHIVER=arm-none-eabi-ar" "COMPILER_FLAGS=  -O2 -c" "EXTRA_COMPILER_FLAGS=-mcpu=cortex-a9 -mfpu=vfpv3 -mfloat-abi=hard -nostartfiles -g -Wall -Wextra"
"Running Make include in ps7_cortexa9_0/libsrc/gpiops_v3_4/src"
make -C ps7_cortexa9_0/libsrc/gpiops_v3_4/src -s include  "SHELL=CMD" "COMPILER=arm-none-eabi-gcc" "ARCHIVER=arm-none-eabi-ar" "COMPILER_FLAGS=  -O2 -c" "EXTRA_COMPILER_FLAGS=-mcpu=cortex-a9 -mfpu=vfpv3 -mfloat-abi=hard -nostartfiles -g -Wall -Wextra"
"Running Make include in ps7_cortexa9_0/libsrc/qspips_v3_5/src"
make -C ps7_cortexa9_0/libsrc/qspips_v3_5/src -s include  "SHELL=CMD" "COMPILER=arm-none-eabi-gcc" "ARCHIVER=arm-none-eabi-ar" "COMPILER_FLAGS=  -O2 -c" "EXTRA_COMPILER_FLAGS=-mcpu=cortex-a9 -mfpu=vfpv3 -mfloat-abi=hard -nostartfiles -g -Wall -Wextra"
"Running Make include in ps7_cortexa9_0/libsrc/scugic_v3_10/src"
make -C ps7_cortexa9_0/libsrc/scugic_v3_10/src -s include  "SHELL=CMD" "COMPILER=arm-none-eabi-gcc" "ARCHIVER=arm-none-eabi-ar" "COMPILER_FLAGS=  -O2 -c" "EXTRA_COMPILER_FLAGS=-mcpu=cortex-a9 -mfpu=vfpv3 -mfloat-abi=hard -nostartfiles -g -Wall -Wextra"
"Running Make include in ps7_cortexa9_0/libsrc/scutimer_v2_1/src"
make -C ps7_cortexa9_0/libsrc/scutimer_v2_1/src -s include  "SHELL=CMD" "COMPILER=arm-none-eabi-gcc" "ARCHIVER=arm-none-eabi-ar" "COMPILER_FLAGS=  -O2 -c" "EXTRA_COMPILER_FLAGS=-mcpu=cortex-a9 -mfpu=vfpv3 -mfloat-abi=hard -nostartfiles -g -Wall -Wextra"
"Running Make include in ps7_cortexa9_0/libsrc/scuwdt_v2_1/src"
make -C ps7_cortexa9_0/libsrc/scuwdt_v2_1/src -s include  "SHELL=CMD" "COMPILER=arm-none-eabi-gcc" "ARCHIVER=arm-none-eabi-ar" "COMPILER_FLAGS=  -O2 -c" "EXTRA_COMPILER_FLAGS=-mcpu=cortex-a9 -mfpu=vfpv3 -mfloat-abi=hard -nostartfiles -g -Wall -Wextra"
"Running Make include in ps7_cortexa9_0/libsrc/sdps_v3_6/src"
make -C ps7_cortexa9_0/libsrc/sdps_v3_6/src -s include  "SHELL=CMD" "COMPILER=arm-none-eabi-gcc" "ARCHIVER=arm-none-eabi-ar" "COMPILER_FLAGS=  -O2 -c" "EXTRA_COMPILER_FLAGS=-mcpu=cortex-a9 -mfpu=vfpv3 -mfloat-abi=hard -nostartfiles -g -Wall -Wextra"
"Running Make include in ps7_cortexa9_0/libsrc/ttcps_v3_7/src"
make -C ps7_cortexa9_0/libsrc/ttcps_v3_7/src -s include  "SHELL=CMD" "COMPILER=arm-none-eabi-gcc" "ARCHIVER=arm-none-eabi-ar" "COMPILER_FLAGS=  -O2 -c" "EXTRA_COMPILER_FLAGS=-mcpu=cortex-a9 -mfpu=vfpv3 -mfloat-abi=hard -nostartfiles -g -Wall -Wextra"
"Running Make include in ps7_cortexa9_0/libsrc/uartps_v3_7/src"
make -C ps7_cortexa9_0/libsrc/uartps_v3_7/src -s include  "SHELL=CMD" "COMPILER=arm-none-eabi-gcc" "ARCHIVER=arm-none-eabi-ar" "COMPILER_FLAGS=  -O2 -c" "EXTRA_COMPILER_FLAGS=-mcpu=cortex-a9 -mfpu=vfpv3 -mfloat-abi=hard -nostartfiles -g -Wall -Wextra"
"Running Make include in ps7_cortexa9_0/libsrc/usbps_v2_4/src"
make -C ps7_cortexa9_0/libsrc/usbps_v2_4/src -s include  "SHELL=CMD" "COMPILER=arm-none-eabi-gcc" "ARCHIVER=arm-none-eabi-ar" "COMPILER_FLAGS=  -O2 -c" "EXTRA_COMPILER_FLAGS=-mcpu=cortex-a9 -mfpu=vfpv3 -mfloat-abi=hard -nostartfiles -g -Wall -Wextra"
"Running Make include in ps7_cortexa9_0/libsrc/xadcps_v2_3/src"
make -C ps7_cortexa9_0/libsrc/xadcps_v2_3/src -s include  "SHELL=CMD" "COMPILER=arm-none-eabi-gcc" "ARCHIVER=arm-none-eabi-ar" "COMPILER_FLAGS=  -O2 -c" "EXTRA_COMPILER_FLAGS=-mcpu=cortex-a9 -mfpu=vfpv3 -mfloat-abi=hard -nostartfiles -g -Wall -Wextra"
"Running Make libs in ps7_cortexa9_0/libsrc/cpu_cortexa9_v2_7/src"
make -C ps7_cortexa9_0/libsrc/cpu_cortexa9_v2_7/src -s libs  "SHELL=CMD" "COMPILER=arm-none-eabi-gcc" "ARCHIVER=arm-none-eabi-ar" "COMPILER_FLAGS=  -O2 -c" "EXTRA_COMPILER_FLAGS=-mcpu=cortex-a9 -mfpu=vfpv3 -mfloat-abi=hard -nostartfiles -g -Wall -Wextra"
"Compiling cpu_cortexa9"
"Running Make libs in ps7_cortexa9_0/libsrc/standalone_v6_8/src"
make -C ps7_cortexa9_0/libsrc/standalone_v6_8/src -s libs  "SHELL=CMD" "COMPILER=arm-none-eabi-gcc" "ARCHIVER=arm-none-eabi-ar" "COMPILER_FLAGS=  -O2 -c" "EXTRA_COMPILER_FLAGS=-mcpu=cortex-a9 -mfpu=vfpv3 -mfloat-abi=hard -nostartfiles -g -Wall -Wextra"
"Compiling standalone"
In file included from usleep.c:56:0:
xtime_l.h:87:9: note: #pragma message: For the sleep routines, Global timer is being used
 #pragma message ("For the sleep routines, Global timer is being used")
         ^~~~~~~
In file included from xil_sleeptimer.c:51:0:
xtime_l.h:87:9: note: #pragma message: For the sleep routines, Global timer is being used
 #pragma message ("For the sleep routines, Global timer is being used")
         ^~~~~~~
In file included from xtime_l.c:49:0:
xtime_l.h:87:9: note: #pragma message: For the sleep routines, Global timer is being used
 #pragma message ("For the sleep routines, Global timer is being used")
         ^~~~~~~
In file included from sleep.c:53:0:
xtime_l.h:87:9: note: #pragma message: For the sleep routines, Global timer is being used
 #pragma message ("For the sleep routines, Global timer is being used")
         ^~~~~~~
arm-none-eabi-ar: creating ../../../lib/libxil.a
"Running Make libs in ps7_cortexa9_0/libsrc/audio_ip_v1_0/src"
make -C ps7_cortexa9_0/libsrc/audio_ip_v1_0/src -s libs  "SHELL=CMD" "COMPILER=arm-none-eabi-gcc" "ARCHIVER=arm-none-eabi-ar" "COMPILER_FLAGS=  -O2 -c" "EXTRA_COMPILER_FLAGS=-mcpu=cortex-a9 -mfpu=vfpv3 -mfloat-abi=hard -nostartfiles -g -Wall -Wextra"
"Compiling audio_ip..."
audio_ip_selftest.c: In function 'AUDIO_IP_Reg_SelfTest':
audio_ip_selftest.c:52:57: warning: comparison between signed and unsigned integer expressions [-Wsign-compare]
    if ( AUDIO_IP_mReadReg (baseaddr, read_loop_index*4) != (read_loop_index+1)*READ_WRITE_MUL_FACTOR){
                                                         ^~
audio_ip_selftest.c:36:6: warning: unused variable 'Index' [-Wunused-variable]
  int Index;
      ^~~~~
"Running Make libs in ps7_cortexa9_0/libsrc/coresightps_dcc_v1_4/src"
make -C ps7_cortexa9_0/libsrc/coresightps_dcc_v1_4/src -s libs  "SHELL=CMD" "COMPILER=arm-none-eabi-gcc" "ARCHIVER=arm-none-eabi-ar" "COMPILER_FLAGS=  -O2 -c" "EXTRA_COMPILER_FLAGS=-mcpu=cortex-a9 -mfpu=vfpv3 -mfloat-abi=hard -nostartfiles -g -Wall -Wextra"
"Compiling coresightps_dcc"
"Running Make libs in ps7_cortexa9_0/libsrc/ddrps_v1_0/src"
make -C ps7_cortexa9_0/libsrc/ddrps_v1_0/src -s libs  "SHELL=CMD" "COMPILER=arm-none-eabi-gcc" "ARCHIVER=arm-none-eabi-ar" "COMPILER_FLAGS=  -O2 -c" "EXTRA_COMPILER_FLAGS=-mcpu=cortex-a9 -mfpu=vfpv3 -mfloat-abi=hard -nostartfiles -g -Wall -Wextra"
"Compiling ddrps"
"Running Make libs in ps7_cortexa9_0/libsrc/devcfg_v3_5/src"
make -C ps7_cortexa9_0/libsrc/devcfg_v3_5/src -s libs  "SHELL=CMD" "COMPILER=arm-none-eabi-gcc" "ARCHIVER=arm-none-eabi-ar" "COMPILER_FLAGS=  -O2 -c" "EXTRA_COMPILER_FLAGS=-mcpu=cortex-a9 -mfpu=vfpv3 -mfloat-abi=hard -nostartfiles -g -Wall -Wextra"
"Compiling devcfg"
"Running Make libs in ps7_cortexa9_0/libsrc/dmaps_v2_4/src"
make -C ps7_cortexa9_0/libsrc/dmaps_v2_4/src -s libs  "SHELL=CMD" "COMPILER=arm-none-eabi-gcc" "ARCHIVER=arm-none-eabi-ar" "COMPILER_FLAGS=  -O2 -c" "EXTRA_COMPILER_FLAGS=-mcpu=cortex-a9 -mfpu=vfpv3 -mfloat-abi=hard -nostartfiles -g -Wall -Wextra"
"Compiling dmaps"
"Running Make libs in ps7_cortexa9_0/libsrc/emacps_v3_8/src"
make -C ps7_cortexa9_0/libsrc/emacps_v3_8/src -s libs  "SHELL=CMD" "COMPILER=arm-none-eabi-gcc" "ARCHIVER=arm-none-eabi-ar" "COMPILER_FLAGS=  -O2 -c" "EXTRA_COMPILER_FLAGS=-mcpu=cortex-a9 -mfpu=vfpv3 -mfloat-abi=hard -nostartfiles -g -Wall -Wextra"
"Compiling emacps"
"Running Make libs in ps7_cortexa9_0/libsrc/gpio_v4_3/src"
make -C ps7_cortexa9_0/libsrc/gpio_v4_3/src -s libs  "SHELL=CMD" "COMPILER=arm-none-eabi-gcc" "ARCHIVER=arm-none-eabi-ar" "COMPILER_FLAGS=  -O2 -c" "EXTRA_COMPILER_FLAGS=-mcpu=cortex-a9 -mfpu=vfpv3 -mfloat-abi=hard -nostartfiles -g -Wall -Wextra"
"Compiling gpio"
"Running Make libs in ps7_cortexa9_0/libsrc/gpiops_v3_4/src"
make -C ps7_cortexa9_0/libsrc/gpiops_v3_4/src -s libs  "SHELL=CMD" "COMPILER=arm-none-eabi-gcc" "ARCHIVER=arm-none-eabi-ar" "COMPILER_FLAGS=  -O2 -c" "EXTRA_COMPILER_FLAGS=-mcpu=cortex-a9 -mfpu=vfpv3 -mfloat-abi=hard -nostartfiles -g -Wall -Wextra"
"Compiling gpiops"
"Running Make libs in ps7_cortexa9_0/libsrc/qspips_v3_5/src"
make -C ps7_cortexa9_0/libsrc/qspips_v3_5/src -s libs  "SHELL=CMD" "COMPILER=arm-none-eabi-gcc" "ARCHIVER=arm-none-eabi-ar" "COMPILER_FLAGS=  -O2 -c" "EXTRA_COMPILER_FLAGS=-mcpu=cortex-a9 -mfpu=vfpv3 -mfloat-abi=hard -nostartfiles -g -Wall -Wextra"
"Compiling qspips"
"Running Make libs in ps7_cortexa9_0/libsrc/scugic_v3_10/src"
make -C ps7_cortexa9_0/libsrc/scugic_v3_10/src -s libs  "SHELL=CMD" "COMPILER=arm-none-eabi-gcc" "ARCHIVER=arm-none-eabi-ar" "COMPILER_FLAGS=  -O2 -c" "EXTRA_COMPILER_FLAGS=-mcpu=cortex-a9 -mfpu=vfpv3 -mfloat-abi=hard -nostartfiles -g -Wall -Wextra"
"Compiling scugic"
"Running Make libs in ps7_cortexa9_0/libsrc/scutimer_v2_1/src"
make -C ps7_cortexa9_0/libsrc/scutimer_v2_1/src -s libs  "SHELL=CMD" "COMPILER=arm-none-eabi-gcc" "ARCHIVER=arm-none-eabi-ar" "COMPILER_FLAGS=  -O2 -c" "EXTRA_COMPILER_FLAGS=-mcpu=cortex-a9 -mfpu=vfpv3 -mfloat-abi=hard -nostartfiles -g -Wall -Wextra"
"Compiling scutimer"
"Running Make libs in ps7_cortexa9_0/libsrc/scuwdt_v2_1/src"
make -C ps7_cortexa9_0/libsrc/scuwdt_v2_1/src -s libs  "SHELL=CMD" "COMPILER=arm-none-eabi-gcc" "ARCHIVER=arm-none-eabi-ar" "COMPILER_FLAGS=  -O2 -c" "EXTRA_COMPILER_FLAGS=-mcpu=cortex-a9 -mfpu=vfpv3 -mfloat-abi=hard -nostartfiles -g -Wall -Wextra"
"Compiling scuwdt"
"Running Make libs in ps7_cortexa9_0/libsrc/sdps_v3_6/src"
make -C ps7_cortexa9_0/libsrc/sdps_v3_6/src -s libs  "SHELL=CMD" "COMPILER=arm-none-eabi-gcc" "ARCHIVER=arm-none-eabi-ar" "COMPILER_FLAGS=  -O2 -c" "EXTRA_COMPILER_FLAGS=-mcpu=cortex-a9 -mfpu=vfpv3 -mfloat-abi=hard -nostartfiles -g -Wall -Wextra"
"Compiling sdps"
"Running Make libs in ps7_cortexa9_0/libsrc/ttcps_v3_7/src"
make -C ps7_cortexa9_0/libsrc/ttcps_v3_7/src -s libs  "SHELL=CMD" "COMPILER=arm-none-eabi-gcc" "ARCHIVER=arm-none-eabi-ar" "COMPILER_FLAGS=  -O2 -c" "EXTRA_COMPILER_FLAGS=-mcpu=cortex-a9 -mfpu=vfpv3 -mfloat-abi=hard -nostartfiles -g -Wall -Wextra"
"Compiling ttcps"
"Running Make libs in ps7_cortexa9_0/libsrc/uartps_v3_7/src"
make -C ps7_cortexa9_0/libsrc/uartps_v3_7/src -s libs  "SHELL=CMD" "COMPILER=arm-none-eabi-gcc" "ARCHIVER=arm-none-eabi-ar" "COMPILER_FLAGS=  -O2 -c" "EXTRA_COMPILER_FLAGS=-mcpu=cortex-a9 -mfpu=vfpv3 -mfloat-abi=hard -nostartfiles -g -Wall -Wextra"
"Compiling uartps"
"Running Make libs in ps7_cortexa9_0/libsrc/usbps_v2_4/src"
make -C ps7_cortexa9_0/libsrc/usbps_v2_4/src -s libs  "SHELL=CMD" "COMPILER=arm-none-eabi-gcc" "ARCHIVER=arm-none-eabi-ar" "COMPILER_FLAGS=  -O2 -c" "EXTRA_COMPILER_FLAGS=-mcpu=cortex-a9 -mfpu=vfpv3 -mfloat-abi=hard -nostartfiles -g -Wall -Wextra"
"Compiling usbps"
"Running Make libs in ps7_cortexa9_0/libsrc/xadcps_v2_3/src"
make -C ps7_cortexa9_0/libsrc/xadcps_v2_3/src -s libs  "SHELL=CMD" "COMPILER=arm-none-eabi-gcc" "ARCHIVER=arm-none-eabi-ar" "COMPILER_FLAGS=  -O2 -c" "EXTRA_COMPILER_FLAGS=-mcpu=cortex-a9 -mfpu=vfpv3 -mfloat-abi=hard -nostartfiles -g -Wall -Wextra"
"Compiling xadcps"
'Finished building libraries'
15:12:56 **** Auto Build of configuration Debug for project H2 ****
make pre-build main-build 
a9-linaro-pre-build-step
' '
'Building file: ../src/helloworld.c'
'Invoking: ARM v7 gcc compiler'
arm-none-eabi-gcc -Wall -O0 -g3 -c -fmessage-length=0 -MT"src/helloworld.o" -mcpu=cortex-a9 -mfpu=vfpv3 -mfloat-abi=hard -I../../H2_bsp/ps7_cortexa9_0/include -MMD -MP -MF"src/helloworld.d" -MT"src/helloworld.o" -o "src/helloworld.o" "../src/helloworld.c"
'Finished building: ../src/helloworld.c'
' '
'Building file: ../src/platform.c'
'Invoking: ARM v7 gcc compiler'
arm-none-eabi-gcc -Wall -O0 -g3 -c -fmessage-length=0 -MT"src/platform.o" -mcpu=cortex-a9 -mfpu=vfpv3 -mfloat-abi=hard -I../../H2_bsp/ps7_cortexa9_0/include -MMD -MP -MF"src/platform.d" -MT"src/platform.o" -o "src/platform.o" "../src/platform.c"
'Finished building: ../src/platform.c'
' '
'Building target: H2.elf'
'Invoking: ARM v7 gcc linker'
arm-none-eabi-gcc -mcpu=cortex-a9 -mfpu=vfpv3 -mfloat-abi=hard -Wl,-build-id=none -specs=Xilinx.spec -Wl,-T -Wl,../src/lscript.ld -L../../H2_bsp/ps7_cortexa9_0/lib -o "H2.elf"  ./src/helloworld.o ./src/platform.o   -Wl,--start-group,-lxil,-lgcc,-lc,--end-group
'Finished building target: H2.elf'
' '
'Invoking: ARM v7 Print Size'
arm-none-eabi-size H2.elf  |tee "H2.elf.size"
   text	   data	    bss	    dec	    hex	filename
  23460	   1168	  22584	  47212	   b86c	H2.elf
'Finished building: H2.elf.size'
' '
15:13:49 **** Auto Build of project H2_bsp ****
make -k all 
"Running Make include in ps7_cortexa9_0/libsrc/cpu_cortexa9_v2_7/src"
make -C ps7_cortexa9_0/libsrc/cpu_cortexa9_v2_7/src -s include  "SHELL=CMD" "COMPILER=arm-none-eabi-gcc" "ARCHIVER=arm-none-eabi-ar" "COMPILER_FLAGS=  -O2 -c" "EXTRA_COMPILER_FLAGS=-mcpu=cortex-a9 -mfpu=vfpv3 -mfloat-abi=hard -nostartfiles -g -Wall -Wextra"
"Running Make include in ps7_cortexa9_0/libsrc/standalone_v6_8/src"
make -C ps7_cortexa9_0/libsrc/standalone_v6_8/src -s include  "SHELL=CMD" "COMPILER=arm-none-eabi-gcc" "ARCHIVER=arm-none-eabi-ar" "COMPILER_FLAGS=  -O2 -c" "EXTRA_COMPILER_FLAGS=-mcpu=cortex-a9 -mfpu=vfpv3 -mfloat-abi=hard -nostartfiles -g -Wall -Wextra"
"Running Make include in ps7_cortexa9_0/libsrc/audio_ip_v1_0/src"
make -C ps7_cortexa9_0/libsrc/audio_ip_v1_0/src -s include  "SHELL=CMD" "COMPILER=arm-none-eabi-gcc" "ARCHIVER=arm-none-eabi-ar" "COMPILER_FLAGS=  -O2 -c" "EXTRA_COMPILER_FLAGS=-mcpu=cortex-a9 -mfpu=vfpv3 -mfloat-abi=hard -nostartfiles -g -Wall -Wextra"
"Running Make include in ps7_cortexa9_0/libsrc/coresightps_dcc_v1_4/src"
make -C ps7_cortexa9_0/libsrc/coresightps_dcc_v1_4/src -s include  "SHELL=CMD" "COMPILER=arm-none-eabi-gcc" "ARCHIVER=arm-none-eabi-ar" "COMPILER_FLAGS=  -O2 -c" "EXTRA_COMPILER_FLAGS=-mcpu=cortex-a9 -mfpu=vfpv3 -mfloat-abi=hard -nostartfiles -g -Wall -Wextra"
"Running Make include in ps7_cortexa9_0/libsrc/ddrps_v1_0/src"
make -C ps7_cortexa9_0/libsrc/ddrps_v1_0/src -s include  "SHELL=CMD" "COMPILER=arm-none-eabi-gcc" "ARCHIVER=arm-none-eabi-ar" "COMPILER_FLAGS=  -O2 -c" "EXTRA_COMPILER_FLAGS=-mcpu=cortex-a9 -mfpu=vfpv3 -mfloat-abi=hard -nostartfiles -g -Wall -Wextra"
"Running Make include in ps7_cortexa9_0/libsrc/devcfg_v3_5/src"
make -C ps7_cortexa9_0/libsrc/devcfg_v3_5/src -s include  "SHELL=CMD" "COMPILER=arm-none-eabi-gcc" "ARCHIVER=arm-none-eabi-ar" "COMPILER_FLAGS=  -O2 -c" "EXTRA_COMPILER_FLAGS=-mcpu=cortex-a9 -mfpu=vfpv3 -mfloat-abi=hard -nostartfiles -g -Wall -Wextra"
"Running Make include in ps7_cortexa9_0/libsrc/dmaps_v2_4/src"
make -C ps7_cortexa9_0/libsrc/dmaps_v2_4/src -s include  "SHELL=CMD" "COMPILER=arm-none-eabi-gcc" "ARCHIVER=arm-none-eabi-ar" "COMPILER_FLAGS=  -O2 -c" "EXTRA_COMPILER_FLAGS=-mcpu=cortex-a9 -mfpu=vfpv3 -mfloat-abi=hard -nostartfiles -g -Wall -Wextra"
"Running Make include in ps7_cortexa9_0/libsrc/emacps_v3_8/src"
make -C ps7_cortexa9_0/libsrc/emacps_v3_8/src -s include  "SHELL=CMD" "COMPILER=arm-none-eabi-gcc" "ARCHIVER=arm-none-eabi-ar" "COMPILER_FLAGS=  -O2 -c" "EXTRA_COMPILER_FLAGS=-mcpu=cortex-a9 -mfpu=vfpv3 -mfloat-abi=hard -nostartfiles -g -Wall -Wextra"
"Running Make include in ps7_cortexa9_0/libsrc/gpio_v4_3/src"
make -C ps7_cortexa9_0/libsrc/gpio_v4_3/src -s include  "SHELL=CMD" "COMPILER=arm-none-eabi-gcc" "ARCHIVER=arm-none-eabi-ar" "COMPILER_FLAGS=  -O2 -c" "EXTRA_COMPILER_FLAGS=-mcpu=cortex-a9 -mfpu=vfpv3 -mfloat-abi=hard -nostartfiles -g -Wall -Wextra"
"Running Make include in ps7_cortexa9_0/libsrc/gpiops_v3_4/src"
make -C ps7_cortexa9_0/libsrc/gpiops_v3_4/src -s include  "SHELL=CMD" "COMPILER=arm-none-eabi-gcc" "ARCHIVER=arm-none-eabi-ar" "COMPILER_FLAGS=  -O2 -c" "EXTRA_COMPILER_FLAGS=-mcpu=cortex-a9 -mfpu=vfpv3 -mfloat-abi=hard -nostartfiles -g -Wall -Wextra"
"Running Make include in ps7_cortexa9_0/libsrc/qspips_v3_5/src"
make -C ps7_cortexa9_0/libsrc/qspips_v3_5/src -s include  "SHELL=CMD" "COMPILER=arm-none-eabi-gcc" "ARCHIVER=arm-none-eabi-ar" "COMPILER_FLAGS=  -O2 -c" "EXTRA_COMPILER_FLAGS=-mcpu=cortex-a9 -mfpu=vfpv3 -mfloat-abi=hard -nostartfiles -g -Wall -Wextra"
"Running Make include in ps7_cortexa9_0/libsrc/scugic_v3_10/src"
make -C ps7_cortexa9_0/libsrc/scugic_v3_10/src -s include  "SHELL=CMD" "COMPILER=arm-none-eabi-gcc" "ARCHIVER=arm-none-eabi-ar" "COMPILER_FLAGS=  -O2 -c" "EXTRA_COMPILER_FLAGS=-mcpu=cortex-a9 -mfpu=vfpv3 -mfloat-abi=hard -nostartfiles -g -Wall -Wextra"
"Running Make include in ps7_cortexa9_0/libsrc/scutimer_v2_1/src"
make -C ps7_cortexa9_0/libsrc/scutimer_v2_1/src -s include  "SHELL=CMD" "COMPILER=arm-none-eabi-gcc" "ARCHIVER=arm-none-eabi-ar" "COMPILER_FLAGS=  -O2 -c" "EXTRA_COMPILER_FLAGS=-mcpu=cortex-a9 -mfpu=vfpv3 -mfloat-abi=hard -nostartfiles -g -Wall -Wextra"
"Running Make include in ps7_cortexa9_0/libsrc/scuwdt_v2_1/src"
make -C ps7_cortexa9_0/libsrc/scuwdt_v2_1/src -s include  "SHELL=CMD" "COMPILER=arm-none-eabi-gcc" "ARCHIVER=arm-none-eabi-ar" "COMPILER_FLAGS=  -O2 -c" "EXTRA_COMPILER_FLAGS=-mcpu=cortex-a9 -mfpu=vfpv3 -mfloat-abi=hard -nostartfiles -g -Wall -Wextra"
"Running Make include in ps7_cortexa9_0/libsrc/sdps_v3_6/src"
make -C ps7_cortexa9_0/libsrc/sdps_v3_6/src -s include  "SHELL=CMD" "COMPILER=arm-none-eabi-gcc" "ARCHIVER=arm-none-eabi-ar" "COMPILER_FLAGS=  -O2 -c" "EXTRA_COMPILER_FLAGS=-mcpu=cortex-a9 -mfpu=vfpv3 -mfloat-abi=hard -nostartfiles -g -Wall -Wextra"
"Running Make include in ps7_cortexa9_0/libsrc/ttcps_v3_7/src"
make -C ps7_cortexa9_0/libsrc/ttcps_v3_7/src -s include  "SHELL=CMD" "COMPILER=arm-none-eabi-gcc" "ARCHIVER=arm-none-eabi-ar" "COMPILER_FLAGS=  -O2 -c" "EXTRA_COMPILER_FLAGS=-mcpu=cortex-a9 -mfpu=vfpv3 -mfloat-abi=hard -nostartfiles -g -Wall -Wextra"
"Running Make include in ps7_cortexa9_0/libsrc/uartps_v3_7/src"
make -C ps7_cortexa9_0/libsrc/uartps_v3_7/src -s include  "SHELL=CMD" "COMPILER=arm-none-eabi-gcc" "ARCHIVER=arm-none-eabi-ar" "COMPILER_FLAGS=  -O2 -c" "EXTRA_COMPILER_FLAGS=-mcpu=cortex-a9 -mfpu=vfpv3 -mfloat-abi=hard -nostartfiles -g -Wall -Wextra"
"Running Make include in ps7_cortexa9_0/libsrc/usbps_v2_4/src"
make -C ps7_cortexa9_0/libsrc/usbps_v2_4/src -s include  "SHELL=CMD" "COMPILER=arm-none-eabi-gcc" "ARCHIVER=arm-none-eabi-ar" "COMPILER_FLAGS=  -O2 -c" "EXTRA_COMPILER_FLAGS=-mcpu=cortex-a9 -mfpu=vfpv3 -mfloat-abi=hard -nostartfiles -g -Wall -Wextra"
"Running Make include in ps7_cortexa9_0/libsrc/xadcps_v2_3/src"
make -C ps7_cortexa9_0/libsrc/xadcps_v2_3/src -s include  "SHELL=CMD" "COMPILER=arm-none-eabi-gcc" "ARCHIVER=arm-none-eabi-ar" "COMPILER_FLAGS=  -O2 -c" "EXTRA_COMPILER_FLAGS=-mcpu=cortex-a9 -mfpu=vfpv3 -mfloat-abi=hard -nostartfiles -g -Wall -Wextra"
"Running Make libs in ps7_cortexa9_0/libsrc/cpu_cortexa9_v2_7/src"
make -C ps7_cortexa9_0/libsrc/cpu_cortexa9_v2_7/src -s libs  "SHELL=CMD" "COMPILER=arm-none-eabi-gcc" "ARCHIVER=arm-none-eabi-ar" "COMPILER_FLAGS=  -O2 -c" "EXTRA_COMPILER_FLAGS=-mcpu=cortex-a9 -mfpu=vfpv3 -mfloat-abi=hard -nostartfiles -g -Wall -Wextra"
"Compiling cpu_cortexa9"
"Running Make libs in ps7_cortexa9_0/libsrc/standalone_v6_8/src"
make -C ps7_cortexa9_0/libsrc/standalone_v6_8/src -s libs  "SHELL=CMD" "COMPILER=arm-none-eabi-gcc" "ARCHIVER=arm-none-eabi-ar" "COMPILER_FLAGS=  -O2 -c" "EXTRA_COMPILER_FLAGS=-mcpu=cortex-a9 -mfpu=vfpv3 -mfloat-abi=hard -nostartfiles -g -Wall -Wextra"
"Compiling standalone"
In file included from usleep.c:56:0:
xtime_l.h:87:9: note: #pragma message: For the sleep routines, Global timer is being used
 #pragma message ("For the sleep routines, Global timer is being used")
         ^~~~~~~
In file included from xil_sleeptimer.c:51:0:
xtime_l.h:87:9: note: #pragma message: For the sleep routines, Global timer is being used
 #pragma message ("For the sleep routines, Global timer is being used")
         ^~~~~~~
In file included from xtime_l.c:49:0:
xtime_l.h:87:9: note: #pragma message: For the sleep routines, Global timer is being used
 #pragma message ("For the sleep routines, Global timer is being used")
         ^~~~~~~
In file included from sleep.c:53:0:
xtime_l.h:87:9: note: #pragma message: For the sleep routines, Global timer is being used
 #pragma message ("For the sleep routines, Global timer is being used")
         ^~~~~~~
arm-none-eabi-ar: creating ../../../lib/libxil.a
"Running Make libs in ps7_cortexa9_0/libsrc/audio_ip_v1_0/src"
make -C ps7_cortexa9_0/libsrc/audio_ip_v1_0/src -s libs  "SHELL=CMD" "COMPILER=arm-none-eabi-gcc" "ARCHIVER=arm-none-eabi-ar" "COMPILER_FLAGS=  -O2 -c" "EXTRA_COMPILER_FLAGS=-mcpu=cortex-a9 -mfpu=vfpv3 -mfloat-abi=hard -nostartfiles -g -Wall -Wextra"
"Compiling audio_ip..."
audio_ip_selftest.c: In function 'AUDIO_IP_Reg_SelfTest':
audio_ip_selftest.c:52:57: warning: comparison between signed and unsigned integer expressions [-Wsign-compare]
    if ( AUDIO_IP_mReadReg (baseaddr, read_loop_index*4) != (read_loop_index+1)*READ_WRITE_MUL_FACTOR){
                                                         ^~
audio_ip_selftest.c:36:6: warning: unused variable 'Index' [-Wunused-variable]
  int Index;
      ^~~~~
"Running Make libs in ps7_cortexa9_0/libsrc/coresightps_dcc_v1_4/src"
make -C ps7_cortexa9_0/libsrc/coresightps_dcc_v1_4/src -s libs  "SHELL=CMD" "COMPILER=arm-none-eabi-gcc" "ARCHIVER=arm-none-eabi-ar" "COMPILER_FLAGS=  -O2 -c" "EXTRA_COMPILER_FLAGS=-mcpu=cortex-a9 -mfpu=vfpv3 -mfloat-abi=hard -nostartfiles -g -Wall -Wextra"
"Compiling coresightps_dcc"
"Running Make libs in ps7_cortexa9_0/libsrc/ddrps_v1_0/src"
make -C ps7_cortexa9_0/libsrc/ddrps_v1_0/src -s libs  "SHELL=CMD" "COMPILER=arm-none-eabi-gcc" "ARCHIVER=arm-none-eabi-ar" "COMPILER_FLAGS=  -O2 -c" "EXTRA_COMPILER_FLAGS=-mcpu=cortex-a9 -mfpu=vfpv3 -mfloat-abi=hard -nostartfiles -g -Wall -Wextra"
"Compiling ddrps"
"Running Make libs in ps7_cortexa9_0/libsrc/devcfg_v3_5/src"
make -C ps7_cortexa9_0/libsrc/devcfg_v3_5/src -s libs  "SHELL=CMD" "COMPILER=arm-none-eabi-gcc" "ARCHIVER=arm-none-eabi-ar" "COMPILER_FLAGS=  -O2 -c" "EXTRA_COMPILER_FLAGS=-mcpu=cortex-a9 -mfpu=vfpv3 -mfloat-abi=hard -nostartfiles -g -Wall -Wextra"
"Compiling devcfg"
"Running Make libs in ps7_cortexa9_0/libsrc/dmaps_v2_4/src"
make -C ps7_cortexa9_0/libsrc/dmaps_v2_4/src -s libs  "SHELL=CMD" "COMPILER=arm-none-eabi-gcc" "ARCHIVER=arm-none-eabi-ar" "COMPILER_FLAGS=  -O2 -c" "EXTRA_COMPILER_FLAGS=-mcpu=cortex-a9 -mfpu=vfpv3 -mfloat-abi=hard -nostartfiles -g -Wall -Wextra"
"Compiling dmaps"
"Running Make libs in ps7_cortexa9_0/libsrc/emacps_v3_8/src"
make -C ps7_cortexa9_0/libsrc/emacps_v3_8/src -s libs  "SHELL=CMD" "COMPILER=arm-none-eabi-gcc" "ARCHIVER=arm-none-eabi-ar" "COMPILER_FLAGS=  -O2 -c" "EXTRA_COMPILER_FLAGS=-mcpu=cortex-a9 -mfpu=vfpv3 -mfloat-abi=hard -nostartfiles -g -Wall -Wextra"
"Compiling emacps"
"Running Make libs in ps7_cortexa9_0/libsrc/gpio_v4_3/src"
make -C ps7_cortexa9_0/libsrc/gpio_v4_3/src -s libs  "SHELL=CMD" "COMPILER=arm-none-eabi-gcc" "ARCHIVER=arm-none-eabi-ar" "COMPILER_FLAGS=  -O2 -c" "EXTRA_COMPILER_FLAGS=-mcpu=cortex-a9 -mfpu=vfpv3 -mfloat-abi=hard -nostartfiles -g -Wall -Wextra"
"Compiling gpio"
"Running Make libs in ps7_cortexa9_0/libsrc/gpiops_v3_4/src"
make -C ps7_cortexa9_0/libsrc/gpiops_v3_4/src -s libs  "SHELL=CMD" "COMPILER=arm-none-eabi-gcc" "ARCHIVER=arm-none-eabi-ar" "COMPILER_FLAGS=  -O2 -c" "EXTRA_COMPILER_FLAGS=-mcpu=cortex-a9 -mfpu=vfpv3 -mfloat-abi=hard -nostartfiles -g -Wall -Wextra"
"Compiling gpiops"
"Running Make libs in ps7_cortexa9_0/libsrc/qspips_v3_5/src"
make -C ps7_cortexa9_0/libsrc/qspips_v3_5/src -s libs  "SHELL=CMD" "COMPILER=arm-none-eabi-gcc" "ARCHIVER=arm-none-eabi-ar" "COMPILER_FLAGS=  -O2 -c" "EXTRA_COMPILER_FLAGS=-mcpu=cortex-a9 -mfpu=vfpv3 -mfloat-abi=hard -nostartfiles -g -Wall -Wextra"
"Compiling qspips"
"Running Make libs in ps7_cortexa9_0/libsrc/scugic_v3_10/src"
make -C ps7_cortexa9_0/libsrc/scugic_v3_10/src -s libs  "SHELL=CMD" "COMPILER=arm-none-eabi-gcc" "ARCHIVER=arm-none-eabi-ar" "COMPILER_FLAGS=  -O2 -c" "EXTRA_COMPILER_FLAGS=-mcpu=cortex-a9 -mfpu=vfpv3 -mfloat-abi=hard -nostartfiles -g -Wall -Wextra"
"Compiling scugic"
"Running Make libs in ps7_cortexa9_0/libsrc/scutimer_v2_1/src"
make -C ps7_cortexa9_0/libsrc/scutimer_v2_1/src -s libs  "SHELL=CMD" "COMPILER=arm-none-eabi-gcc" "ARCHIVER=arm-none-eabi-ar" "COMPILER_FLAGS=  -O2 -c" "EXTRA_COMPILER_FLAGS=-mcpu=cortex-a9 -mfpu=vfpv3 -mfloat-abi=hard -nostartfiles -g -Wall -Wextra"
"Compiling scutimer"
"Running Make libs in ps7_cortexa9_0/libsrc/scuwdt_v2_1/src"
make -C ps7_cortexa9_0/libsrc/scuwdt_v2_1/src -s libs  "SHELL=CMD" "COMPILER=arm-none-eabi-gcc" "ARCHIVER=arm-none-eabi-ar" "COMPILER_FLAGS=  -O2 -c" "EXTRA_COMPILER_FLAGS=-mcpu=cortex-a9 -mfpu=vfpv3 -mfloat-abi=hard -nostartfiles -g -Wall -Wextra"
"Compiling scuwdt"
"Running Make libs in ps7_cortexa9_0/libsrc/sdps_v3_6/src"
make -C ps7_cortexa9_0/libsrc/sdps_v3_6/src -s libs  "SHELL=CMD" "COMPILER=arm-none-eabi-gcc" "ARCHIVER=arm-none-eabi-ar" "COMPILER_FLAGS=  -O2 -c" "EXTRA_COMPILER_FLAGS=-mcpu=cortex-a9 -mfpu=vfpv3 -mfloat-abi=hard -nostartfiles -g -Wall -Wextra"
"Compiling sdps"
"Running Make libs in ps7_cortexa9_0/libsrc/ttcps_v3_7/src"
make -C ps7_cortexa9_0/libsrc/ttcps_v3_7/src -s libs  "SHELL=CMD" "COMPILER=arm-none-eabi-gcc" "ARCHIVER=arm-none-eabi-ar" "COMPILER_FLAGS=  -O2 -c" "EXTRA_COMPILER_FLAGS=-mcpu=cortex-a9 -mfpu=vfpv3 -mfloat-abi=hard -nostartfiles -g -Wall -Wextra"
"Compiling ttcps"
"Running Make libs in ps7_cortexa9_0/libsrc/uartps_v3_7/src"
make -C ps7_cortexa9_0/libsrc/uartps_v3_7/src -s libs  "SHELL=CMD" "COMPILER=arm-none-eabi-gcc" "ARCHIVER=arm-none-eabi-ar" "COMPILER_FLAGS=  -O2 -c" "EXTRA_COMPILER_FLAGS=-mcpu=cortex-a9 -mfpu=vfpv3 -mfloat-abi=hard -nostartfiles -g -Wall -Wextra"
"Compiling uartps"
"Running Make libs in ps7_cortexa9_0/libsrc/usbps_v2_4/src"
make -C ps7_cortexa9_0/libsrc/usbps_v2_4/src -s libs  "SHELL=CMD" "COMPILER=arm-none-eabi-gcc" "ARCHIVER=arm-none-eabi-ar" "COMPILER_FLAGS=  -O2 -c" "EXTRA_COMPILER_FLAGS=-mcpu=cortex-a9 -mfpu=vfpv3 -mfloat-abi=hard -nostartfiles -g -Wall -Wextra"
"Compiling usbps"
"Running Make libs in ps7_cortexa9_0/libsrc/xadcps_v2_3/src"
make -C ps7_cortexa9_0/libsrc/xadcps_v2_3/src -s libs  "SHELL=CMD" "COMPILER=arm-none-eabi-gcc" "ARCHIVER=arm-none-eabi-ar" "COMPILER_FLAGS=  -O2 -c" "EXTRA_COMPILER_FLAGS=-mcpu=cortex-a9 -mfpu=vfpv3 -mfloat-abi=hard -nostartfiles -g -Wall -Wextra"
"Compiling xadcps"
'Finished building libraries'
15:14:31 **** Auto Build of configuration Debug for project H2 ****
make pre-build main-build 
a9-linaro-pre-build-step
' '
'Building file: ../src/helloworld.c'
'Invoking: ARM v7 gcc compiler'
arm-none-eabi-gcc -Wall -O0 -g3 -c -fmessage-length=0 -MT"src/helloworld.o" -mcpu=cortex-a9 -mfpu=vfpv3 -mfloat-abi=hard -I../../H2_bsp/ps7_cortexa9_0/include -MMD -MP -MF"src/helloworld.d" -MT"src/helloworld.o" -o "src/helloworld.o" "../src/helloworld.c"
'Finished building: ../src/helloworld.c'
' '
'Building file: ../src/platform.c'
'Invoking: ARM v7 gcc compiler'
arm-none-eabi-gcc -Wall -O0 -g3 -c -fmessage-length=0 -MT"src/platform.o" -mcpu=cortex-a9 -mfpu=vfpv3 -mfloat-abi=hard -I../../H2_bsp/ps7_cortexa9_0/include -MMD -MP -MF"src/platform.d" -MT"src/platform.o" -o "src/platform.o" "../src/platform.c"
'Finished building: ../src/platform.c'
' '
'Building target: H2.elf'
'Invoking: ARM v7 gcc linker'
arm-none-eabi-gcc -mcpu=cortex-a9 -mfpu=vfpv3 -mfloat-abi=hard -Wl,-build-id=none -specs=Xilinx.spec -Wl,-T -Wl,../src/lscript.ld -L../../H2_bsp/ps7_cortexa9_0/lib -o "H2.elf"  ./src/helloworld.o ./src/platform.o   -Wl,--start-group,-lxil,-lgcc,-lc,--end-group
'Finished building target: H2.elf'
' '
'Invoking: ARM v7 Print Size'
arm-none-eabi-size H2.elf  |tee "H2.elf.size"
   text	   data	    bss	    dec	    hex	filename
  23460	   1168	  22584	  47212	   b86c	H2.elf
'Finished building: H2.elf.size'
' '
15:15:07 **** Incremental Build of configuration Debug for project H2 ****
make pre-build main-build 
a9-linaro-pre-build-step
' '
make: Nothing to be done for 'main-build'.
15:16:19 **** Incremental Build of configuration Debug for project H2 ****
make pre-build main-build 
a9-linaro-pre-build-step
' '
make: Nothing to be done for 'main-build'.
15:20:42 **** Auto Build of configuration Debug for project H2 ****
make pre-build main-build 
a9-linaro-pre-build-step
' '
'Building file: ../src/helloworld.c'
'Invoking: ARM v7 gcc compiler'
arm-none-eabi-gcc -Wall -O0 -g3 -c -fmessage-length=0 -MT"src/helloworld.o" -mcpu=cortex-a9 -mfpu=vfpv3 -mfloat-abi=hard -I../../H2_bsp/ps7_cortexa9_0/include -MMD -MP -MF"src/helloworld.d" -MT"src/helloworld.o" -o "src/helloworld.o" "../src/helloworld.c"
'Finished building: ../src/helloworld.c'
' '
'Building target: H2.elf'
'Invoking: ARM v7 gcc linker'
arm-none-eabi-gcc -mcpu=cortex-a9 -mfpu=vfpv3 -mfloat-abi=hard -Wl,-build-id=none -specs=Xilinx.spec -Wl,-T -Wl,../src/lscript.ld -L../../H2_bsp/ps7_cortexa9_0/lib -o "H2.elf"  ./src/helloworld.o ./src/platform.o   -Wl,--start-group,-lxil,-lgcc,-lc,--end-group
'Finished building target: H2.elf'
' '
'Invoking: ARM v7 Print Size'
arm-none-eabi-size H2.elf  |tee "H2.elf.size"
   text	   data	    bss	    dec	    hex	filename
  23460	   1168	  22584	  47212	   b86c	H2.elf
'Finished building: H2.elf.size'
' '
15:20:57 **** Incremental Build of configuration Debug for project H2 ****
make pre-build main-build 
a9-linaro-pre-build-step
' '
make: Nothing to be done for 'main-build'.
16:11:58 **** Auto Build of project H2_bsp ****
make -k all 
"Running Make include in ps7_cortexa9_0/libsrc/cpu_cortexa9_v2_7/src"
make -C ps7_cortexa9_0/libsrc/cpu_cortexa9_v2_7/src -s include  "SHELL=CMD" "COMPILER=arm-none-eabi-gcc" "ARCHIVER=arm-none-eabi-ar" "COMPILER_FLAGS=  -O2 -c" "EXTRA_COMPILER_FLAGS=-mcpu=cortex-a9 -mfpu=vfpv3 -mfloat-abi=hard -nostartfiles -g -Wall -Wextra"
"Running Make include in ps7_cortexa9_0/libsrc/standalone_v6_8/src"
make -C ps7_cortexa9_0/libsrc/standalone_v6_8/src -s include  "SHELL=CMD" "COMPILER=arm-none-eabi-gcc" "ARCHIVER=arm-none-eabi-ar" "COMPILER_FLAGS=  -O2 -c" "EXTRA_COMPILER_FLAGS=-mcpu=cortex-a9 -mfpu=vfpv3 -mfloat-abi=hard -nostartfiles -g -Wall -Wextra"
"Running Make include in ps7_cortexa9_0/libsrc/audio_ip_v1_0/src"
make -C ps7_cortexa9_0/libsrc/audio_ip_v1_0/src -s include  "SHELL=CMD" "COMPILER=arm-none-eabi-gcc" "ARCHIVER=arm-none-eabi-ar" "COMPILER_FLAGS=  -O2 -c" "EXTRA_COMPILER_FLAGS=-mcpu=cortex-a9 -mfpu=vfpv3 -mfloat-abi=hard -nostartfiles -g -Wall -Wextra"
"Running Make include in ps7_cortexa9_0/libsrc/coresightps_dcc_v1_4/src"
make -C ps7_cortexa9_0/libsrc/coresightps_dcc_v1_4/src -s include  "SHELL=CMD" "COMPILER=arm-none-eabi-gcc" "ARCHIVER=arm-none-eabi-ar" "COMPILER_FLAGS=  -O2 -c" "EXTRA_COMPILER_FLAGS=-mcpu=cortex-a9 -mfpu=vfpv3 -mfloat-abi=hard -nostartfiles -g -Wall -Wextra"
"Running Make include in ps7_cortexa9_0/libsrc/ddrps_v1_0/src"
make -C ps7_cortexa9_0/libsrc/ddrps_v1_0/src -s include  "SHELL=CMD" "COMPILER=arm-none-eabi-gcc" "ARCHIVER=arm-none-eabi-ar" "COMPILER_FLAGS=  -O2 -c" "EXTRA_COMPILER_FLAGS=-mcpu=cortex-a9 -mfpu=vfpv3 -mfloat-abi=hard -nostartfiles -g -Wall -Wextra"
"Running Make include in ps7_cortexa9_0/libsrc/devcfg_v3_5/src"
make -C ps7_cortexa9_0/libsrc/devcfg_v3_5/src -s include  "SHELL=CMD" "COMPILER=arm-none-eabi-gcc" "ARCHIVER=arm-none-eabi-ar" "COMPILER_FLAGS=  -O2 -c" "EXTRA_COMPILER_FLAGS=-mcpu=cortex-a9 -mfpu=vfpv3 -mfloat-abi=hard -nostartfiles -g -Wall -Wextra"
"Running Make include in ps7_cortexa9_0/libsrc/dmaps_v2_4/src"
make -C ps7_cortexa9_0/libsrc/dmaps_v2_4/src -s include  "SHELL=CMD" "COMPILER=arm-none-eabi-gcc" "ARCHIVER=arm-none-eabi-ar" "COMPILER_FLAGS=  -O2 -c" "EXTRA_COMPILER_FLAGS=-mcpu=cortex-a9 -mfpu=vfpv3 -mfloat-abi=hard -nostartfiles -g -Wall -Wextra"
"Running Make include in ps7_cortexa9_0/libsrc/emacps_v3_8/src"
make -C ps7_cortexa9_0/libsrc/emacps_v3_8/src -s include  "SHELL=CMD" "COMPILER=arm-none-eabi-gcc" "ARCHIVER=arm-none-eabi-ar" "COMPILER_FLAGS=  -O2 -c" "EXTRA_COMPILER_FLAGS=-mcpu=cortex-a9 -mfpu=vfpv3 -mfloat-abi=hard -nostartfiles -g -Wall -Wextra"
"Running Make include in ps7_cortexa9_0/libsrc/gpio_v4_3/src"
make -C ps7_cortexa9_0/libsrc/gpio_v4_3/src -s include  "SHELL=CMD" "COMPILER=arm-none-eabi-gcc" "ARCHIVER=arm-none-eabi-ar" "COMPILER_FLAGS=  -O2 -c" "EXTRA_COMPILER_FLAGS=-mcpu=cortex-a9 -mfpu=vfpv3 -mfloat-abi=hard -nostartfiles -g -Wall -Wextra"
"Running Make include in ps7_cortexa9_0/libsrc/gpiops_v3_4/src"
make -C ps7_cortexa9_0/libsrc/gpiops_v3_4/src -s include  "SHELL=CMD" "COMPILER=arm-none-eabi-gcc" "ARCHIVER=arm-none-eabi-ar" "COMPILER_FLAGS=  -O2 -c" "EXTRA_COMPILER_FLAGS=-mcpu=cortex-a9 -mfpu=vfpv3 -mfloat-abi=hard -nostartfiles -g -Wall -Wextra"
"Running Make include in ps7_cortexa9_0/libsrc/qspips_v3_5/src"
make -C ps7_cortexa9_0/libsrc/qspips_v3_5/src -s include  "SHELL=CMD" "COMPILER=arm-none-eabi-gcc" "ARCHIVER=arm-none-eabi-ar" "COMPILER_FLAGS=  -O2 -c" "EXTRA_COMPILER_FLAGS=-mcpu=cortex-a9 -mfpu=vfpv3 -mfloat-abi=hard -nostartfiles -g -Wall -Wextra"
"Running Make include in ps7_cortexa9_0/libsrc/scugic_v3_10/src"
make -C ps7_cortexa9_0/libsrc/scugic_v3_10/src -s include  "SHELL=CMD" "COMPILER=arm-none-eabi-gcc" "ARCHIVER=arm-none-eabi-ar" "COMPILER_FLAGS=  -O2 -c" "EXTRA_COMPILER_FLAGS=-mcpu=cortex-a9 -mfpu=vfpv3 -mfloat-abi=hard -nostartfiles -g -Wall -Wextra"
"Running Make include in ps7_cortexa9_0/libsrc/scutimer_v2_1/src"
make -C ps7_cortexa9_0/libsrc/scutimer_v2_1/src -s include  "SHELL=CMD" "COMPILER=arm-none-eabi-gcc" "ARCHIVER=arm-none-eabi-ar" "COMPILER_FLAGS=  -O2 -c" "EXTRA_COMPILER_FLAGS=-mcpu=cortex-a9 -mfpu=vfpv3 -mfloat-abi=hard -nostartfiles -g -Wall -Wextra"
"Running Make include in ps7_cortexa9_0/libsrc/scuwdt_v2_1/src"
make -C ps7_cortexa9_0/libsrc/scuwdt_v2_1/src -s include  "SHELL=CMD" "COMPILER=arm-none-eabi-gcc" "ARCHIVER=arm-none-eabi-ar" "COMPILER_FLAGS=  -O2 -c" "EXTRA_COMPILER_FLAGS=-mcpu=cortex-a9 -mfpu=vfpv3 -mfloat-abi=hard -nostartfiles -g -Wall -Wextra"
"Running Make include in ps7_cortexa9_0/libsrc/sdps_v3_6/src"
make -C ps7_cortexa9_0/libsrc/sdps_v3_6/src -s include  "SHELL=CMD" "COMPILER=arm-none-eabi-gcc" "ARCHIVER=arm-none-eabi-ar" "COMPILER_FLAGS=  -O2 -c" "EXTRA_COMPILER_FLAGS=-mcpu=cortex-a9 -mfpu=vfpv3 -mfloat-abi=hard -nostartfiles -g -Wall -Wextra"
"Running Make include in ps7_cortexa9_0/libsrc/ttcps_v3_7/src"
make -C ps7_cortexa9_0/libsrc/ttcps_v3_7/src -s include  "SHELL=CMD" "COMPILER=arm-none-eabi-gcc" "ARCHIVER=arm-none-eabi-ar" "COMPILER_FLAGS=  -O2 -c" "EXTRA_COMPILER_FLAGS=-mcpu=cortex-a9 -mfpu=vfpv3 -mfloat-abi=hard -nostartfiles -g -Wall -Wextra"
"Running Make include in ps7_cortexa9_0/libsrc/uartps_v3_7/src"
make -C ps7_cortexa9_0/libsrc/uartps_v3_7/src -s include  "SHELL=CMD" "COMPILER=arm-none-eabi-gcc" "ARCHIVER=arm-none-eabi-ar" "COMPILER_FLAGS=  -O2 -c" "EXTRA_COMPILER_FLAGS=-mcpu=cortex-a9 -mfpu=vfpv3 -mfloat-abi=hard -nostartfiles -g -Wall -Wextra"
"Running Make include in ps7_cortexa9_0/libsrc/usbps_v2_4/src"
make -C ps7_cortexa9_0/libsrc/usbps_v2_4/src -s include  "SHELL=CMD" "COMPILER=arm-none-eabi-gcc" "ARCHIVER=arm-none-eabi-ar" "COMPILER_FLAGS=  -O2 -c" "EXTRA_COMPILER_FLAGS=-mcpu=cortex-a9 -mfpu=vfpv3 -mfloat-abi=hard -nostartfiles -g -Wall -Wextra"
"Running Make include in ps7_cortexa9_0/libsrc/xadcps_v2_3/src"
make -C ps7_cortexa9_0/libsrc/xadcps_v2_3/src -s include  "SHELL=CMD" "COMPILER=arm-none-eabi-gcc" "ARCHIVER=arm-none-eabi-ar" "COMPILER_FLAGS=  -O2 -c" "EXTRA_COMPILER_FLAGS=-mcpu=cortex-a9 -mfpu=vfpv3 -mfloat-abi=hard -nostartfiles -g -Wall -Wextra"
"Running Make libs in ps7_cortexa9_0/libsrc/cpu_cortexa9_v2_7/src"
make -C ps7_cortexa9_0/libsrc/cpu_cortexa9_v2_7/src -s libs  "SHELL=CMD" "COMPILER=arm-none-eabi-gcc" "ARCHIVER=arm-none-eabi-ar" "COMPILER_FLAGS=  -O2 -c" "EXTRA_COMPILER_FLAGS=-mcpu=cortex-a9 -mfpu=vfpv3 -mfloat-abi=hard -nostartfiles -g -Wall -Wextra"
"Compiling cpu_cortexa9"
"Running Make libs in ps7_cortexa9_0/libsrc/standalone_v6_8/src"
make -C ps7_cortexa9_0/libsrc/standalone_v6_8/src -s libs  "SHELL=CMD" "COMPILER=arm-none-eabi-gcc" "ARCHIVER=arm-none-eabi-ar" "COMPILER_FLAGS=  -O2 -c" "EXTRA_COMPILER_FLAGS=-mcpu=cortex-a9 -mfpu=vfpv3 -mfloat-abi=hard -nostartfiles -g -Wall -Wextra"
"Compiling standalone"
In file included from usleep.c:56:0:
xtime_l.h:87:9: note: #pragma message: For the sleep routines, Global timer is being used
 #pragma message ("For the sleep routines, Global timer is being used")
         ^~~~~~~
In file included from sleep.c:53:0:
xtime_l.h:87:9: note: #pragma message: For the sleep routines, Global timer is being used
 #pragma message ("For the sleep routines, Global timer is being used")
         ^~~~~~~
In file included from xil_sleeptimer.c:51:0:
xtime_l.h:87:9: note: #pragma message: For the sleep routines, Global timer is being used
 #pragma message ("For the sleep routines, Global timer is being used")
         ^~~~~~~
In file included from xtime_l.c:49:0:
xtime_l.h:87:9: note: #pragma message: For the sleep routines, Global timer is being used
 #pragma message ("For the sleep routines, Global timer is being used")
         ^~~~~~~
arm-none-eabi-ar: unable to rename '../../../lib/libxil.a'; reason: File exists
make[1]: *** [Makefile:66: standalone_libs] Error 1
make[1]: Target 'libs' not remade because of errors.
"Running Make libs in ps7_cortexa9_0/libsrc/audio_ip_v1_0/src"
make: *** [Makefile:30: ps7_cortexa9_0/libsrc/standalone_v6_8/src/make.libs] Error 2
make -C ps7_cortexa9_0/libsrc/audio_ip_v1_0/src -s libs  "SHELL=CMD" "COMPILER=arm-none-eabi-gcc" "ARCHIVER=arm-none-eabi-ar" "COMPILER_FLAGS=  -O2 -c" "EXTRA_COMPILER_FLAGS=-mcpu=cortex-a9 -mfpu=vfpv3 -mfloat-abi=hard -nostartfiles -g -Wall -Wextra"
"Compiling audio_ip..."
audio_ip_selftest.c: In function 'AUDIO_IP_Reg_SelfTest':
audio_ip_selftest.c:52:57: warning: comparison between signed and unsigned integer expressions [-Wsign-compare]
    if ( AUDIO_IP_mReadReg (baseaddr, read_loop_index*4) != (read_loop_index+1)*READ_WRITE_MUL_FACTOR){
                                                         ^~
audio_ip_selftest.c:36:6: warning: unused variable 'Index' [-Wunused-variable]
  int Index;
      ^~~~~
arm-none-eabi-ar: unable to rename '../../../lib/libxil.a'; reason: File exists
make[1]: *** [Makefile:19: libs] Error 1
"Running Make libs in ps7_cortexa9_0/libsrc/coresightps_dcc_v1_4/src"
make: *** [Makefile:30: ps7_cortexa9_0/libsrc/audio_ip_v1_0/src/make.libs] Error 2
make -C ps7_cortexa9_0/libsrc/coresightps_dcc_v1_4/src -s libs  "SHELL=CMD" "COMPILER=arm-none-eabi-gcc" "ARCHIVER=arm-none-eabi-ar" "COMPILER_FLAGS=  -O2 -c" "EXTRA_COMPILER_FLAGS=-mcpu=cortex-a9 -mfpu=vfpv3 -mfloat-abi=hard -nostartfiles -g -Wall -Wextra"
"Compiling coresightps_dcc"
arm-none-eabi-ar: unable to rename '../../../lib/libxil.a'; reason: File exists
make[1]: *** [Makefile:31: coresightps_dcc_comp_libs] Error 1
make[1]: Target 'libs' not remade because of errors.
"Running Make libs in ps7_cortexa9_0/libsrc/ddrps_v1_0/src"
make: *** [Makefile:30: ps7_cortexa9_0/libsrc/coresightps_dcc_v1_4/src/make.libs] Error 2
make -C ps7_cortexa9_0/libsrc/ddrps_v1_0/src -s libs  "SHELL=CMD" "COMPILER=arm-none-eabi-gcc" "ARCHIVER=arm-none-eabi-ar" "COMPILER_FLAGS=  -O2 -c" "EXTRA_COMPILER_FLAGS=-mcpu=cortex-a9 -mfpu=vfpv3 -mfloat-abi=hard -nostartfiles -g -Wall -Wextra"
"Compiling ddrps"
"Running Make libs in ps7_cortexa9_0/libsrc/devcfg_v3_5/src"
make -C ps7_cortexa9_0/libsrc/devcfg_v3_5/src -s libs  "SHELL=CMD" "COMPILER=arm-none-eabi-gcc" "ARCHIVER=arm-none-eabi-ar" "COMPILER_FLAGS=  -O2 -c" "EXTRA_COMPILER_FLAGS=-mcpu=cortex-a9 -mfpu=vfpv3 -mfloat-abi=hard -nostartfiles -g -Wall -Wextra"
"Compiling devcfg"
"Running Make libs in ps7_cortexa9_0/libsrc/dmaps_v2_4/src"
make -C ps7_cortexa9_0/libsrc/dmaps_v2_4/src -s libs  "SHELL=CMD" "COMPILER=arm-none-eabi-gcc" "ARCHIVER=arm-none-eabi-ar" "COMPILER_FLAGS=  -O2 -c" "EXTRA_COMPILER_FLAGS=-mcpu=cortex-a9 -mfpu=vfpv3 -mfloat-abi=hard -nostartfiles -g -Wall -Wextra"
"Compiling dmaps"
"Running Make libs in ps7_cortexa9_0/libsrc/emacps_v3_8/src"
make -C ps7_cortexa9_0/libsrc/emacps_v3_8/src -s libs  "SHELL=CMD" "COMPILER=arm-none-eabi-gcc" "ARCHIVER=arm-none-eabi-ar" "COMPILER_FLAGS=  -O2 -c" "EXTRA_COMPILER_FLAGS=-mcpu=cortex-a9 -mfpu=vfpv3 -mfloat-abi=hard -nostartfiles -g -Wall -Wextra"
"Compiling emacps"
"Running Make libs in ps7_cortexa9_0/libsrc/gpio_v4_3/src"
make -C ps7_cortexa9_0/libsrc/gpio_v4_3/src -s libs  "SHELL=CMD" "COMPILER=arm-none-eabi-gcc" "ARCHIVER=arm-none-eabi-ar" "COMPILER_FLAGS=  -O2 -c" "EXTRA_COMPILER_FLAGS=-mcpu=cortex-a9 -mfpu=vfpv3 -mfloat-abi=hard -nostartfiles -g -Wall -Wextra"
"Compiling gpio"
"Running Make libs in ps7_cortexa9_0/libsrc/gpiops_v3_4/src"
make -C ps7_cortexa9_0/libsrc/gpiops_v3_4/src -s libs  "SHELL=CMD" "COMPILER=arm-none-eabi-gcc" "ARCHIVER=arm-none-eabi-ar" "COMPILER_FLAGS=  -O2 -c" "EXTRA_COMPILER_FLAGS=-mcpu=cortex-a9 -mfpu=vfpv3 -mfloat-abi=hard -nostartfiles -g -Wall -Wextra"
"Compiling gpiops"
"Running Make libs in ps7_cortexa9_0/libsrc/qspips_v3_5/src"
make -C ps7_cortexa9_0/libsrc/qspips_v3_5/src -s libs  "SHELL=CMD" "COMPILER=arm-none-eabi-gcc" "ARCHIVER=arm-none-eabi-ar" "COMPILER_FLAGS=  -O2 -c" "EXTRA_COMPILER_FLAGS=-mcpu=cortex-a9 -mfpu=vfpv3 -mfloat-abi=hard -nostartfiles -g -Wall -Wextra"
"Compiling qspips"
"Running Make libs in ps7_cortexa9_0/libsrc/scugic_v3_10/src"
make -C ps7_cortexa9_0/libsrc/scugic_v3_10/src -s libs  "SHELL=CMD" "COMPILER=arm-none-eabi-gcc" "ARCHIVER=arm-none-eabi-ar" "COMPILER_FLAGS=  -O2 -c" "EXTRA_COMPILER_FLAGS=-mcpu=cortex-a9 -mfpu=vfpv3 -mfloat-abi=hard -nostartfiles -g -Wall -Wextra"
"Compiling scugic"
"Running Make libs in ps7_cortexa9_0/libsrc/scutimer_v2_1/src"
make -C ps7_cortexa9_0/libsrc/scutimer_v2_1/src -s libs  "SHELL=CMD" "COMPILER=arm-none-eabi-gcc" "ARCHIVER=arm-none-eabi-ar" "COMPILER_FLAGS=  -O2 -c" "EXTRA_COMPILER_FLAGS=-mcpu=cortex-a9 -mfpu=vfpv3 -mfloat-abi=hard -nostartfiles -g -Wall -Wextra"
"Compiling scutimer"
"Running Make libs in ps7_cortexa9_0/libsrc/scuwdt_v2_1/src"
make -C ps7_cortexa9_0/libsrc/scuwdt_v2_1/src -s libs  "SHELL=CMD" "COMPILER=arm-none-eabi-gcc" "ARCHIVER=arm-none-eabi-ar" "COMPILER_FLAGS=  -O2 -c" "EXTRA_COMPILER_FLAGS=-mcpu=cortex-a9 -mfpu=vfpv3 -mfloat-abi=hard -nostartfiles -g -Wall -Wextra"
"Compiling scuwdt"
"Running Make libs in ps7_cortexa9_0/libsrc/sdps_v3_6/src"
make -C ps7_cortexa9_0/libsrc/sdps_v3_6/src -s libs  "SHELL=CMD" "COMPILER=arm-none-eabi-gcc" "ARCHIVER=arm-none-eabi-ar" "COMPILER_FLAGS=  -O2 -c" "EXTRA_COMPILER_FLAGS=-mcpu=cortex-a9 -mfpu=vfpv3 -mfloat-abi=hard -nostartfiles -g -Wall -Wextra"
"Compiling sdps"
"Running Make libs in ps7_cortexa9_0/libsrc/ttcps_v3_7/src"
make -C ps7_cortexa9_0/libsrc/ttcps_v3_7/src -s libs  "SHELL=CMD" "COMPILER=arm-none-eabi-gcc" "ARCHIVER=arm-none-eabi-ar" "COMPILER_FLAGS=  -O2 -c" "EXTRA_COMPILER_FLAGS=-mcpu=cortex-a9 -mfpu=vfpv3 -mfloat-abi=hard -nostartfiles -g -Wall -Wextra"
"Compiling ttcps"
"Running Make libs in ps7_cortexa9_0/libsrc/uartps_v3_7/src"
make -C ps7_cortexa9_0/libsrc/uartps_v3_7/src -s libs  "SHELL=CMD" "COMPILER=arm-none-eabi-gcc" "ARCHIVER=arm-none-eabi-ar" "COMPILER_FLAGS=  -O2 -c" "EXTRA_COMPILER_FLAGS=-mcpu=cortex-a9 -mfpu=vfpv3 -mfloat-abi=hard -nostartfiles -g -Wall -Wextra"
"Compiling uartps"
"Running Make libs in ps7_cortexa9_0/libsrc/usbps_v2_4/src"
make -C ps7_cortexa9_0/libsrc/usbps_v2_4/src -s libs  "SHELL=CMD" "COMPILER=arm-none-eabi-gcc" "ARCHIVER=arm-none-eabi-ar" "COMPILER_FLAGS=  -O2 -c" "EXTRA_COMPILER_FLAGS=-mcpu=cortex-a9 -mfpu=vfpv3 -mfloat-abi=hard -nostartfiles -g -Wall -Wextra"
"Compiling usbps"
"Running Make libs in ps7_cortexa9_0/libsrc/xadcps_v2_3/src"
make -C ps7_cortexa9_0/libsrc/xadcps_v2_3/src -s libs  "SHELL=CMD" "COMPILER=arm-none-eabi-gcc" "ARCHIVER=arm-none-eabi-ar" "COMPILER_FLAGS=  -O2 -c" "EXTRA_COMPILER_FLAGS=-mcpu=cortex-a9 -mfpu=vfpv3 -mfloat-abi=hard -nostartfiles -g -Wall -Wextra"
"Compiling xadcps"
make: Target 'all' not remade because of errors.
16:13:25 **** Auto Build of configuration Debug for project H2 ****
make pre-build main-build 
a9-linaro-pre-build-step
' '
'Building file: ../src/helloworld.c'
'Invoking: ARM v7 gcc compiler'
arm-none-eabi-gcc -Wall -O0 -g3 -c -fmessage-length=0 -MT"src/helloworld.o" -mcpu=cortex-a9 -mfpu=vfpv3 -mfloat-abi=hard -I../../H2_bsp/ps7_cortexa9_0/include -MMD -MP -MF"src/helloworld.d" -MT"src/helloworld.o" -o "src/helloworld.o" "../src/helloworld.c"
'Finished building: ../src/helloworld.c'
' '
'Building file: ../src/platform.c'
'Invoking: ARM v7 gcc compiler'
arm-none-eabi-gcc -Wall -O0 -g3 -c -fmessage-length=0 -MT"src/platform.o" -mcpu=cortex-a9 -mfpu=vfpv3 -mfloat-abi=hard -I../../H2_bsp/ps7_cortexa9_0/include -MMD -MP -MF"src/platform.d" -MT"src/platform.o" -o "src/platform.o" "../src/platform.c"
'Finished building: ../src/platform.c'
' '
'Building target: H2.elf'
'Invoking: ARM v7 gcc linker'
arm-none-eabi-gcc -mcpu=cortex-a9 -mfpu=vfpv3 -mfloat-abi=hard -Wl,-build-id=none -specs=Xilinx.spec -Wl,-T -Wl,../src/lscript.ld -L../../H2_bsp/ps7_cortexa9_0/lib -o "H2.elf"  ./src/helloworld.o ./src/platform.o   -Wl,--start-group,-lxil,-lgcc,-lc,--end-group
'Finished building target: H2.elf'
' '
'Invoking: ARM v7 Print Size'
arm-none-eabi-size H2.elf  |tee "H2.elf.size"
   text	   data	    bss	    dec	    hex	filename
  23460	   1168	  22584	  47212	   b86c	H2.elf
'Finished building: H2.elf.size'
' '
16:15:31 **** Build of project H3_echo_bsp ****
make -k all 
"Running Make include in ps7_cortexa9_0/libsrc/cpu_cortexa9_v2_7/src"
make -C ps7_cortexa9_0/libsrc/cpu_cortexa9_v2_7/src -s include  "SHELL=CMD" "COMPILER=arm-none-eabi-gcc" "ARCHIVER=arm-none-eabi-ar" "COMPILER_FLAGS=  -O2 -c" "EXTRA_COMPILER_FLAGS=-mcpu=cortex-a9 -mfpu=vfpv3 -mfloat-abi=hard -nostartfiles -g -Wall -Wextra"
"Running Make include in ps7_cortexa9_0/libsrc/standalone_v6_8/src"
make -C ps7_cortexa9_0/libsrc/standalone_v6_8/src -s include  "SHELL=CMD" "COMPILER=arm-none-eabi-gcc" "ARCHIVER=arm-none-eabi-ar" "COMPILER_FLAGS=  -O2 -c" "EXTRA_COMPILER_FLAGS=-mcpu=cortex-a9 -mfpu=vfpv3 -mfloat-abi=hard -nostartfiles -g -Wall -Wextra"
"Running Make include in ps7_cortexa9_0/libsrc/lwip202_v1_2/src"
make -C ps7_cortexa9_0/libsrc/lwip202_v1_2/src -s include  "SHELL=CMD" "COMPILER=arm-none-eabi-gcc" "ARCHIVER=arm-none-eabi-ar" "COMPILER_FLAGS=  -O2 -c" "EXTRA_COMPILER_FLAGS=-mcpu=cortex-a9 -mfpu=vfpv3 -mfloat-abi=hard -nostartfiles -g -Wall -Wextra"
"Running Make include in ps7_cortexa9_0/libsrc/audio_ip_v1_0/src"
make -C ps7_cortexa9_0/libsrc/audio_ip_v1_0/src -s include  "SHELL=CMD" "COMPILER=arm-none-eabi-gcc" "ARCHIVER=arm-none-eabi-ar" "COMPILER_FLAGS=  -O2 -c" "EXTRA_COMPILER_FLAGS=-mcpu=cortex-a9 -mfpu=vfpv3 -mfloat-abi=hard -nostartfiles -g -Wall -Wextra"
"Running Make include in ps7_cortexa9_0/libsrc/coresightps_dcc_v1_4/src"
make -C ps7_cortexa9_0/libsrc/coresightps_dcc_v1_4/src -s include  "SHELL=CMD" "COMPILER=arm-none-eabi-gcc" "ARCHIVER=arm-none-eabi-ar" "COMPILER_FLAGS=  -O2 -c" "EXTRA_COMPILER_FLAGS=-mcpu=cortex-a9 -mfpu=vfpv3 -mfloat-abi=hard -nostartfiles -g -Wall -Wextra"
"Running Make include in ps7_cortexa9_0/libsrc/ddrps_v1_0/src"
make -C ps7_cortexa9_0/libsrc/ddrps_v1_0/src -s include  "SHELL=CMD" "COMPILER=arm-none-eabi-gcc" "ARCHIVER=arm-none-eabi-ar" "COMPILER_FLAGS=  -O2 -c" "EXTRA_COMPILER_FLAGS=-mcpu=cortex-a9 -mfpu=vfpv3 -mfloat-abi=hard -nostartfiles -g -Wall -Wextra"
"Running Make include in ps7_cortexa9_0/libsrc/devcfg_v3_5/src"
make -C ps7_cortexa9_0/libsrc/devcfg_v3_5/src -s include  "SHELL=CMD" "COMPILER=arm-none-eabi-gcc" "ARCHIVER=arm-none-eabi-ar" "COMPILER_FLAGS=  -O2 -c" "EXTRA_COMPILER_FLAGS=-mcpu=cortex-a9 -mfpu=vfpv3 -mfloat-abi=hard -nostartfiles -g -Wall -Wextra"
"Running Make include in ps7_cortexa9_0/libsrc/dmaps_v2_4/src"
make -C ps7_cortexa9_0/libsrc/dmaps_v2_4/src -s include  "SHELL=CMD" "COMPILER=arm-none-eabi-gcc" "ARCHIVER=arm-none-eabi-ar" "COMPILER_FLAGS=  -O2 -c" "EXTRA_COMPILER_FLAGS=-mcpu=cortex-a9 -mfpu=vfpv3 -mfloat-abi=hard -nostartfiles -g -Wall -Wextra"
"Running Make include in ps7_cortexa9_0/libsrc/emacps_v3_8/src"
make -C ps7_cortexa9_0/libsrc/emacps_v3_8/src -s include  "SHELL=CMD" "COMPILER=arm-none-eabi-gcc" "ARCHIVER=arm-none-eabi-ar" "COMPILER_FLAGS=  -O2 -c" "EXTRA_COMPILER_FLAGS=-mcpu=cortex-a9 -mfpu=vfpv3 -mfloat-abi=hard -nostartfiles -g -Wall -Wextra"
"Running Make include in ps7_cortexa9_0/libsrc/gpio_v4_3/src"
make -C ps7_cortexa9_0/libsrc/gpio_v4_3/src -s include  "SHELL=CMD" "COMPILER=arm-none-eabi-gcc" "ARCHIVER=arm-none-eabi-ar" "COMPILER_FLAGS=  -O2 -c" "EXTRA_COMPILER_FLAGS=-mcpu=cortex-a9 -mfpu=vfpv3 -mfloat-abi=hard -nostartfiles -g -Wall -Wextra"
"Running Make include in ps7_cortexa9_0/libsrc/qspips_v3_5/src"
make -C ps7_cortexa9_0/libsrc/qspips_v3_5/src -s include  "SHELL=CMD" "COMPILER=arm-none-eabi-gcc" "ARCHIVER=arm-none-eabi-ar" "COMPILER_FLAGS=  -O2 -c" "EXTRA_COMPILER_FLAGS=-mcpu=cortex-a9 -mfpu=vfpv3 -mfloat-abi=hard -nostartfiles -g -Wall -Wextra"
"Running Make include in ps7_cortexa9_0/libsrc/scugic_v3_10/src"
make -C ps7_cortexa9_0/libsrc/scugic_v3_10/src -s include  "SHELL=CMD" "COMPILER=arm-none-eabi-gcc" "ARCHIVER=arm-none-eabi-ar" "COMPILER_FLAGS=  -O2 -c" "EXTRA_COMPILER_FLAGS=-mcpu=cortex-a9 -mfpu=vfpv3 -mfloat-abi=hard -nostartfiles -g -Wall -Wextra"
"Running Make include in ps7_cortexa9_0/libsrc/scutimer_v2_1/src"
make -C ps7_cortexa9_0/libsrc/scutimer_v2_1/src -s include  "SHELL=CMD" "COMPILER=arm-none-eabi-gcc" "ARCHIVER=arm-none-eabi-ar" "COMPILER_FLAGS=  -O2 -c" "EXTRA_COMPILER_FLAGS=-mcpu=cortex-a9 -mfpu=vfpv3 -mfloat-abi=hard -nostartfiles -g -Wall -Wextra"
"Running Make include in ps7_cortexa9_0/libsrc/scuwdt_v2_1/src"
make -C ps7_cortexa9_0/libsrc/scuwdt_v2_1/src -s include  "SHELL=CMD" "COMPILER=arm-none-eabi-gcc" "ARCHIVER=arm-none-eabi-ar" "COMPILER_FLAGS=  -O2 -c" "EXTRA_COMPILER_FLAGS=-mcpu=cortex-a9 -mfpu=vfpv3 -mfloat-abi=hard -nostartfiles -g -Wall -Wextra"
"Running Make include in ps7_cortexa9_0/libsrc/ttcps_v3_7/src"
make -C ps7_cortexa9_0/libsrc/ttcps_v3_7/src -s include  "SHELL=CMD" "COMPILER=arm-none-eabi-gcc" "ARCHIVER=arm-none-eabi-ar" "COMPILER_FLAGS=  -O2 -c" "EXTRA_COMPILER_FLAGS=-mcpu=cortex-a9 -mfpu=vfpv3 -mfloat-abi=hard -nostartfiles -g -Wall -Wextra"
"Running Make include in ps7_cortexa9_0/libsrc/uartps_v3_7/src"
make -C ps7_cortexa9_0/libsrc/uartps_v3_7/src -s include  "SHELL=CMD" "COMPILER=arm-none-eabi-gcc" "ARCHIVER=arm-none-eabi-ar" "COMPILER_FLAGS=  -O2 -c" "EXTRA_COMPILER_FLAGS=-mcpu=cortex-a9 -mfpu=vfpv3 -mfloat-abi=hard -nostartfiles -g -Wall -Wextra"
"Running Make include in ps7_cortexa9_0/libsrc/xadcps_v2_3/src"
make -C ps7_cortexa9_0/libsrc/xadcps_v2_3/src -s include  "SHELL=CMD" "COMPILER=arm-none-eabi-gcc" "ARCHIVER=arm-none-eabi-ar" "COMPILER_FLAGS=  -O2 -c" "EXTRA_COMPILER_FLAGS=-mcpu=cortex-a9 -mfpu=vfpv3 -mfloat-abi=hard -nostartfiles -g -Wall -Wextra"
"Running Make libs in ps7_cortexa9_0/libsrc/cpu_cortexa9_v2_7/src"
make -C ps7_cortexa9_0/libsrc/cpu_cortexa9_v2_7/src -s libs  "SHELL=CMD" "COMPILER=arm-none-eabi-gcc" "ARCHIVER=arm-none-eabi-ar" "COMPILER_FLAGS=  -O2 -c" "EXTRA_COMPILER_FLAGS=-mcpu=cortex-a9 -mfpu=vfpv3 -mfloat-abi=hard -nostartfiles -g -Wall -Wextra"
"Compiling cpu_cortexa9"
"Running Make libs in ps7_cortexa9_0/libsrc/standalone_v6_8/src"
make -C ps7_cortexa9_0/libsrc/standalone_v6_8/src -s libs  "SHELL=CMD" "COMPILER=arm-none-eabi-gcc" "ARCHIVER=arm-none-eabi-ar" "COMPILER_FLAGS=  -O2 -c" "EXTRA_COMPILER_FLAGS=-mcpu=cortex-a9 -mfpu=vfpv3 -mfloat-abi=hard -nostartfiles -g -Wall -Wextra"
"Compiling standalone"
In file included from usleep.c:56:0:
xtime_l.h:87:9: note: #pragma message: For the sleep routines, Global timer is being used
 #pragma message ("For the sleep routines, Global timer is being used")
         ^~~~~~~
In file included from xil_sleeptimer.c:51:0:
xtime_l.h:87:9: note: #pragma message: For the sleep routines, Global timer is being used
 #pragma message ("For the sleep routines, Global timer is being used")
         ^~~~~~~
In file included from xtime_l.c:49:0:
xtime_l.h:87:9: note: #pragma message: For the sleep routines, Global timer is being used
 #pragma message ("For the sleep routines, Global timer is being used")
         ^~~~~~~
In file included from sleep.c:53:0:
xtime_l.h:87:9: note: #pragma message: For the sleep routines, Global timer is being used
 #pragma message ("For the sleep routines, Global timer is being used")
         ^~~~~~~
arm-none-eabi-ar: creating ../../../lib/libxil.a
"Running Make libs in ps7_cortexa9_0/libsrc/lwip202_v1_2/src"
make -C ps7_cortexa9_0/libsrc/lwip202_v1_2/src -s libs  "SHELL=CMD" "COMPILER=arm-none-eabi-gcc" "ARCHIVER=arm-none-eabi-ar" "COMPILER_FLAGS=  -O2 -c" "EXTRA_COMPILER_FLAGS=-mcpu=cortex-a9 -mfpu=vfpv3 -mfloat-abi=hard -nostartfiles -g -Wall -Wextra"
"Compiling lwip src and adapter files"
contrib/ports/xilinx/netif/xemacpsif.c: In function 'xemacpsif_init':
contrib/ports/xilinx/netif/xemacpsif.c:708:16: warning: assignment from incompatible pointer type [-Wincompatible-pointer-types]
  netif->output = xemacpsif_output;
                ^
In file included from ../../../include/xemacps.h:348:0,
                 from ../../../include/netif/xemacpsif.h:57,
                 from contrib/ports/xilinx/netif/xemacpsif_dma.c:37:
contrib/ports/xilinx/netif/xemacpsif_dma.c: In function 'init_dma':
../../../include/xemacps_hw.h:600:23: warning: 'bdrxterminate' may be used uninitialized in this function [-Wmaybe-uninitialized]
 #define XEmacPs_Out32 Xil_Out32
                       ^~~~~~~~~
contrib/ports/xilinx/netif/xemacpsif_dma.c:556:14: note: 'bdrxterminate' was declared here
  XEmacPs_Bd *bdrxterminate;
              ^~~~~~~~~~~~~
In file included from ../../../include/xemacps.h:349:0,
                 from ../../../include/netif/xemacpsif.h:57,
                 from contrib/ports/xilinx/netif/xemacpsif_dma.c:37:
../../../include/xemacps_bd.h:142:12: warning: 'bdtxterminate' may be used uninitialized in this function [-Wmaybe-uninitialized]
  (*(u32 *)((UINTPTR)((void*)(BaseAddress)) + (u32)(Offset)))
            ^
contrib/ports/xilinx/netif/xemacpsif_dma.c:555:14: note: 'bdtxterminate' was declared here
  XEmacPs_Bd *bdtxterminate;
              ^~~~~~~~~~~~~
"Running Make libs in ps7_cortexa9_0/libsrc/audio_ip_v1_0/src"
make -C ps7_cortexa9_0/libsrc/audio_ip_v1_0/src -s libs  "SHELL=CMD" "COMPILER=arm-none-eabi-gcc" "ARCHIVER=arm-none-eabi-ar" "COMPILER_FLAGS=  -O2 -c" "EXTRA_COMPILER_FLAGS=-mcpu=cortex-a9 -mfpu=vfpv3 -mfloat-abi=hard -nostartfiles -g -Wall -Wextra"
"Compiling audio_ip..."
audio_ip_selftest.c: In function 'AUDIO_IP_Reg_SelfTest':
audio_ip_selftest.c:52:57: warning: comparison between signed and unsigned integer expressions [-Wsign-compare]
    if ( AUDIO_IP_mReadReg (baseaddr, read_loop_index*4) != (read_loop_index+1)*READ_WRITE_MUL_FACTOR){
                                                         ^~
audio_ip_selftest.c:36:6: warning: unused variable 'Index' [-Wunused-variable]
  int Index;
      ^~~~~
"Running Make libs in ps7_cortexa9_0/libsrc/coresightps_dcc_v1_4/src"
make -C ps7_cortexa9_0/libsrc/coresightps_dcc_v1_4/src -s libs  "SHELL=CMD" "COMPILER=arm-none-eabi-gcc" "ARCHIVER=arm-none-eabi-ar" "COMPILER_FLAGS=  -O2 -c" "EXTRA_COMPILER_FLAGS=-mcpu=cortex-a9 -mfpu=vfpv3 -mfloat-abi=hard -nostartfiles -g -Wall -Wextra"
"Compiling coresightps_dcc"
"Running Make libs in ps7_cortexa9_0/libsrc/ddrps_v1_0/src"
make -C ps7_cortexa9_0/libsrc/ddrps_v1_0/src -s libs  "SHELL=CMD" "COMPILER=arm-none-eabi-gcc" "ARCHIVER=arm-none-eabi-ar" "COMPILER_FLAGS=  -O2 -c" "EXTRA_COMPILER_FLAGS=-mcpu=cortex-a9 -mfpu=vfpv3 -mfloat-abi=hard -nostartfiles -g -Wall -Wextra"
"Compiling ddrps"
"Running Make libs in ps7_cortexa9_0/libsrc/devcfg_v3_5/src"
make -C ps7_cortexa9_0/libsrc/devcfg_v3_5/src -s libs  "SHELL=CMD" "COMPILER=arm-none-eabi-gcc" "ARCHIVER=arm-none-eabi-ar" "COMPILER_FLAGS=  -O2 -c" "EXTRA_COMPILER_FLAGS=-mcpu=cortex-a9 -mfpu=vfpv3 -mfloat-abi=hard -nostartfiles -g -Wall -Wextra"
"Compiling devcfg"
"Running Make libs in ps7_cortexa9_0/libsrc/dmaps_v2_4/src"
make -C ps7_cortexa9_0/libsrc/dmaps_v2_4/src -s libs  "SHELL=CMD" "COMPILER=arm-none-eabi-gcc" "ARCHIVER=arm-none-eabi-ar" "COMPILER_FLAGS=  -O2 -c" "EXTRA_COMPILER_FLAGS=-mcpu=cortex-a9 -mfpu=vfpv3 -mfloat-abi=hard -nostartfiles -g -Wall -Wextra"
"Compiling dmaps"
"Running Make libs in ps7_cortexa9_0/libsrc/emacps_v3_8/src"
make -C ps7_cortexa9_0/libsrc/emacps_v3_8/src -s libs  "SHELL=CMD" "COMPILER=arm-none-eabi-gcc" "ARCHIVER=arm-none-eabi-ar" "COMPILER_FLAGS=  -O2 -c" "EXTRA_COMPILER_FLAGS=-mcpu=cortex-a9 -mfpu=vfpv3 -mfloat-abi=hard -nostartfiles -g -Wall -Wextra"
"Compiling emacps"
"Running Make libs in ps7_cortexa9_0/libsrc/gpio_v4_3/src"
make -C ps7_cortexa9_0/libsrc/gpio_v4_3/src -s libs  "SHELL=CMD" "COMPILER=arm-none-eabi-gcc" "ARCHIVER=arm-none-eabi-ar" "COMPILER_FLAGS=  -O2 -c" "EXTRA_COMPILER_FLAGS=-mcpu=cortex-a9 -mfpu=vfpv3 -mfloat-abi=hard -nostartfiles -g -Wall -Wextra"
"Compiling gpio"
"Running Make libs in ps7_cortexa9_0/libsrc/qspips_v3_5/src"
make -C ps7_cortexa9_0/libsrc/qspips_v3_5/src -s libs  "SHELL=CMD" "COMPILER=arm-none-eabi-gcc" "ARCHIVER=arm-none-eabi-ar" "COMPILER_FLAGS=  -O2 -c" "EXTRA_COMPILER_FLAGS=-mcpu=cortex-a9 -mfpu=vfpv3 -mfloat-abi=hard -nostartfiles -g -Wall -Wextra"
"Compiling qspips"
"Running Make libs in ps7_cortexa9_0/libsrc/scugic_v3_10/src"
make -C ps7_cortexa9_0/libsrc/scugic_v3_10/src -s libs  "SHELL=CMD" "COMPILER=arm-none-eabi-gcc" "ARCHIVER=arm-none-eabi-ar" "COMPILER_FLAGS=  -O2 -c" "EXTRA_COMPILER_FLAGS=-mcpu=cortex-a9 -mfpu=vfpv3 -mfloat-abi=hard -nostartfiles -g -Wall -Wextra"
"Compiling scugic"
"Running Make libs in ps7_cortexa9_0/libsrc/scutimer_v2_1/src"
make -C ps7_cortexa9_0/libsrc/scutimer_v2_1/src -s libs  "SHELL=CMD" "COMPILER=arm-none-eabi-gcc" "ARCHIVER=arm-none-eabi-ar" "COMPILER_FLAGS=  -O2 -c" "EXTRA_COMPILER_FLAGS=-mcpu=cortex-a9 -mfpu=vfpv3 -mfloat-abi=hard -nostartfiles -g -Wall -Wextra"
"Compiling scutimer"
"Running Make libs in ps7_cortexa9_0/libsrc/scuwdt_v2_1/src"
make -C ps7_cortexa9_0/libsrc/scuwdt_v2_1/src -s libs  "SHELL=CMD" "COMPILER=arm-none-eabi-gcc" "ARCHIVER=arm-none-eabi-ar" "COMPILER_FLAGS=  -O2 -c" "EXTRA_COMPILER_FLAGS=-mcpu=cortex-a9 -mfpu=vfpv3 -mfloat-abi=hard -nostartfiles -g -Wall -Wextra"
"Compiling scuwdt"
"Running Make libs in ps7_cortexa9_0/libsrc/ttcps_v3_7/src"
make -C ps7_cortexa9_0/libsrc/ttcps_v3_7/src -s libs  "SHELL=CMD" "COMPILER=arm-none-eabi-gcc" "ARCHIVER=arm-none-eabi-ar" "COMPILER_FLAGS=  -O2 -c" "EXTRA_COMPILER_FLAGS=-mcpu=cortex-a9 -mfpu=vfpv3 -mfloat-abi=hard -nostartfiles -g -Wall -Wextra"
"Compiling ttcps"
"Running Make libs in ps7_cortexa9_0/libsrc/uartps_v3_7/src"
make -C ps7_cortexa9_0/libsrc/uartps_v3_7/src -s libs  "SHELL=CMD" "COMPILER=arm-none-eabi-gcc" "ARCHIVER=arm-none-eabi-ar" "COMPILER_FLAGS=  -O2 -c" "EXTRA_COMPILER_FLAGS=-mcpu=cortex-a9 -mfpu=vfpv3 -mfloat-abi=hard -nostartfiles -g -Wall -Wextra"
"Compiling uartps"
"Running Make libs in ps7_cortexa9_0/libsrc/xadcps_v2_3/src"
make -C ps7_cortexa9_0/libsrc/xadcps_v2_3/src -s libs  "SHELL=CMD" "COMPILER=arm-none-eabi-gcc" "ARCHIVER=arm-none-eabi-ar" "COMPILER_FLAGS=  -O2 -c" "EXTRA_COMPILER_FLAGS=-mcpu=cortex-a9 -mfpu=vfpv3 -mfloat-abi=hard -nostartfiles -g -Wall -Wextra"
"Compiling xadcps"
'Finished building libraries'
16:16:26 **** Build of configuration Debug for project H3_echo ****
make pre-build main-build 
a9-linaro-pre-build-step
' '
'Building file: ../src/echo.c'
'Invoking: ARM v7 gcc compiler'
arm-none-eabi-gcc -Wall -O0 -g3 -c -fmessage-length=0 -MT"src/echo.o" -mcpu=cortex-a9 -mfpu=vfpv3 -mfloat-abi=hard -I../../H3_echo_bsp/ps7_cortexa9_0/include -MMD -MP -MF"src/echo.d" -MT"src/echo.o" -o "src/echo.o" "../src/echo.c"
'Finished building: ../src/echo.c'
' '
'Building file: ../src/i2c_access.c'
'Invoking: ARM v7 gcc compiler'
arm-none-eabi-gcc -Wall -O0 -g3 -c -fmessage-length=0 -MT"src/i2c_access.o" -mcpu=cortex-a9 -mfpu=vfpv3 -mfloat-abi=hard -I../../H3_echo_bsp/ps7_cortexa9_0/include -MMD -MP -MF"src/i2c_access.d" -MT"src/i2c_access.o" -o "src/i2c_access.o" "../src/i2c_access.c"
'Finished building: ../src/i2c_access.c'
' '
'Building file: ../src/iic_phyreset.c'
'Invoking: ARM v7 gcc compiler'
arm-none-eabi-gcc -Wall -O0 -g3 -c -fmessage-length=0 -MT"src/iic_phyreset.o" -mcpu=cortex-a9 -mfpu=vfpv3 -mfloat-abi=hard -I../../H3_echo_bsp/ps7_cortexa9_0/include -MMD -MP -MF"src/iic_phyreset.d" -MT"src/iic_phyreset.o" -o "src/iic_phyreset.o" "../src/iic_phyreset.c"
'Finished building: ../src/iic_phyreset.c'
' '
'Building file: ../src/main.c'
'Invoking: ARM v7 gcc compiler'
arm-none-eabi-gcc -Wall -O0 -g3 -c -fmessage-length=0 -MT"src/main.o" -mcpu=cortex-a9 -mfpu=vfpv3 -mfloat-abi=hard -I../../H3_echo_bsp/ps7_cortexa9_0/include -MMD -MP -MF"src/main.d" -MT"src/main.o" -o "src/main.o" "../src/main.c"
'Finished building: ../src/main.c'
' '
'Building file: ../src/platform.c'
'Invoking: ARM v7 gcc compiler'
arm-none-eabi-gcc -Wall -O0 -g3 -c -fmessage-length=0 -MT"src/platform.o" -mcpu=cortex-a9 -mfpu=vfpv3 -mfloat-abi=hard -I../../H3_echo_bsp/ps7_cortexa9_0/include -MMD -MP -MF"src/platform.d" -MT"src/platform.o" -o "src/platform.o" "../src/platform.c"
'Finished building: ../src/platform.c'
' '
'Building file: ../src/platform_mb.c'
'Invoking: ARM v7 gcc compiler'
arm-none-eabi-gcc -Wall -O0 -g3 -c -fmessage-length=0 -MT"src/platform_mb.o" -mcpu=cortex-a9 -mfpu=vfpv3 -mfloat-abi=hard -I../../H3_echo_bsp/ps7_cortexa9_0/include -MMD -MP -MF"src/platform_mb.d" -MT"src/platform_mb.o" -o "src/platform_mb.o" "../src/platform_mb.c"
'Finished building: ../src/platform_mb.c'
' '
'Building file: ../src/platform_ppc.c'
'Invoking: ARM v7 gcc compiler'
arm-none-eabi-gcc -Wall -O0 -g3 -c -fmessage-length=0 -MT"src/platform_ppc.o" -mcpu=cortex-a9 -mfpu=vfpv3 -mfloat-abi=hard -I../../H3_echo_bsp/ps7_cortexa9_0/include -MMD -MP -MF"src/platform_ppc.d" -MT"src/platform_ppc.o" -o "src/platform_ppc.o" "../src/platform_ppc.c"
'Finished building: ../src/platform_ppc.c'
' '
'Building file: ../src/platform_zynq.c'
'Invoking: ARM v7 gcc compiler'
arm-none-eabi-gcc -Wall -O0 -g3 -c -fmessage-length=0 -MT"src/platform_zynq.o" -mcpu=cortex-a9 -mfpu=vfpv3 -mfloat-abi=hard -I../../H3_echo_bsp/ps7_cortexa9_0/include -MMD -MP -MF"src/platform_zynq.d" -MT"src/platform_zynq.o" -o "src/platform_zynq.o" "../src/platform_zynq.c"
'Finished building: ../src/platform_zynq.c'
' '
'Building file: ../src/platform_zynqmp.c'
'Invoking: ARM v7 gcc compiler'
arm-none-eabi-gcc -Wall -O0 -g3 -c -fmessage-length=0 -MT"src/platform_zynqmp.o" -mcpu=cortex-a9 -mfpu=vfpv3 -mfloat-abi=hard -I../../H3_echo_bsp/ps7_cortexa9_0/include -MMD -MP -MF"src/platform_zynqmp.d" -MT"src/platform_zynqmp.o" -o "src/platform_zynqmp.o" "../src/platform_zynqmp.c"
'Finished building: ../src/platform_zynqmp.c'
' '
'Building file: ../src/sfp.c'
'Invoking: ARM v7 gcc compiler'
arm-none-eabi-gcc -Wall -O0 -g3 -c -fmessage-length=0 -MT"src/sfp.o" -mcpu=cortex-a9 -mfpu=vfpv3 -mfloat-abi=hard -I../../H3_echo_bsp/ps7_cortexa9_0/include -MMD -MP -MF"src/sfp.d" -MT"src/sfp.o" -o "src/sfp.o" "../src/sfp.c"
'Finished building: ../src/sfp.c'
' '
'Building file: ../src/si5324.c'
'Invoking: ARM v7 gcc compiler'
arm-none-eabi-gcc -Wall -O0 -g3 -c -fmessage-length=0 -MT"src/si5324.o" -mcpu=cortex-a9 -mfpu=vfpv3 -mfloat-abi=hard -I../../H3_echo_bsp/ps7_cortexa9_0/include -MMD -MP -MF"src/si5324.d" -MT"src/si5324.o" -o "src/si5324.o" "../src/si5324.c"
'Finished building: ../src/si5324.c'
' '
'Building target: H3_echo.elf'
'Invoking: ARM v7 gcc linker'
arm-none-eabi-gcc -mcpu=cortex-a9 -mfpu=vfpv3 -mfloat-abi=hard -Wl,-build-id=none -specs=Xilinx.spec -Wl,-T -Wl,../src/lscript.ld -L../../H3_echo_bsp/ps7_cortexa9_0/lib -o "H3_echo.elf"  ./src/echo.o ./src/i2c_access.o ./src/iic_phyreset.o ./src/main.o ./src/platform.o ./src/platform_mb.o ./src/platform_ppc.o ./src/platform_zynq.o ./src/platform_zynqmp.o ./src/sfp.o ./src/si5324.o   -Wl,--start-group,-lxil,-lgcc,-lc,--end-group -Wl,--start-group,-lxil,-llwip4,-lgcc,-lc,--end-group
'Finished building target: H3_echo.elf'
' '
'Invoking: ARM v7 Print Size'
arm-none-eabi-size H3_echo.elf  |tee "H3_echo.elf.size"
   text	   data	    bss	    dec	    hex	filename
 110856	   3040	5364000	5477896	 539608	H3_echo.elf
'Finished building: H3_echo.elf.size'
' '
16:16:32 **** Auto Build of configuration Debug for project H3_echo ****
make pre-build main-build 
a9-linaro-pre-build-step
' '
make: Nothing to be done for 'main-build'.
16:17:52 **** Auto Build of project H3_echo_bsp ****
make -k all 
"Running Make include in ps7_cortexa9_0/libsrc/cpu_cortexa9_v2_7/src"
make -C ps7_cortexa9_0/libsrc/cpu_cortexa9_v2_7/src -s include  "SHELL=CMD" "COMPILER=arm-none-eabi-gcc" "ARCHIVER=arm-none-eabi-ar" "COMPILER_FLAGS=  -O2 -c" "EXTRA_COMPILER_FLAGS=-mcpu=cortex-a9 -mfpu=vfpv3 -mfloat-abi=hard -nostartfiles -g -Wall -Wextra"
"Running Make include in ps7_cortexa9_0/libsrc/standalone_v6_8/src"
make -C ps7_cortexa9_0/libsrc/standalone_v6_8/src -s include  "SHELL=CMD" "COMPILER=arm-none-eabi-gcc" "ARCHIVER=arm-none-eabi-ar" "COMPILER_FLAGS=  -O2 -c" "EXTRA_COMPILER_FLAGS=-mcpu=cortex-a9 -mfpu=vfpv3 -mfloat-abi=hard -nostartfiles -g -Wall -Wextra"
"Running Make include in ps7_cortexa9_0/libsrc/lwip202_v1_2/src"
make -C ps7_cortexa9_0/libsrc/lwip202_v1_2/src -s include  "SHELL=CMD" "COMPILER=arm-none-eabi-gcc" "ARCHIVER=arm-none-eabi-ar" "COMPILER_FLAGS=  -O2 -c" "EXTRA_COMPILER_FLAGS=-mcpu=cortex-a9 -mfpu=vfpv3 -mfloat-abi=hard -nostartfiles -g -Wall -Wextra"
"Running Make include in ps7_cortexa9_0/libsrc/audio_ip_v1_0/src"
make -C ps7_cortexa9_0/libsrc/audio_ip_v1_0/src -s include  "SHELL=CMD" "COMPILER=arm-none-eabi-gcc" "ARCHIVER=arm-none-eabi-ar" "COMPILER_FLAGS=  -O2 -c" "EXTRA_COMPILER_FLAGS=-mcpu=cortex-a9 -mfpu=vfpv3 -mfloat-abi=hard -nostartfiles -g -Wall -Wextra"
"Running Make include in ps7_cortexa9_0/libsrc/coresightps_dcc_v1_4/src"
make -C ps7_cortexa9_0/libsrc/coresightps_dcc_v1_4/src -s include  "SHELL=CMD" "COMPILER=arm-none-eabi-gcc" "ARCHIVER=arm-none-eabi-ar" "COMPILER_FLAGS=  -O2 -c" "EXTRA_COMPILER_FLAGS=-mcpu=cortex-a9 -mfpu=vfpv3 -mfloat-abi=hard -nostartfiles -g -Wall -Wextra"
"Running Make include in ps7_cortexa9_0/libsrc/ddrps_v1_0/src"
make -C ps7_cortexa9_0/libsrc/ddrps_v1_0/src -s include  "SHELL=CMD" "COMPILER=arm-none-eabi-gcc" "ARCHIVER=arm-none-eabi-ar" "COMPILER_FLAGS=  -O2 -c" "EXTRA_COMPILER_FLAGS=-mcpu=cortex-a9 -mfpu=vfpv3 -mfloat-abi=hard -nostartfiles -g -Wall -Wextra"
"Running Make include in ps7_cortexa9_0/libsrc/devcfg_v3_5/src"
make -C ps7_cortexa9_0/libsrc/devcfg_v3_5/src -s include  "SHELL=CMD" "COMPILER=arm-none-eabi-gcc" "ARCHIVER=arm-none-eabi-ar" "COMPILER_FLAGS=  -O2 -c" "EXTRA_COMPILER_FLAGS=-mcpu=cortex-a9 -mfpu=vfpv3 -mfloat-abi=hard -nostartfiles -g -Wall -Wextra"
"Running Make include in ps7_cortexa9_0/libsrc/dmaps_v2_4/src"
make -C ps7_cortexa9_0/libsrc/dmaps_v2_4/src -s include  "SHELL=CMD" "COMPILER=arm-none-eabi-gcc" "ARCHIVER=arm-none-eabi-ar" "COMPILER_FLAGS=  -O2 -c" "EXTRA_COMPILER_FLAGS=-mcpu=cortex-a9 -mfpu=vfpv3 -mfloat-abi=hard -nostartfiles -g -Wall -Wextra"
"Running Make include in ps7_cortexa9_0/libsrc/emacps_v3_8/src"
make -C ps7_cortexa9_0/libsrc/emacps_v3_8/src -s include  "SHELL=CMD" "COMPILER=arm-none-eabi-gcc" "ARCHIVER=arm-none-eabi-ar" "COMPILER_FLAGS=  -O2 -c" "EXTRA_COMPILER_FLAGS=-mcpu=cortex-a9 -mfpu=vfpv3 -mfloat-abi=hard -nostartfiles -g -Wall -Wextra"
"Running Make include in ps7_cortexa9_0/libsrc/gpio_v4_3/src"
make -C ps7_cortexa9_0/libsrc/gpio_v4_3/src -s include  "SHELL=CMD" "COMPILER=arm-none-eabi-gcc" "ARCHIVER=arm-none-eabi-ar" "COMPILER_FLAGS=  -O2 -c" "EXTRA_COMPILER_FLAGS=-mcpu=cortex-a9 -mfpu=vfpv3 -mfloat-abi=hard -nostartfiles -g -Wall -Wextra"
"Running Make include in ps7_cortexa9_0/libsrc/qspips_v3_5/src"
make -C ps7_cortexa9_0/libsrc/qspips_v3_5/src -s include  "SHELL=CMD" "COMPILER=arm-none-eabi-gcc" "ARCHIVER=arm-none-eabi-ar" "COMPILER_FLAGS=  -O2 -c" "EXTRA_COMPILER_FLAGS=-mcpu=cortex-a9 -mfpu=vfpv3 -mfloat-abi=hard -nostartfiles -g -Wall -Wextra"
"Running Make include in ps7_cortexa9_0/libsrc/scugic_v3_10/src"
make -C ps7_cortexa9_0/libsrc/scugic_v3_10/src -s include  "SHELL=CMD" "COMPILER=arm-none-eabi-gcc" "ARCHIVER=arm-none-eabi-ar" "COMPILER_FLAGS=  -O2 -c" "EXTRA_COMPILER_FLAGS=-mcpu=cortex-a9 -mfpu=vfpv3 -mfloat-abi=hard -nostartfiles -g -Wall -Wextra"
"Running Make include in ps7_cortexa9_0/libsrc/scutimer_v2_1/src"
make -C ps7_cortexa9_0/libsrc/scutimer_v2_1/src -s include  "SHELL=CMD" "COMPILER=arm-none-eabi-gcc" "ARCHIVER=arm-none-eabi-ar" "COMPILER_FLAGS=  -O2 -c" "EXTRA_COMPILER_FLAGS=-mcpu=cortex-a9 -mfpu=vfpv3 -mfloat-abi=hard -nostartfiles -g -Wall -Wextra"
"Running Make include in ps7_cortexa9_0/libsrc/scuwdt_v2_1/src"
make -C ps7_cortexa9_0/libsrc/scuwdt_v2_1/src -s include  "SHELL=CMD" "COMPILER=arm-none-eabi-gcc" "ARCHIVER=arm-none-eabi-ar" "COMPILER_FLAGS=  -O2 -c" "EXTRA_COMPILER_FLAGS=-mcpu=cortex-a9 -mfpu=vfpv3 -mfloat-abi=hard -nostartfiles -g -Wall -Wextra"
"Running Make include in ps7_cortexa9_0/libsrc/ttcps_v3_7/src"
make -C ps7_cortexa9_0/libsrc/ttcps_v3_7/src -s include  "SHELL=CMD" "COMPILER=arm-none-eabi-gcc" "ARCHIVER=arm-none-eabi-ar" "COMPILER_FLAGS=  -O2 -c" "EXTRA_COMPILER_FLAGS=-mcpu=cortex-a9 -mfpu=vfpv3 -mfloat-abi=hard -nostartfiles -g -Wall -Wextra"
"Running Make include in ps7_cortexa9_0/libsrc/uartps_v3_7/src"
make -C ps7_cortexa9_0/libsrc/uartps_v3_7/src -s include  "SHELL=CMD" "COMPILER=arm-none-eabi-gcc" "ARCHIVER=arm-none-eabi-ar" "COMPILER_FLAGS=  -O2 -c" "EXTRA_COMPILER_FLAGS=-mcpu=cortex-a9 -mfpu=vfpv3 -mfloat-abi=hard -nostartfiles -g -Wall -Wextra"
"Running Make include in ps7_cortexa9_0/libsrc/xadcps_v2_3/src"
make -C ps7_cortexa9_0/libsrc/xadcps_v2_3/src -s include  "SHELL=CMD" "COMPILER=arm-none-eabi-gcc" "ARCHIVER=arm-none-eabi-ar" "COMPILER_FLAGS=  -O2 -c" "EXTRA_COMPILER_FLAGS=-mcpu=cortex-a9 -mfpu=vfpv3 -mfloat-abi=hard -nostartfiles -g -Wall -Wextra"
"Running Make libs in ps7_cortexa9_0/libsrc/cpu_cortexa9_v2_7/src"
make -C ps7_cortexa9_0/libsrc/cpu_cortexa9_v2_7/src -s libs  "SHELL=CMD" "COMPILER=arm-none-eabi-gcc" "ARCHIVER=arm-none-eabi-ar" "COMPILER_FLAGS=  -O2 -c" "EXTRA_COMPILER_FLAGS=-mcpu=cortex-a9 -mfpu=vfpv3 -mfloat-abi=hard -nostartfiles -g -Wall -Wextra"
"Compiling cpu_cortexa9"
"Running Make libs in ps7_cortexa9_0/libsrc/standalone_v6_8/src"
make -C ps7_cortexa9_0/libsrc/standalone_v6_8/src -s libs  "SHELL=CMD" "COMPILER=arm-none-eabi-gcc" "ARCHIVER=arm-none-eabi-ar" "COMPILER_FLAGS=  -O2 -c" "EXTRA_COMPILER_FLAGS=-mcpu=cortex-a9 -mfpu=vfpv3 -mfloat-abi=hard -nostartfiles -g -Wall -Wextra"
"Compiling standalone"
In file included from usleep.c:56:0:
xtime_l.h:87:9: note: #pragma message: For the sleep routines, Global timer is being used
 #pragma message ("For the sleep routines, Global timer is being used")
         ^~~~~~~
In file included from xil_sleeptimer.c:51:0:
xtime_l.h:87:9: note: #pragma message: For the sleep routines, Global timer is being used
 #pragma message ("For the sleep routines, Global timer is being used")
         ^~~~~~~
In file included from xtime_l.c:49:0:
xtime_l.h:87:9: note: #pragma message: For the sleep routines, Global timer is being used
 #pragma message ("For the sleep routines, Global timer is being used")
         ^~~~~~~
In file included from sleep.c:53:0:
xtime_l.h:87:9: note: #pragma message: For the sleep routines, Global timer is being used
 #pragma message ("For the sleep routines, Global timer is being used")
         ^~~~~~~
arm-none-eabi-ar: creating ../../../lib/libxil.a
"Running Make libs in ps7_cortexa9_0/libsrc/lwip202_v1_2/src"
make -C ps7_cortexa9_0/libsrc/lwip202_v1_2/src -s libs  "SHELL=CMD" "COMPILER=arm-none-eabi-gcc" "ARCHIVER=arm-none-eabi-ar" "COMPILER_FLAGS=  -O2 -c" "EXTRA_COMPILER_FLAGS=-mcpu=cortex-a9 -mfpu=vfpv3 -mfloat-abi=hard -nostartfiles -g -Wall -Wextra"
"Compiling lwip src and adapter files"
contrib/ports/xilinx/netif/xemacpsif.c: In function 'xemacpsif_init':
contrib/ports/xilinx/netif/xemacpsif.c:708:16: warning: assignment from incompatible pointer type [-Wincompatible-pointer-types]
  netif->output = xemacpsif_output;
                ^
In file included from ../../../include/xemacps.h:348:0,
                 from ../../../include/netif/xemacpsif.h:57,
                 from contrib/ports/xilinx/netif/xemacpsif_dma.c:37:
contrib/ports/xilinx/netif/xemacpsif_dma.c: In function 'init_dma':
../../../include/xemacps_hw.h:600:23: warning: 'bdrxterminate' may be used uninitialized in this function [-Wmaybe-uninitialized]
 #define XEmacPs_Out32 Xil_Out32
                       ^~~~~~~~~
contrib/ports/xilinx/netif/xemacpsif_dma.c:556:14: note: 'bdrxterminate' was declared here
  XEmacPs_Bd *bdrxterminate;
              ^~~~~~~~~~~~~
In file included from ../../../include/xemacps.h:349:0,
                 from ../../../include/netif/xemacpsif.h:57,
                 from contrib/ports/xilinx/netif/xemacpsif_dma.c:37:
../../../include/xemacps_bd.h:142:12: warning: 'bdtxterminate' may be used uninitialized in this function [-Wmaybe-uninitialized]
  (*(u32 *)((UINTPTR)((void*)(BaseAddress)) + (u32)(Offset)))
            ^
contrib/ports/xilinx/netif/xemacpsif_dma.c:555:14: note: 'bdtxterminate' was declared here
  XEmacPs_Bd *bdtxterminate;
              ^~~~~~~~~~~~~
"Running Make libs in ps7_cortexa9_0/libsrc/audio_ip_v1_0/src"
make -C ps7_cortexa9_0/libsrc/audio_ip_v1_0/src -s libs  "SHELL=CMD" "COMPILER=arm-none-eabi-gcc" "ARCHIVER=arm-none-eabi-ar" "COMPILER_FLAGS=  -O2 -c" "EXTRA_COMPILER_FLAGS=-mcpu=cortex-a9 -mfpu=vfpv3 -mfloat-abi=hard -nostartfiles -g -Wall -Wextra"
"Compiling audio_ip..."
audio_ip_selftest.c: In function 'AUDIO_IP_Reg_SelfTest':
audio_ip_selftest.c:52:57: warning: comparison between signed and unsigned integer expressions [-Wsign-compare]
    if ( AUDIO_IP_mReadReg (baseaddr, read_loop_index*4) != (read_loop_index+1)*READ_WRITE_MUL_FACTOR){
                                                         ^~
audio_ip_selftest.c:36:6: warning: unused variable 'Index' [-Wunused-variable]
  int Index;
      ^~~~~
"Running Make libs in ps7_cortexa9_0/libsrc/coresightps_dcc_v1_4/src"
make -C ps7_cortexa9_0/libsrc/coresightps_dcc_v1_4/src -s libs  "SHELL=CMD" "COMPILER=arm-none-eabi-gcc" "ARCHIVER=arm-none-eabi-ar" "COMPILER_FLAGS=  -O2 -c" "EXTRA_COMPILER_FLAGS=-mcpu=cortex-a9 -mfpu=vfpv3 -mfloat-abi=hard -nostartfiles -g -Wall -Wextra"
"Compiling coresightps_dcc"
"Running Make libs in ps7_cortexa9_0/libsrc/ddrps_v1_0/src"
make -C ps7_cortexa9_0/libsrc/ddrps_v1_0/src -s libs  "SHELL=CMD" "COMPILER=arm-none-eabi-gcc" "ARCHIVER=arm-none-eabi-ar" "COMPILER_FLAGS=  -O2 -c" "EXTRA_COMPILER_FLAGS=-mcpu=cortex-a9 -mfpu=vfpv3 -mfloat-abi=hard -nostartfiles -g -Wall -Wextra"
"Compiling ddrps"
"Running Make libs in ps7_cortexa9_0/libsrc/devcfg_v3_5/src"
make -C ps7_cortexa9_0/libsrc/devcfg_v3_5/src -s libs  "SHELL=CMD" "COMPILER=arm-none-eabi-gcc" "ARCHIVER=arm-none-eabi-ar" "COMPILER_FLAGS=  -O2 -c" "EXTRA_COMPILER_FLAGS=-mcpu=cortex-a9 -mfpu=vfpv3 -mfloat-abi=hard -nostartfiles -g -Wall -Wextra"
"Compiling devcfg"
"Running Make libs in ps7_cortexa9_0/libsrc/dmaps_v2_4/src"
make -C ps7_cortexa9_0/libsrc/dmaps_v2_4/src -s libs  "SHELL=CMD" "COMPILER=arm-none-eabi-gcc" "ARCHIVER=arm-none-eabi-ar" "COMPILER_FLAGS=  -O2 -c" "EXTRA_COMPILER_FLAGS=-mcpu=cortex-a9 -mfpu=vfpv3 -mfloat-abi=hard -nostartfiles -g -Wall -Wextra"
"Compiling dmaps"
"Running Make libs in ps7_cortexa9_0/libsrc/emacps_v3_8/src"
make -C ps7_cortexa9_0/libsrc/emacps_v3_8/src -s libs  "SHELL=CMD" "COMPILER=arm-none-eabi-gcc" "ARCHIVER=arm-none-eabi-ar" "COMPILER_FLAGS=  -O2 -c" "EXTRA_COMPILER_FLAGS=-mcpu=cortex-a9 -mfpu=vfpv3 -mfloat-abi=hard -nostartfiles -g -Wall -Wextra"
"Compiling emacps"
"Running Make libs in ps7_cortexa9_0/libsrc/gpio_v4_3/src"
make -C ps7_cortexa9_0/libsrc/gpio_v4_3/src -s libs  "SHELL=CMD" "COMPILER=arm-none-eabi-gcc" "ARCHIVER=arm-none-eabi-ar" "COMPILER_FLAGS=  -O2 -c" "EXTRA_COMPILER_FLAGS=-mcpu=cortex-a9 -mfpu=vfpv3 -mfloat-abi=hard -nostartfiles -g -Wall -Wextra"
"Compiling gpio"
"Running Make libs in ps7_cortexa9_0/libsrc/qspips_v3_5/src"
make -C ps7_cortexa9_0/libsrc/qspips_v3_5/src -s libs  "SHELL=CMD" "COMPILER=arm-none-eabi-gcc" "ARCHIVER=arm-none-eabi-ar" "COMPILER_FLAGS=  -O2 -c" "EXTRA_COMPILER_FLAGS=-mcpu=cortex-a9 -mfpu=vfpv3 -mfloat-abi=hard -nostartfiles -g -Wall -Wextra"
"Compiling qspips"
"Running Make libs in ps7_cortexa9_0/libsrc/scugic_v3_10/src"
make -C ps7_cortexa9_0/libsrc/scugic_v3_10/src -s libs  "SHELL=CMD" "COMPILER=arm-none-eabi-gcc" "ARCHIVER=arm-none-eabi-ar" "COMPILER_FLAGS=  -O2 -c" "EXTRA_COMPILER_FLAGS=-mcpu=cortex-a9 -mfpu=vfpv3 -mfloat-abi=hard -nostartfiles -g -Wall -Wextra"
"Compiling scugic"
"Running Make libs in ps7_cortexa9_0/libsrc/scutimer_v2_1/src"
make -C ps7_cortexa9_0/libsrc/scutimer_v2_1/src -s libs  "SHELL=CMD" "COMPILER=arm-none-eabi-gcc" "ARCHIVER=arm-none-eabi-ar" "COMPILER_FLAGS=  -O2 -c" "EXTRA_COMPILER_FLAGS=-mcpu=cortex-a9 -mfpu=vfpv3 -mfloat-abi=hard -nostartfiles -g -Wall -Wextra"
"Compiling scutimer"
"Running Make libs in ps7_cortexa9_0/libsrc/scuwdt_v2_1/src"
make -C ps7_cortexa9_0/libsrc/scuwdt_v2_1/src -s libs  "SHELL=CMD" "COMPILER=arm-none-eabi-gcc" "ARCHIVER=arm-none-eabi-ar" "COMPILER_FLAGS=  -O2 -c" "EXTRA_COMPILER_FLAGS=-mcpu=cortex-a9 -mfpu=vfpv3 -mfloat-abi=hard -nostartfiles -g -Wall -Wextra"
"Compiling scuwdt"
"Running Make libs in ps7_cortexa9_0/libsrc/ttcps_v3_7/src"
make -C ps7_cortexa9_0/libsrc/ttcps_v3_7/src -s libs  "SHELL=CMD" "COMPILER=arm-none-eabi-gcc" "ARCHIVER=arm-none-eabi-ar" "COMPILER_FLAGS=  -O2 -c" "EXTRA_COMPILER_FLAGS=-mcpu=cortex-a9 -mfpu=vfpv3 -mfloat-abi=hard -nostartfiles -g -Wall -Wextra"
"Compiling ttcps"
"Running Make libs in ps7_cortexa9_0/libsrc/uartps_v3_7/src"
make -C ps7_cortexa9_0/libsrc/uartps_v3_7/src -s libs  "SHELL=CMD" "COMPILER=arm-none-eabi-gcc" "ARCHIVER=arm-none-eabi-ar" "COMPILER_FLAGS=  -O2 -c" "EXTRA_COMPILER_FLAGS=-mcpu=cortex-a9 -mfpu=vfpv3 -mfloat-abi=hard -nostartfiles -g -Wall -Wextra"
"Compiling uartps"
"Running Make libs in ps7_cortexa9_0/libsrc/xadcps_v2_3/src"
make -C ps7_cortexa9_0/libsrc/xadcps_v2_3/src -s libs  "SHELL=CMD" "COMPILER=arm-none-eabi-gcc" "ARCHIVER=arm-none-eabi-ar" "COMPILER_FLAGS=  -O2 -c" "EXTRA_COMPILER_FLAGS=-mcpu=cortex-a9 -mfpu=vfpv3 -mfloat-abi=hard -nostartfiles -g -Wall -Wextra"
"Compiling xadcps"
'Finished building libraries'
16:18:42 **** Auto Build of configuration Debug for project H3_echo ****
make pre-build main-build 
a9-linaro-pre-build-step
' '
'Building file: ../src/echo.c'
'Invoking: ARM v7 gcc compiler'
arm-none-eabi-gcc -Wall -O0 -g3 -c -fmessage-length=0 -MT"src/echo.o" -mcpu=cortex-a9 -mfpu=vfpv3 -mfloat-abi=hard -I../../H3_echo_bsp/ps7_cortexa9_0/include -MMD -MP -MF"src/echo.d" -MT"src/echo.o" -o "src/echo.o" "../src/echo.c"
'Finished building: ../src/echo.c'
' '
'Building file: ../src/i2c_access.c'
'Invoking: ARM v7 gcc compiler'
arm-none-eabi-gcc -Wall -O0 -g3 -c -fmessage-length=0 -MT"src/i2c_access.o" -mcpu=cortex-a9 -mfpu=vfpv3 -mfloat-abi=hard -I../../H3_echo_bsp/ps7_cortexa9_0/include -MMD -MP -MF"src/i2c_access.d" -MT"src/i2c_access.o" -o "src/i2c_access.o" "../src/i2c_access.c"
'Finished building: ../src/i2c_access.c'
' '
'Building file: ../src/iic_phyreset.c'
'Invoking: ARM v7 gcc compiler'
arm-none-eabi-gcc -Wall -O0 -g3 -c -fmessage-length=0 -MT"src/iic_phyreset.o" -mcpu=cortex-a9 -mfpu=vfpv3 -mfloat-abi=hard -I../../H3_echo_bsp/ps7_cortexa9_0/include -MMD -MP -MF"src/iic_phyreset.d" -MT"src/iic_phyreset.o" -o "src/iic_phyreset.o" "../src/iic_phyreset.c"
'Finished building: ../src/iic_phyreset.c'
' '
'Building file: ../src/main.c'
'Invoking: ARM v7 gcc compiler'
arm-none-eabi-gcc -Wall -O0 -g3 -c -fmessage-length=0 -MT"src/main.o" -mcpu=cortex-a9 -mfpu=vfpv3 -mfloat-abi=hard -I../../H3_echo_bsp/ps7_cortexa9_0/include -MMD -MP -MF"src/main.d" -MT"src/main.o" -o "src/main.o" "../src/main.c"
'Finished building: ../src/main.c'
' '
'Building file: ../src/platform_zynq.c'
'Invoking: ARM v7 gcc compiler'
arm-none-eabi-gcc -Wall -O0 -g3 -c -fmessage-length=0 -MT"src/platform_zynq.o" -mcpu=cortex-a9 -mfpu=vfpv3 -mfloat-abi=hard -I../../H3_echo_bsp/ps7_cortexa9_0/include -MMD -MP -MF"src/platform_zynq.d" -MT"src/platform_zynq.o" -o "src/platform_zynq.o" "../src/platform_zynq.c"
'Finished building: ../src/platform_zynq.c'
' '
'Building file: ../src/platform_zynqmp.c'
'Invoking: ARM v7 gcc compiler'
arm-none-eabi-gcc -Wall -O0 -g3 -c -fmessage-length=0 -MT"src/platform_zynqmp.o" -mcpu=cortex-a9 -mfpu=vfpv3 -mfloat-abi=hard -I../../H3_echo_bsp/ps7_cortexa9_0/include -MMD -MP -MF"src/platform_zynqmp.d" -MT"src/platform_zynqmp.o" -o "src/platform_zynqmp.o" "../src/platform_zynqmp.c"
'Finished building: ../src/platform_zynqmp.c'
' '
'Building file: ../src/sfp.c'
'Invoking: ARM v7 gcc compiler'
arm-none-eabi-gcc -Wall -O0 -g3 -c -fmessage-length=0 -MT"src/sfp.o" -mcpu=cortex-a9 -mfpu=vfpv3 -mfloat-abi=hard -I../../H3_echo_bsp/ps7_cortexa9_0/include -MMD -MP -MF"src/sfp.d" -MT"src/sfp.o" -o "src/sfp.o" "../src/sfp.c"
'Finished building: ../src/sfp.c'
' '
'Building file: ../src/si5324.c'
'Invoking: ARM v7 gcc compiler'
arm-none-eabi-gcc -Wall -O0 -g3 -c -fmessage-length=0 -MT"src/si5324.o" -mcpu=cortex-a9 -mfpu=vfpv3 -mfloat-abi=hard -I../../H3_echo_bsp/ps7_cortexa9_0/include -MMD -MP -MF"src/si5324.d" -MT"src/si5324.o" -o "src/si5324.o" "../src/si5324.c"
'Finished building: ../src/si5324.c'
' '
'Building target: H3_echo.elf'
'Invoking: ARM v7 gcc linker'
arm-none-eabi-gcc -mcpu=cortex-a9 -mfpu=vfpv3 -mfloat-abi=hard -Wl,-build-id=none -specs=Xilinx.spec -Wl,-T -Wl,../src/lscript.ld -L../../H3_echo_bsp/ps7_cortexa9_0/lib -o "H3_echo.elf"  ./src/echo.o ./src/i2c_access.o ./src/iic_phyreset.o ./src/main.o ./src/platform.o ./src/platform_mb.o ./src/platform_ppc.o ./src/platform_zynq.o ./src/platform_zynqmp.o ./src/sfp.o ./src/si5324.o   -Wl,--start-group,-lxil,-lgcc,-lc,--end-group -Wl,--start-group,-lxil,-llwip4,-lgcc,-lc,--end-group
'Finished building target: H3_echo.elf'
' '
'Invoking: ARM v7 Print Size'
arm-none-eabi-size H3_echo.elf  |tee "H3_echo.elf.size"
   text	   data	    bss	    dec	    hex	filename
 110856	   3040	5364000	5477896	 539608	H3_echo.elf
'Finished building: H3_echo.elf.size'
' '
16:20:32 **** Auto Build of configuration Debug for project H3_echo ****
make pre-build main-build 
a9-linaro-pre-build-step
' '
'Building file: ../src/main.c'
'Invoking: ARM v7 gcc compiler'
arm-none-eabi-gcc -Wall -O0 -g3 -c -fmessage-length=0 -MT"src/main.o" -mcpu=cortex-a9 -mfpu=vfpv3 -mfloat-abi=hard -I../../H3_echo_bsp/ps7_cortexa9_0/include -MMD -MP -MF"src/main.d" -MT"src/main.o" -o "src/main.o" "../src/main.c"
'Finished building: ../src/main.c'
' '
'Building target: H3_echo.elf'
'Invoking: ARM v7 gcc linker'
arm-none-eabi-gcc -mcpu=cortex-a9 -mfpu=vfpv3 -mfloat-abi=hard -Wl,-build-id=none -specs=Xilinx.spec -Wl,-T -Wl,../src/lscript.ld -L../../H3_echo_bsp/ps7_cortexa9_0/lib -o "H3_echo.elf"  ./src/echo.o ./src/i2c_access.o ./src/iic_phyreset.o ./src/main.o ./src/platform.o ./src/platform_mb.o ./src/platform_ppc.o ./src/platform_zynq.o ./src/platform_zynqmp.o ./src/sfp.o ./src/si5324.o   -Wl,--start-group,-lxil,-lgcc,-lc,--end-group -Wl,--start-group,-lxil,-llwip4,-lgcc,-lc,--end-group
'Finished building target: H3_echo.elf'
' '
'Invoking: ARM v7 Print Size'
arm-none-eabi-size H3_echo.elf  |tee "H3_echo.elf.size"
   text	   data	    bss	    dec	    hex	filename
 110856	   3040	5364000	5477896	 539608	H3_echo.elf
'Finished building: H3_echo.elf.size'
' '
16:20:39 **** Incremental Build of configuration Debug for project H3_echo ****
make pre-build main-build 
a9-linaro-pre-build-step
' '
make: Nothing to be done for 'main-build'.
16:23:03 **** Auto Build of configuration Debug for project H3_echo ****
make pre-build main-build 
a9-linaro-pre-build-step
' '
'Building file: ../src/main.c'
'Invoking: ARM v7 gcc compiler'
arm-none-eabi-gcc -Wall -O0 -g3 -c -fmessage-length=0 -MT"src/main.o" -mcpu=cortex-a9 -mfpu=vfpv3 -mfloat-abi=hard -I../../H3_echo_bsp/ps7_cortexa9_0/include -MMD -MP -MF"src/main.d" -MT"src/main.o" -o "src/main.o" "../src/main.c"
'Finished building: ../src/main.c'
' '
'Building target: H3_echo.elf'
'Invoking: ARM v7 gcc linker'
arm-none-eabi-gcc -mcpu=cortex-a9 -mfpu=vfpv3 -mfloat-abi=hard -Wl,-build-id=none -specs=Xilinx.spec -Wl,-T -Wl,../src/lscript.ld -L../../H3_echo_bsp/ps7_cortexa9_0/lib -o "H3_echo.elf"  ./src/echo.o ./src/i2c_access.o ./src/iic_phyreset.o ./src/main.o ./src/platform.o ./src/platform_mb.o ./src/platform_ppc.o ./src/platform_zynq.o ./src/platform_zynqmp.o ./src/sfp.o ./src/si5324.o   -Wl,--start-group,-lxil,-lgcc,-lc,--end-group -Wl,--start-group,-lxil,-llwip4,-lgcc,-lc,--end-group
'Finished building target: H3_echo.elf'
' '
'Invoking: ARM v7 Print Size'
arm-none-eabi-size H3_echo.elf  |tee "H3_echo.elf.size"
   text	   data	    bss	    dec	    hex	filename
 110856	   3040	5364000	5477896	 539608	H3_echo.elf
'Finished building: H3_echo.elf.size'
' '
16:23:08 **** Incremental Build of configuration Debug for project H3_echo ****
make pre-build main-build 
a9-linaro-pre-build-step
' '
make: Nothing to be done for 'main-build'.
16:25:23 **** Auto Build of project H3_echo_bsp ****
make -k all 
"Running Make include in ps7_cortexa9_0/libsrc/cpu_cortexa9_v2_7/src"
make -C ps7_cortexa9_0/libsrc/cpu_cortexa9_v2_7/src -s include  "SHELL=CMD" "COMPILER=arm-none-eabi-gcc" "ARCHIVER=arm-none-eabi-ar" "COMPILER_FLAGS=  -O2 -c" "EXTRA_COMPILER_FLAGS=-mcpu=cortex-a9 -mfpu=vfpv3 -mfloat-abi=hard -nostartfiles -g -Wall -Wextra"
"Running Make include in ps7_cortexa9_0/libsrc/standalone_v6_8/src"
make -C ps7_cortexa9_0/libsrc/standalone_v6_8/src -s include  "SHELL=CMD" "COMPILER=arm-none-eabi-gcc" "ARCHIVER=arm-none-eabi-ar" "COMPILER_FLAGS=  -O2 -c" "EXTRA_COMPILER_FLAGS=-mcpu=cortex-a9 -mfpu=vfpv3 -mfloat-abi=hard -nostartfiles -g -Wall -Wextra"
"Running Make include in ps7_cortexa9_0/libsrc/lwip202_v1_2/src"
make -C ps7_cortexa9_0/libsrc/lwip202_v1_2/src -s include  "SHELL=CMD" "COMPILER=arm-none-eabi-gcc" "ARCHIVER=arm-none-eabi-ar" "COMPILER_FLAGS=  -O2 -c" "EXTRA_COMPILER_FLAGS=-mcpu=cortex-a9 -mfpu=vfpv3 -mfloat-abi=hard -nostartfiles -g -Wall -Wextra"
"Running Make include in ps7_cortexa9_0/libsrc/audio_ip_v1_0/src"
make -C ps7_cortexa9_0/libsrc/audio_ip_v1_0/src -s include  "SHELL=CMD" "COMPILER=arm-none-eabi-gcc" "ARCHIVER=arm-none-eabi-ar" "COMPILER_FLAGS=  -O2 -c" "EXTRA_COMPILER_FLAGS=-mcpu=cortex-a9 -mfpu=vfpv3 -mfloat-abi=hard -nostartfiles -g -Wall -Wextra"
"Running Make include in ps7_cortexa9_0/libsrc/coresightps_dcc_v1_4/src"
make -C ps7_cortexa9_0/libsrc/coresightps_dcc_v1_4/src -s include  "SHELL=CMD" "COMPILER=arm-none-eabi-gcc" "ARCHIVER=arm-none-eabi-ar" "COMPILER_FLAGS=  -O2 -c" "EXTRA_COMPILER_FLAGS=-mcpu=cortex-a9 -mfpu=vfpv3 -mfloat-abi=hard -nostartfiles -g -Wall -Wextra"
"Running Make include in ps7_cortexa9_0/libsrc/ddrps_v1_0/src"
make -C ps7_cortexa9_0/libsrc/ddrps_v1_0/src -s include  "SHELL=CMD" "COMPILER=arm-none-eabi-gcc" "ARCHIVER=arm-none-eabi-ar" "COMPILER_FLAGS=  -O2 -c" "EXTRA_COMPILER_FLAGS=-mcpu=cortex-a9 -mfpu=vfpv3 -mfloat-abi=hard -nostartfiles -g -Wall -Wextra"
"Running Make include in ps7_cortexa9_0/libsrc/devcfg_v3_5/src"
make -C ps7_cortexa9_0/libsrc/devcfg_v3_5/src -s include  "SHELL=CMD" "COMPILER=arm-none-eabi-gcc" "ARCHIVER=arm-none-eabi-ar" "COMPILER_FLAGS=  -O2 -c" "EXTRA_COMPILER_FLAGS=-mcpu=cortex-a9 -mfpu=vfpv3 -mfloat-abi=hard -nostartfiles -g -Wall -Wextra"
"Running Make include in ps7_cortexa9_0/libsrc/dmaps_v2_4/src"
make -C ps7_cortexa9_0/libsrc/dmaps_v2_4/src -s include  "SHELL=CMD" "COMPILER=arm-none-eabi-gcc" "ARCHIVER=arm-none-eabi-ar" "COMPILER_FLAGS=  -O2 -c" "EXTRA_COMPILER_FLAGS=-mcpu=cortex-a9 -mfpu=vfpv3 -mfloat-abi=hard -nostartfiles -g -Wall -Wextra"
"Running Make include in ps7_cortexa9_0/libsrc/emacps_v3_8/src"
make -C ps7_cortexa9_0/libsrc/emacps_v3_8/src -s include  "SHELL=CMD" "COMPILER=arm-none-eabi-gcc" "ARCHIVER=arm-none-eabi-ar" "COMPILER_FLAGS=  -O2 -c" "EXTRA_COMPILER_FLAGS=-mcpu=cortex-a9 -mfpu=vfpv3 -mfloat-abi=hard -nostartfiles -g -Wall -Wextra"
"Running Make include in ps7_cortexa9_0/libsrc/gpio_v4_3/src"
make -C ps7_cortexa9_0/libsrc/gpio_v4_3/src -s include  "SHELL=CMD" "COMPILER=arm-none-eabi-gcc" "ARCHIVER=arm-none-eabi-ar" "COMPILER_FLAGS=  -O2 -c" "EXTRA_COMPILER_FLAGS=-mcpu=cortex-a9 -mfpu=vfpv3 -mfloat-abi=hard -nostartfiles -g -Wall -Wextra"
"Running Make include in ps7_cortexa9_0/libsrc/qspips_v3_5/src"
make -C ps7_cortexa9_0/libsrc/qspips_v3_5/src -s include  "SHELL=CMD" "COMPILER=arm-none-eabi-gcc" "ARCHIVER=arm-none-eabi-ar" "COMPILER_FLAGS=  -O2 -c" "EXTRA_COMPILER_FLAGS=-mcpu=cortex-a9 -mfpu=vfpv3 -mfloat-abi=hard -nostartfiles -g -Wall -Wextra"
"Running Make include in ps7_cortexa9_0/libsrc/scugic_v3_10/src"
make -C ps7_cortexa9_0/libsrc/scugic_v3_10/src -s include  "SHELL=CMD" "COMPILER=arm-none-eabi-gcc" "ARCHIVER=arm-none-eabi-ar" "COMPILER_FLAGS=  -O2 -c" "EXTRA_COMPILER_FLAGS=-mcpu=cortex-a9 -mfpu=vfpv3 -mfloat-abi=hard -nostartfiles -g -Wall -Wextra"
"Running Make include in ps7_cortexa9_0/libsrc/scutimer_v2_1/src"
make -C ps7_cortexa9_0/libsrc/scutimer_v2_1/src -s include  "SHELL=CMD" "COMPILER=arm-none-eabi-gcc" "ARCHIVER=arm-none-eabi-ar" "COMPILER_FLAGS=  -O2 -c" "EXTRA_COMPILER_FLAGS=-mcpu=cortex-a9 -mfpu=vfpv3 -mfloat-abi=hard -nostartfiles -g -Wall -Wextra"
"Running Make include in ps7_cortexa9_0/libsrc/scuwdt_v2_1/src"
make -C ps7_cortexa9_0/libsrc/scuwdt_v2_1/src -s include  "SHELL=CMD" "COMPILER=arm-none-eabi-gcc" "ARCHIVER=arm-none-eabi-ar" "COMPILER_FLAGS=  -O2 -c" "EXTRA_COMPILER_FLAGS=-mcpu=cortex-a9 -mfpu=vfpv3 -mfloat-abi=hard -nostartfiles -g -Wall -Wextra"
"Running Make include in ps7_cortexa9_0/libsrc/ttcps_v3_7/src"
make -C ps7_cortexa9_0/libsrc/ttcps_v3_7/src -s include  "SHELL=CMD" "COMPILER=arm-none-eabi-gcc" "ARCHIVER=arm-none-eabi-ar" "COMPILER_FLAGS=  -O2 -c" "EXTRA_COMPILER_FLAGS=-mcpu=cortex-a9 -mfpu=vfpv3 -mfloat-abi=hard -nostartfiles -g -Wall -Wextra"
"Running Make include in ps7_cortexa9_0/libsrc/uartps_v3_7/src"
make -C ps7_cortexa9_0/libsrc/uartps_v3_7/src -s include  "SHELL=CMD" "COMPILER=arm-none-eabi-gcc" "ARCHIVER=arm-none-eabi-ar" "COMPILER_FLAGS=  -O2 -c" "EXTRA_COMPILER_FLAGS=-mcpu=cortex-a9 -mfpu=vfpv3 -mfloat-abi=hard -nostartfiles -g -Wall -Wextra"
"Running Make include in ps7_cortexa9_0/libsrc/xadcps_v2_3/src"
make -C ps7_cortexa9_0/libsrc/xadcps_v2_3/src -s include  "SHELL=CMD" "COMPILER=arm-none-eabi-gcc" "ARCHIVER=arm-none-eabi-ar" "COMPILER_FLAGS=  -O2 -c" "EXTRA_COMPILER_FLAGS=-mcpu=cortex-a9 -mfpu=vfpv3 -mfloat-abi=hard -nostartfiles -g -Wall -Wextra"
"Running Make libs in ps7_cortexa9_0/libsrc/cpu_cortexa9_v2_7/src"
make -C ps7_cortexa9_0/libsrc/cpu_cortexa9_v2_7/src -s libs  "SHELL=CMD" "COMPILER=arm-none-eabi-gcc" "ARCHIVER=arm-none-eabi-ar" "COMPILER_FLAGS=  -O2 -c" "EXTRA_COMPILER_FLAGS=-mcpu=cortex-a9 -mfpu=vfpv3 -mfloat-abi=hard -nostartfiles -g -Wall -Wextra"
"Compiling cpu_cortexa9"
"Running Make libs in ps7_cortexa9_0/libsrc/standalone_v6_8/src"
make -C ps7_cortexa9_0/libsrc/standalone_v6_8/src -s libs  "SHELL=CMD" "COMPILER=arm-none-eabi-gcc" "ARCHIVER=arm-none-eabi-ar" "COMPILER_FLAGS=  -O2 -c" "EXTRA_COMPILER_FLAGS=-mcpu=cortex-a9 -mfpu=vfpv3 -mfloat-abi=hard -nostartfiles -g -Wall -Wextra"
"Compiling standalone"
In file included from usleep.c:56:0:
xtime_l.h:87:9: note: #pragma message: For the sleep routines, Global timer is being used
 #pragma message ("For the sleep routines, Global timer is being used")
         ^~~~~~~
In file included from xil_sleeptimer.c:51:0:
xtime_l.h:87:9: note: #pragma message: For the sleep routines, Global timer is being used
 #pragma message ("For the sleep routines, Global timer is being used")
         ^~~~~~~
In file included from xtime_l.c:49:0:
xtime_l.h:87:9: note: #pragma message: For the sleep routines, Global timer is being used
 #pragma message ("For the sleep routines, Global timer is being used")
         ^~~~~~~
In file included from sleep.c:53:0:
xtime_l.h:87:9: note: #pragma message: For the sleep routines, Global timer is being used
 #pragma message ("For the sleep routines, Global timer is being used")
         ^~~~~~~
arm-none-eabi-ar: creating ../../../lib/libxil.a
"Running Make libs in ps7_cortexa9_0/libsrc/lwip202_v1_2/src"
make -C ps7_cortexa9_0/libsrc/lwip202_v1_2/src -s libs  "SHELL=CMD" "COMPILER=arm-none-eabi-gcc" "ARCHIVER=arm-none-eabi-ar" "COMPILER_FLAGS=  -O2 -c" "EXTRA_COMPILER_FLAGS=-mcpu=cortex-a9 -mfpu=vfpv3 -mfloat-abi=hard -nostartfiles -g -Wall -Wextra"
"Compiling lwip src and adapter files"
contrib/ports/xilinx/netif/xemacpsif.c: In function 'xemacpsif_init':
contrib/ports/xilinx/netif/xemacpsif.c:708:16: warning: assignment from incompatible pointer type [-Wincompatible-pointer-types]
  netif->output = xemacpsif_output;
                ^
In file included from ../../../include/xemacps.h:348:0,
                 from ../../../include/netif/xemacpsif.h:57,
                 from contrib/ports/xilinx/netif/xemacpsif_dma.c:37:
contrib/ports/xilinx/netif/xemacpsif_dma.c: In function 'init_dma':
../../../include/xemacps_hw.h:600:23: warning: 'bdrxterminate' may be used uninitialized in this function [-Wmaybe-uninitialized]
 #define XEmacPs_Out32 Xil_Out32
                       ^~~~~~~~~
contrib/ports/xilinx/netif/xemacpsif_dma.c:556:14: note: 'bdrxterminate' was declared here
  XEmacPs_Bd *bdrxterminate;
              ^~~~~~~~~~~~~
In file included from ../../../include/xemacps.h:349:0,
                 from ../../../include/netif/xemacpsif.h:57,
                 from contrib/ports/xilinx/netif/xemacpsif_dma.c:37:
../../../include/xemacps_bd.h:142:12: warning: 'bdtxterminate' may be used uninitialized in this function [-Wmaybe-uninitialized]
  (*(u32 *)((UINTPTR)((void*)(BaseAddress)) + (u32)(Offset)))
            ^
contrib/ports/xilinx/netif/xemacpsif_dma.c:555:14: note: 'bdtxterminate' was declared here
  XEmacPs_Bd *bdtxterminate;
              ^~~~~~~~~~~~~
"Running Make libs in ps7_cortexa9_0/libsrc/audio_ip_v1_0/src"
make -C ps7_cortexa9_0/libsrc/audio_ip_v1_0/src -s libs  "SHELL=CMD" "COMPILER=arm-none-eabi-gcc" "ARCHIVER=arm-none-eabi-ar" "COMPILER_FLAGS=  -O2 -c" "EXTRA_COMPILER_FLAGS=-mcpu=cortex-a9 -mfpu=vfpv3 -mfloat-abi=hard -nostartfiles -g -Wall -Wextra"
"Compiling audio_ip..."
audio_ip_selftest.c: In function 'AUDIO_IP_Reg_SelfTest':
audio_ip_selftest.c:52:57: warning: comparison between signed and unsigned integer expressions [-Wsign-compare]
    if ( AUDIO_IP_mReadReg (baseaddr, read_loop_index*4) != (read_loop_index+1)*READ_WRITE_MUL_FACTOR){
                                                         ^~
audio_ip_selftest.c:36:6: warning: unused variable 'Index' [-Wunused-variable]
  int Index;
      ^~~~~
"Running Make libs in ps7_cortexa9_0/libsrc/coresightps_dcc_v1_4/src"
make -C ps7_cortexa9_0/libsrc/coresightps_dcc_v1_4/src -s libs  "SHELL=CMD" "COMPILER=arm-none-eabi-gcc" "ARCHIVER=arm-none-eabi-ar" "COMPILER_FLAGS=  -O2 -c" "EXTRA_COMPILER_FLAGS=-mcpu=cortex-a9 -mfpu=vfpv3 -mfloat-abi=hard -nostartfiles -g -Wall -Wextra"
"Compiling coresightps_dcc"
"Running Make libs in ps7_cortexa9_0/libsrc/ddrps_v1_0/src"
make -C ps7_cortexa9_0/libsrc/ddrps_v1_0/src -s libs  "SHELL=CMD" "COMPILER=arm-none-eabi-gcc" "ARCHIVER=arm-none-eabi-ar" "COMPILER_FLAGS=  -O2 -c" "EXTRA_COMPILER_FLAGS=-mcpu=cortex-a9 -mfpu=vfpv3 -mfloat-abi=hard -nostartfiles -g -Wall -Wextra"
"Compiling ddrps"
"Running Make libs in ps7_cortexa9_0/libsrc/devcfg_v3_5/src"
make -C ps7_cortexa9_0/libsrc/devcfg_v3_5/src -s libs  "SHELL=CMD" "COMPILER=arm-none-eabi-gcc" "ARCHIVER=arm-none-eabi-ar" "COMPILER_FLAGS=  -O2 -c" "EXTRA_COMPILER_FLAGS=-mcpu=cortex-a9 -mfpu=vfpv3 -mfloat-abi=hard -nostartfiles -g -Wall -Wextra"
"Compiling devcfg"
"Running Make libs in ps7_cortexa9_0/libsrc/dmaps_v2_4/src"
make -C ps7_cortexa9_0/libsrc/dmaps_v2_4/src -s libs  "SHELL=CMD" "COMPILER=arm-none-eabi-gcc" "ARCHIVER=arm-none-eabi-ar" "COMPILER_FLAGS=  -O2 -c" "EXTRA_COMPILER_FLAGS=-mcpu=cortex-a9 -mfpu=vfpv3 -mfloat-abi=hard -nostartfiles -g -Wall -Wextra"
"Compiling dmaps"
"Running Make libs in ps7_cortexa9_0/libsrc/emacps_v3_8/src"
make -C ps7_cortexa9_0/libsrc/emacps_v3_8/src -s libs  "SHELL=CMD" "COMPILER=arm-none-eabi-gcc" "ARCHIVER=arm-none-eabi-ar" "COMPILER_FLAGS=  -O2 -c" "EXTRA_COMPILER_FLAGS=-mcpu=cortex-a9 -mfpu=vfpv3 -mfloat-abi=hard -nostartfiles -g -Wall -Wextra"
"Compiling emacps"
"Running Make libs in ps7_cortexa9_0/libsrc/gpio_v4_3/src"
make -C ps7_cortexa9_0/libsrc/gpio_v4_3/src -s libs  "SHELL=CMD" "COMPILER=arm-none-eabi-gcc" "ARCHIVER=arm-none-eabi-ar" "COMPILER_FLAGS=  -O2 -c" "EXTRA_COMPILER_FLAGS=-mcpu=cortex-a9 -mfpu=vfpv3 -mfloat-abi=hard -nostartfiles -g -Wall -Wextra"
"Compiling gpio"
"Running Make libs in ps7_cortexa9_0/libsrc/qspips_v3_5/src"
make -C ps7_cortexa9_0/libsrc/qspips_v3_5/src -s libs  "SHELL=CMD" "COMPILER=arm-none-eabi-gcc" "ARCHIVER=arm-none-eabi-ar" "COMPILER_FLAGS=  -O2 -c" "EXTRA_COMPILER_FLAGS=-mcpu=cortex-a9 -mfpu=vfpv3 -mfloat-abi=hard -nostartfiles -g -Wall -Wextra"
"Compiling qspips"
"Running Make libs in ps7_cortexa9_0/libsrc/scugic_v3_10/src"
make -C ps7_cortexa9_0/libsrc/scugic_v3_10/src -s libs  "SHELL=CMD" "COMPILER=arm-none-eabi-gcc" "ARCHIVER=arm-none-eabi-ar" "COMPILER_FLAGS=  -O2 -c" "EXTRA_COMPILER_FLAGS=-mcpu=cortex-a9 -mfpu=vfpv3 -mfloat-abi=hard -nostartfiles -g -Wall -Wextra"
"Compiling scugic"
"Running Make libs in ps7_cortexa9_0/libsrc/scutimer_v2_1/src"
make -C ps7_cortexa9_0/libsrc/scutimer_v2_1/src -s libs  "SHELL=CMD" "COMPILER=arm-none-eabi-gcc" "ARCHIVER=arm-none-eabi-ar" "COMPILER_FLAGS=  -O2 -c" "EXTRA_COMPILER_FLAGS=-mcpu=cortex-a9 -mfpu=vfpv3 -mfloat-abi=hard -nostartfiles -g -Wall -Wextra"
"Compiling scutimer"
"Running Make libs in ps7_cortexa9_0/libsrc/scuwdt_v2_1/src"
make -C ps7_cortexa9_0/libsrc/scuwdt_v2_1/src -s libs  "SHELL=CMD" "COMPILER=arm-none-eabi-gcc" "ARCHIVER=arm-none-eabi-ar" "COMPILER_FLAGS=  -O2 -c" "EXTRA_COMPILER_FLAGS=-mcpu=cortex-a9 -mfpu=vfpv3 -mfloat-abi=hard -nostartfiles -g -Wall -Wextra"
"Compiling scuwdt"
"Running Make libs in ps7_cortexa9_0/libsrc/ttcps_v3_7/src"
make -C ps7_cortexa9_0/libsrc/ttcps_v3_7/src -s libs  "SHELL=CMD" "COMPILER=arm-none-eabi-gcc" "ARCHIVER=arm-none-eabi-ar" "COMPILER_FLAGS=  -O2 -c" "EXTRA_COMPILER_FLAGS=-mcpu=cortex-a9 -mfpu=vfpv3 -mfloat-abi=hard -nostartfiles -g -Wall -Wextra"
"Compiling ttcps"
"Running Make libs in ps7_cortexa9_0/libsrc/uartps_v3_7/src"
make -C ps7_cortexa9_0/libsrc/uartps_v3_7/src -s libs  "SHELL=CMD" "COMPILER=arm-none-eabi-gcc" "ARCHIVER=arm-none-eabi-ar" "COMPILER_FLAGS=  -O2 -c" "EXTRA_COMPILER_FLAGS=-mcpu=cortex-a9 -mfpu=vfpv3 -mfloat-abi=hard -nostartfiles -g -Wall -Wextra"
"Compiling uartps"
"Running Make libs in ps7_cortexa9_0/libsrc/xadcps_v2_3/src"
make -C ps7_cortexa9_0/libsrc/xadcps_v2_3/src -s libs  "SHELL=CMD" "COMPILER=arm-none-eabi-gcc" "ARCHIVER=arm-none-eabi-ar" "COMPILER_FLAGS=  -O2 -c" "EXTRA_COMPILER_FLAGS=-mcpu=cortex-a9 -mfpu=vfpv3 -mfloat-abi=hard -nostartfiles -g -Wall -Wextra"
"Compiling xadcps"
'Finished building libraries'
16:26:14 **** Auto Build of configuration Debug for project H3_echo ****
make pre-build main-build 
a9-linaro-pre-build-step
' '
'Building file: ../src/echo.c'
'Invoking: ARM v7 gcc compiler'
arm-none-eabi-gcc -Wall -O0 -g3 -c -fmessage-length=0 -MT"src/echo.o" -mcpu=cortex-a9 -mfpu=vfpv3 -mfloat-abi=hard -I../../H3_echo_bsp/ps7_cortexa9_0/include -MMD -MP -MF"src/echo.d" -MT"src/echo.o" -o "src/echo.o" "../src/echo.c"
'Finished building: ../src/echo.c'
' '
'Building file: ../src/i2c_access.c'
'Invoking: ARM v7 gcc compiler'
arm-none-eabi-gcc -Wall -O0 -g3 -c -fmessage-length=0 -MT"src/i2c_access.o" -mcpu=cortex-a9 -mfpu=vfpv3 -mfloat-abi=hard -I../../H3_echo_bsp/ps7_cortexa9_0/include -MMD -MP -MF"src/i2c_access.d" -MT"src/i2c_access.o" -o "src/i2c_access.o" "../src/i2c_access.c"
'Finished building: ../src/i2c_access.c'
' '
'Building file: ../src/iic_phyreset.c'
'Invoking: ARM v7 gcc compiler'
arm-none-eabi-gcc -Wall -O0 -g3 -c -fmessage-length=0 -MT"src/iic_phyreset.o" -mcpu=cortex-a9 -mfpu=vfpv3 -mfloat-abi=hard -I../../H3_echo_bsp/ps7_cortexa9_0/include -MMD -MP -MF"src/iic_phyreset.d" -MT"src/iic_phyreset.o" -o "src/iic_phyreset.o" "../src/iic_phyreset.c"
'Finished building: ../src/iic_phyreset.c'
' '
'Building file: ../src/main.c'
'Invoking: ARM v7 gcc compiler'
arm-none-eabi-gcc -Wall -O0 -g3 -c -fmessage-length=0 -MT"src/main.o" -mcpu=cortex-a9 -mfpu=vfpv3 -mfloat-abi=hard -I../../H3_echo_bsp/ps7_cortexa9_0/include -MMD -MP -MF"src/main.d" -MT"src/main.o" -o "src/main.o" "../src/main.c"
'Finished building: ../src/main.c'
' '
'Building file: ../src/platform_zynq.c'
'Invoking: ARM v7 gcc compiler'
arm-none-eabi-gcc -Wall -O0 -g3 -c -fmessage-length=0 -MT"src/platform_zynq.o" -mcpu=cortex-a9 -mfpu=vfpv3 -mfloat-abi=hard -I../../H3_echo_bsp/ps7_cortexa9_0/include -MMD -MP -MF"src/platform_zynq.d" -MT"src/platform_zynq.o" -o "src/platform_zynq.o" "../src/platform_zynq.c"
'Finished building: ../src/platform_zynq.c'
' '
'Building file: ../src/platform_zynqmp.c'
'Invoking: ARM v7 gcc compiler'
arm-none-eabi-gcc -Wall -O0 -g3 -c -fmessage-length=0 -MT"src/platform_zynqmp.o" -mcpu=cortex-a9 -mfpu=vfpv3 -mfloat-abi=hard -I../../H3_echo_bsp/ps7_cortexa9_0/include -MMD -MP -MF"src/platform_zynqmp.d" -MT"src/platform_zynqmp.o" -o "src/platform_zynqmp.o" "../src/platform_zynqmp.c"
'Finished building: ../src/platform_zynqmp.c'
' '
'Building file: ../src/sfp.c'
'Invoking: ARM v7 gcc compiler'
arm-none-eabi-gcc -Wall -O0 -g3 -c -fmessage-length=0 -MT"src/sfp.o" -mcpu=cortex-a9 -mfpu=vfpv3 -mfloat-abi=hard -I../../H3_echo_bsp/ps7_cortexa9_0/include -MMD -MP -MF"src/sfp.d" -MT"src/sfp.o" -o "src/sfp.o" "../src/sfp.c"
'Finished building: ../src/sfp.c'
' '
'Building file: ../src/si5324.c'
'Invoking: ARM v7 gcc compiler'
arm-none-eabi-gcc -Wall -O0 -g3 -c -fmessage-length=0 -MT"src/si5324.o" -mcpu=cortex-a9 -mfpu=vfpv3 -mfloat-abi=hard -I../../H3_echo_bsp/ps7_cortexa9_0/include -MMD -MP -MF"src/si5324.d" -MT"src/si5324.o" -o "src/si5324.o" "../src/si5324.c"
'Finished building: ../src/si5324.c'
' '
'Building target: H3_echo.elf'
'Invoking: ARM v7 gcc linker'
arm-none-eabi-gcc -mcpu=cortex-a9 -mfpu=vfpv3 -mfloat-abi=hard -Wl,-build-id=none -specs=Xilinx.spec -Wl,-T -Wl,../src/lscript.ld -L../../H3_echo_bsp/ps7_cortexa9_0/lib -o "H3_echo.elf"  ./src/echo.o ./src/i2c_access.o ./src/iic_phyreset.o ./src/main.o ./src/platform.o ./src/platform_mb.o ./src/platform_ppc.o ./src/platform_zynq.o ./src/platform_zynqmp.o ./src/sfp.o ./src/si5324.o   -Wl,--start-group,-lxil,-lgcc,-lc,--end-group -Wl,--start-group,-lxil,-llwip4,-lgcc,-lc,--end-group
'Finished building target: H3_echo.elf'
' '
'Invoking: ARM v7 Print Size'
arm-none-eabi-size H3_echo.elf  |tee "H3_echo.elf.size"
   text	   data	    bss	    dec	    hex	filename
 101688	   3032	5364032	5468752	 537250	H3_echo.elf
'Finished building: H3_echo.elf.size'
' '
16:26:54 **** Incremental Build of configuration Debug for project H3_echo ****
make pre-build main-build 
a9-linaro-pre-build-step
' '
make: Nothing to be done for 'main-build'.
16:28:37 **** Incremental Build of configuration Debug for project H3_echo ****
make pre-build main-build 
a9-linaro-pre-build-step
' '
make: Nothing to be done for 'main-build'.
16:29:14 **** Auto Build of configuration Debug for project H3_echo ****
make pre-build main-build 
a9-linaro-pre-build-step
' '
'Building file: ../src/main.c'
'Invoking: ARM v7 gcc compiler'
arm-none-eabi-gcc -Wall -O0 -g3 -c -fmessage-length=0 -MT"src/main.o" -mcpu=cortex-a9 -mfpu=vfpv3 -mfloat-abi=hard -I../../H3_echo_bsp/ps7_cortexa9_0/include -MMD -MP -MF"src/main.d" -MT"src/main.o" -o "src/main.o" "../src/main.c"
'Finished building: ../src/main.c'
' '
'Building target: H3_echo.elf'
'Invoking: ARM v7 gcc linker'
arm-none-eabi-gcc -mcpu=cortex-a9 -mfpu=vfpv3 -mfloat-abi=hard -Wl,-build-id=none -specs=Xilinx.spec -Wl,-T -Wl,../src/lscript.ld -L../../H3_echo_bsp/ps7_cortexa9_0/lib -o "H3_echo.elf"  ./src/echo.o ./src/i2c_access.o ./src/iic_phyreset.o ./src/main.o ./src/platform.o ./src/platform_mb.o ./src/platform_ppc.o ./src/platform_zynq.o ./src/platform_zynqmp.o ./src/sfp.o ./src/si5324.o   -Wl,--start-group,-lxil,-lgcc,-lc,--end-group -Wl,--start-group,-lxil,-llwip4,-lgcc,-lc,--end-group
'Finished building target: H3_echo.elf'
' '
'Invoking: ARM v7 Print Size'
arm-none-eabi-size H3_echo.elf  |tee "H3_echo.elf.size"
   text	   data	    bss	    dec	    hex	filename
 101688	   3032	5364032	5468752	 537250	H3_echo.elf
'Finished building: H3_echo.elf.size'
' '
16:29:23 **** Incremental Build of configuration Debug for project H3_echo ****
make pre-build main-build 
a9-linaro-pre-build-step
' '
make: Nothing to be done for 'main-build'.
16:38:25 **** Auto Build of configuration Debug for project H3_echo ****
make pre-build main-build 
a9-linaro-pre-build-step
' '
'Building file: ../src/main.c'
'Invoking: ARM v7 gcc compiler'
arm-none-eabi-gcc -Wall -O0 -g3 -c -fmessage-length=0 -MT"src/main.o" -mcpu=cortex-a9 -mfpu=vfpv3 -mfloat-abi=hard -I../../H3_echo_bsp/ps7_cortexa9_0/include -MMD -MP -MF"src/main.d" -MT"src/main.o" -o "src/main.o" "../src/main.c"
'Finished building: ../src/main.c'
' '
'Building target: H3_echo.elf'
'Invoking: ARM v7 gcc linker'
arm-none-eabi-gcc -mcpu=cortex-a9 -mfpu=vfpv3 -mfloat-abi=hard -Wl,-build-id=none -specs=Xilinx.spec -Wl,-T -Wl,../src/lscript.ld -L../../H3_echo_bsp/ps7_cortexa9_0/lib -o "H3_echo.elf"  ./src/echo.o ./src/i2c_access.o ./src/iic_phyreset.o ./src/main.o ./src/platform.o ./src/platform_mb.o ./src/platform_ppc.o ./src/platform_zynq.o ./src/platform_zynqmp.o ./src/sfp.o ./src/si5324.o   -Wl,--start-group,-lxil,-lgcc,-lc,--end-group -Wl,--start-group,-lxil,-llwip4,-lgcc,-lc,--end-group
'Finished building target: H3_echo.elf'
' '
'Invoking: ARM v7 Print Size'
arm-none-eabi-size H3_echo.elf  |tee "H3_echo.elf.size"
   text	   data	    bss	    dec	    hex	filename
 101688	   3032	5364032	5468752	 537250	H3_echo.elf
'Finished building: H3_echo.elf.size'
' '
16:38:35 **** Incremental Build of configuration Debug for project H3_echo ****
make pre-build main-build 
a9-linaro-pre-build-step
' '
make: Nothing to be done for 'main-build'.
16:39:27 **** Incremental Build of configuration Debug for project H3_echo ****
make pre-build main-build 
a9-linaro-pre-build-step
' '
make: Nothing to be done for 'main-build'.
17:19:12 **** Auto Build of configuration Debug for project H3_echo ****
make pre-build main-build 
a9-linaro-pre-build-step
' '
'Building file: ../src/main.c'
'Invoking: ARM v7 gcc compiler'
arm-none-eabi-gcc -Wall -O0 -g3 -c -fmessage-length=0 -MT"src/main.o" -mcpu=cortex-a9 -mfpu=vfpv3 -mfloat-abi=hard -I../../H3_echo_bsp/ps7_cortexa9_0/include -MMD -MP -MF"src/main.d" -MT"src/main.o" -o "src/main.o" "../src/main.c"
'Finished building: ../src/main.c'
' '
'Building target: H3_echo.elf'
'Invoking: ARM v7 gcc linker'
arm-none-eabi-gcc -mcpu=cortex-a9 -mfpu=vfpv3 -mfloat-abi=hard -Wl,-build-id=none -specs=Xilinx.spec -Wl,-T -Wl,../src/lscript.ld -L../../H3_echo_bsp/ps7_cortexa9_0/lib -o "H3_echo.elf"  ./src/echo.o ./src/i2c_access.o ./src/iic_phyreset.o ./src/main.o ./src/platform.o ./src/platform_mb.o ./src/platform_ppc.o ./src/platform_zynq.o ./src/platform_zynqmp.o ./src/sfp.o ./src/si5324.o   -Wl,--start-group,-lxil,-lgcc,-lc,--end-group -Wl,--start-group,-lxil,-llwip4,-lgcc,-lc,--end-group
'Finished building target: H3_echo.elf'
' '
'Invoking: ARM v7 Print Size'
arm-none-eabi-size H3_echo.elf  |tee "H3_echo.elf.size"
   text	   data	    bss	    dec	    hex	filename
 101688	   3032	5364032	5468752	 537250	H3_echo.elf
'Finished building: H3_echo.elf.size'
' '
17:19:52 **** Incremental Build of configuration Debug for project H3_echo ****
make pre-build main-build 
a9-linaro-pre-build-step
' '
make: Nothing to be done for 'main-build'.
17:25:03 **** Incremental Build of configuration Debug for project H3_echo ****
make pre-build main-build 
a9-linaro-pre-build-step
' '
make: Nothing to be done for 'main-build'.
17:35:23 **** Auto Build of configuration Debug for project H3_echo ****
make pre-build main-build 
a9-linaro-pre-build-step
' '
'Building file: ../src/main.c'
'Invoking: ARM v7 gcc compiler'
arm-none-eabi-gcc -Wall -O0 -g3 -c -fmessage-length=0 -MT"src/main.o" -mcpu=cortex-a9 -mfpu=vfpv3 -mfloat-abi=hard -I../../H3_echo_bsp/ps7_cortexa9_0/include -MMD -MP -MF"src/main.d" -MT"src/main.o" -o "src/main.o" "../src/main.c"
'Finished building: ../src/main.c'
' '
'Building target: H3_echo.elf'
'Invoking: ARM v7 gcc linker'
arm-none-eabi-gcc -mcpu=cortex-a9 -mfpu=vfpv3 -mfloat-abi=hard -Wl,-build-id=none -specs=Xilinx.spec -Wl,-T -Wl,../src/lscript.ld -L../../H3_echo_bsp/ps7_cortexa9_0/lib -o "H3_echo.elf"  ./src/echo.o ./src/i2c_access.o ./src/iic_phyreset.o ./src/main.o ./src/platform.o ./src/platform_mb.o ./src/platform_ppc.o ./src/platform_zynq.o ./src/platform_zynqmp.o ./src/sfp.o ./src/si5324.o   -Wl,--start-group,-lxil,-lgcc,-lc,--end-group -Wl,--start-group,-lxil,-llwip4,-lgcc,-lc,--end-group
'Finished building target: H3_echo.elf'
' '
'Invoking: ARM v7 Print Size'
arm-none-eabi-size H3_echo.elf  |tee "H3_echo.elf.size"
   text	   data	    bss	    dec	    hex	filename
 101688	   3032	5364032	5468752	 537250	H3_echo.elf
'Finished building: H3_echo.elf.size'
' '
17:35:36 **** Auto Build of configuration Debug for project H3_echo ****
make pre-build main-build 
a9-linaro-pre-build-step
' '
'Building file: ../src/main.c'
'Invoking: ARM v7 gcc compiler'
arm-none-eabi-gcc -Wall -O0 -g3 -c -fmessage-length=0 -MT"src/main.o" -mcpu=cortex-a9 -mfpu=vfpv3 -mfloat-abi=hard -I../../H3_echo_bsp/ps7_cortexa9_0/include -MMD -MP -MF"src/main.d" -MT"src/main.o" -o "src/main.o" "../src/main.c"
'Finished building: ../src/main.c'
' '
'Building target: H3_echo.elf'
'Invoking: ARM v7 gcc linker'
arm-none-eabi-gcc -mcpu=cortex-a9 -mfpu=vfpv3 -mfloat-abi=hard -Wl,-build-id=none -specs=Xilinx.spec -Wl,-T -Wl,../src/lscript.ld -L../../H3_echo_bsp/ps7_cortexa9_0/lib -o "H3_echo.elf"  ./src/echo.o ./src/i2c_access.o ./src/iic_phyreset.o ./src/main.o ./src/platform.o ./src/platform_mb.o ./src/platform_ppc.o ./src/platform_zynq.o ./src/platform_zynqmp.o ./src/sfp.o ./src/si5324.o   -Wl,--start-group,-lxil,-lgcc,-lc,--end-group -Wl,--start-group,-lxil,-llwip4,-lgcc,-lc,--end-group
'Finished building target: H3_echo.elf'
' '
'Invoking: ARM v7 Print Size'
arm-none-eabi-size H3_echo.elf  |tee "H3_echo.elf.size"
   text	   data	    bss	    dec	    hex	filename
 101688	   3032	5364032	5468752	 537250	H3_echo.elf
'Finished building: H3_echo.elf.size'
' '
17:35:47 **** Incremental Build of configuration Debug for project H3_echo ****
make pre-build main-build 
a9-linaro-pre-build-step
' '
make: Nothing to be done for 'main-build'.
17:48:10 **** Auto Build of configuration Debug for project H3_echo ****
make pre-build main-build 
a9-linaro-pre-build-step
' '
'Building file: ../src/echo.c'
'Invoking: ARM v7 gcc compiler'
arm-none-eabi-gcc -Wall -O0 -g3 -c -fmessage-length=0 -MT"src/echo.o" -mcpu=cortex-a9 -mfpu=vfpv3 -mfloat-abi=hard -I../../H3_echo_bsp/ps7_cortexa9_0/include -MMD -MP -MF"src/echo.d" -MT"src/echo.o" -o "src/echo.o" "../src/echo.c"
../src/echo.c: In function 'recv_callback':
../src/echo.c:82:2: warning: implicit declaration of function 'AUDIO_AXI_mWriteReg'; did you mean 'AUDIO_IP_mWriteReg'? [-Wimplicit-function-declaration]
  AUDIO_AXI_mWriteReg(XPAR_AUDIO_AXI_0_S00_AXI_BASEADDR, AUDIO_AXI_S00_AXI_SLV_REG4_OFFSET,*sample);
  ^~~~~~~~~~~~~~~~~~~
  AUDIO_IP_mWriteReg
../src/echo.c:82:22: error: 'XPAR_AUDIO_AXI_0_S00_AXI_BASEADDR' undeclared (first use in this function); did you mean 'XPAR_AUDIOCODEC_S00_AXI_BASEADDR'?
  AUDIO_AXI_mWriteReg(XPAR_AUDIO_AXI_0_S00_AXI_BASEADDR, AUDIO_AXI_S00_AXI_SLV_REG4_OFFSET,*sample);
                      ^~~~~~~~~~~~~~~~~~~~~~~~~~~~~~~~~
                      XPAR_AUDIOCODEC_S00_AXI_BASEADDR
../src/echo.c:82:22: note: each undeclared identifier is reported only once for each function it appears in
../src/echo.c:82:57: error: 'AUDIO_AXI_S00_AXI_SLV_REG4_OFFSET' undeclared (first use in this function); did you mean 'AUDIO_IP_S00_AXI_SLV_REG4_OFFSET'?
  AUDIO_AXI_mWriteReg(XPAR_AUDIO_AXI_0_S00_AXI_BASEADDR, AUDIO_AXI_S00_AXI_SLV_REG4_OFFSET,*sample);
                                                         ^~~~~~~~~~~~~~~~~~~~~~~~~~~~~~~~~
                                                         AUDIO_IP_S00_AXI_SLV_REG4_OFFSET
make: *** [src/subdir.mk:53: src/echo.o] Error 1
17:48:40 **** Auto Build of configuration Debug for project H3_echo ****
make pre-build main-build 
a9-linaro-pre-build-step
' '
'Building file: ../src/echo.c'
'Invoking: ARM v7 gcc compiler'
arm-none-eabi-gcc -Wall -O0 -g3 -c -fmessage-length=0 -MT"src/echo.o" -mcpu=cortex-a9 -mfpu=vfpv3 -mfloat-abi=hard -I../../H3_echo_bsp/ps7_cortexa9_0/include -MMD -MP -MF"src/echo.d" -MT"src/echo.o" -o "src/echo.o" "../src/echo.c"
In file included from ../src/echo.c:32:0:
../src/echo.c: In function 'recv_callback':
../src/echo.c:82:22: error: 'XPAR_AUDIO_AXI_0_S00_AXI_BASEADDR' undeclared (first use in this function); did you mean 'XPAR_AUDIOCODEC_S00_AXI_BASEADDR'?
   AUDIO_IP_mWriteReg(XPAR_AUDIO_AXI_0_S00_AXI_BASEADDR, AUDIO_AXI_S00_AXI_SLV_REG4_OFFSET,*sample);
                      ^
../../H3_echo_bsp/ps7_cortexa9_0/include/audio_ip.h:36:15: note: in definition of macro 'AUDIO_IP_mWriteReg'
    Xil_Out32((BaseAddress) + (RegOffset), (u32)(Data))
               ^~~~~~~~~~~
../src/echo.c:82:22: note: each undeclared identifier is reported only once for each function it appears in
   AUDIO_IP_mWriteReg(XPAR_AUDIO_AXI_0_S00_AXI_BASEADDR, AUDIO_AXI_S00_AXI_SLV_REG4_OFFSET,*sample);
                      ^
../../H3_echo_bsp/ps7_cortexa9_0/include/audio_ip.h:36:15: note: in definition of macro 'AUDIO_IP_mWriteReg'
    Xil_Out32((BaseAddress) + (RegOffset), (u32)(Data))
               ^~~~~~~~~~~
../src/echo.c:82:57: error: 'AUDIO_AXI_S00_AXI_SLV_REG4_OFFSET' undeclared (first use in this function); did you mean 'AUDIO_IP_S00_AXI_SLV_REG4_OFFSET'?
   AUDIO_IP_mWriteReg(XPAR_AUDIO_AXI_0_S00_AXI_BASEADDR, AUDIO_AXI_S00_AXI_SLV_REG4_OFFSET,*sample);
                                                         ^
../../H3_echo_bsp/ps7_cortexa9_0/include/audio_ip.h:36:31: note: in definition of macro 'AUDIO_IP_mWriteReg'
    Xil_Out32((BaseAddress) + (RegOffset), (u32)(Data))
                               ^~~~~~~~~
make: *** [src/subdir.mk:53: src/echo.o] Error 1
17:49:59 **** Auto Build of configuration Debug for project H3_echo ****
make pre-build main-build 
a9-linaro-pre-build-step
' '
'Building file: ../src/echo.c'
'Invoking: ARM v7 gcc compiler'
arm-none-eabi-gcc -Wall -O0 -g3 -c -fmessage-length=0 -MT"src/echo.o" -mcpu=cortex-a9 -mfpu=vfpv3 -mfloat-abi=hard -I../../H3_echo_bsp/ps7_cortexa9_0/include -MMD -MP -MF"src/echo.d" -MT"src/echo.o" -o "src/echo.o" "../src/echo.c"
../src/echo.c: In function 'recv_callback':
../src/echo.c:58:7: warning: variable 'sample' set but not used [-Wunused-but-set-variable]
  int *sample;
       ^~~~~~
'Finished building: ../src/echo.c'
' '
'Building target: H3_echo.elf'
'Invoking: ARM v7 gcc linker'
arm-none-eabi-gcc -mcpu=cortex-a9 -mfpu=vfpv3 -mfloat-abi=hard -Wl,-build-id=none -specs=Xilinx.spec -Wl,-T -Wl,../src/lscript.ld -L../../H3_echo_bsp/ps7_cortexa9_0/lib -o "H3_echo.elf"  ./src/echo.o ./src/i2c_access.o ./src/iic_phyreset.o ./src/main.o ./src/platform.o ./src/platform_mb.o ./src/platform_ppc.o ./src/platform_zynq.o ./src/platform_zynqmp.o ./src/sfp.o ./src/si5324.o   -Wl,--start-group,-lxil,-lgcc,-lc,--end-group -Wl,--start-group,-lxil,-llwip4,-lgcc,-lc,--end-group
'Finished building target: H3_echo.elf'
' '
'Invoking: ARM v7 Print Size'
arm-none-eabi-size H3_echo.elf  |tee "H3_echo.elf.size"
   text	   data	    bss	    dec	    hex	filename
 101752	   3032	5364032	5468816	 537290	H3_echo.elf
'Finished building: H3_echo.elf.size'
' '
17:50:40 **** Auto Build of configuration Debug for project H3_echo ****
make pre-build main-build 
a9-linaro-pre-build-step
' '
'Building file: ../src/echo.c'
'Invoking: ARM v7 gcc compiler'
arm-none-eabi-gcc -Wall -O0 -g3 -c -fmessage-length=0 -MT"src/echo.o" -mcpu=cortex-a9 -mfpu=vfpv3 -mfloat-abi=hard -I../../H3_echo_bsp/ps7_cortexa9_0/include -MMD -MP -MF"src/echo.d" -MT"src/echo.o" -o "src/echo.o" "../src/echo.c"
In file included from ../src/echo.c:32:0:
../src/echo.c: In function 'recv_callback':
../src/echo.c:82:90: error: 'sw_check' undeclared (first use in this function)
   AUDIO_IP_mWriteReg(XPAR_AUDIOCODEC_S00_AXI_BASEADDR, AUDIO_IP_S00_AXI_SLV_REG0_OFFSET, sw_check)
                                                                                          ^
../../H3_echo_bsp/ps7_cortexa9_0/include/audio_ip.h:36:49: note: in definition of macro 'AUDIO_IP_mWriteReg'
    Xil_Out32((BaseAddress) + (RegOffset), (u32)(Data))
                                                 ^~~~
../src/echo.c:82:90: note: each undeclared identifier is reported only once for each function it appears in
   AUDIO_IP_mWriteReg(XPAR_AUDIOCODEC_S00_AXI_BASEADDR, AUDIO_IP_S00_AXI_SLV_REG0_OFFSET, sw_check)
                                                                                          ^
../../H3_echo_bsp/ps7_cortexa9_0/include/audio_ip.h:36:49: note: in definition of macro 'AUDIO_IP_mWriteReg'
    Xil_Out32((BaseAddress) + (RegOffset), (u32)(Data))
                                                 ^~~~
../src/echo.c:86:2: error: expected ';' before '}' token
  }
  ^
../src/echo.c:58:7: warning: variable 'sample' set but not used [-Wunused-but-set-variable]
  int *sample;
       ^~~~~~
make: *** [src/subdir.mk:53: src/echo.o] Error 1
17:50:56 **** Auto Build of configuration Debug for project H3_echo ****
make pre-build main-build 
a9-linaro-pre-build-step
' '
'Building file: ../src/echo.c'
'Invoking: ARM v7 gcc compiler'
arm-none-eabi-gcc -Wall -O0 -g3 -c -fmessage-length=0 -MT"src/echo.o" -mcpu=cortex-a9 -mfpu=vfpv3 -mfloat-abi=hard -I../../H3_echo_bsp/ps7_cortexa9_0/include -MMD -MP -MF"src/echo.d" -MT"src/echo.o" -o "src/echo.o" "../src/echo.c"
../src/echo.c: In function 'recv_callback':
../src/echo.c:87:2: error: expected ';' before '}' token
  }
  ^
make: *** [src/subdir.mk:53: src/echo.o] Error 1
17:51:02 **** Auto Build of configuration Debug for project H3_echo ****
make pre-build main-build 
a9-linaro-pre-build-step
' '
'Building file: ../src/echo.c'
'Invoking: ARM v7 gcc compiler'
arm-none-eabi-gcc -Wall -O0 -g3 -c -fmessage-length=0 -MT"src/echo.o" -mcpu=cortex-a9 -mfpu=vfpv3 -mfloat-abi=hard -I../../H3_echo_bsp/ps7_cortexa9_0/include -MMD -MP -MF"src/echo.d" -MT"src/echo.o" -o "src/echo.o" "../src/echo.c"
'Finished building: ../src/echo.c'
' '
'Building target: H3_echo.elf'
'Invoking: ARM v7 gcc linker'
arm-none-eabi-gcc -mcpu=cortex-a9 -mfpu=vfpv3 -mfloat-abi=hard -Wl,-build-id=none -specs=Xilinx.spec -Wl,-T -Wl,../src/lscript.ld -L../../H3_echo_bsp/ps7_cortexa9_0/lib -o "H3_echo.elf"  ./src/echo.o ./src/i2c_access.o ./src/iic_phyreset.o ./src/main.o ./src/platform.o ./src/platform_mb.o ./src/platform_ppc.o ./src/platform_zynq.o ./src/platform_zynqmp.o ./src/sfp.o ./src/si5324.o   -Wl,--start-group,-lxil,-lgcc,-lc,--end-group -Wl,--start-group,-lxil,-llwip4,-lgcc,-lc,--end-group
'Finished building target: H3_echo.elf'
' '
'Invoking: ARM v7 Print Size'
arm-none-eabi-size H3_echo.elf  |tee "H3_echo.elf.size"
   text	   data	    bss	    dec	    hex	filename
 101816	   3032	5364032	5468880	 5372d0	H3_echo.elf
'Finished building: H3_echo.elf.size'
' '
17:53:59 **** Auto Build of configuration Debug for project H3_echo ****
make pre-build main-build 
a9-linaro-pre-build-step
' '
'Building file: ../src/echo.c'
'Invoking: ARM v7 gcc compiler'
arm-none-eabi-gcc -Wall -O0 -g3 -c -fmessage-length=0 -MT"src/echo.o" -mcpu=cortex-a9 -mfpu=vfpv3 -mfloat-abi=hard -I../../H3_echo_bsp/ps7_cortexa9_0/include -MMD -MP -MF"src/echo.d" -MT"src/echo.o" -o "src/echo.o" "../src/echo.c"
../src/echo.c: In function 'recv_callback':
../src/echo.c:82:14: warning: comparison of distinct pointer types lacks a cast
   if (sample == "0"){
              ^~
../src/echo.c:82:14: warning: comparison with string literal results in unspecified behavior [-Waddress]
../src/echo.c:85:19: warning: comparison of distinct pointer types lacks a cast
   else if (sample == "1"){
                   ^~
../src/echo.c:85:19: warning: comparison with string literal results in unspecified behavior [-Waddress]
../src/echo.c:88:19: warning: comparison of distinct pointer types lacks a cast
   else if (sample == "2"){
                   ^~
../src/echo.c:88:19: warning: comparison with string literal results in unspecified behavior [-Waddress]
'Finished building: ../src/echo.c'
' '
'Building target: H3_echo.elf'
'Invoking: ARM v7 gcc linker'
arm-none-eabi-gcc -mcpu=cortex-a9 -mfpu=vfpv3 -mfloat-abi=hard -Wl,-build-id=none -specs=Xilinx.spec -Wl,-T -Wl,../src/lscript.ld -L../../H3_echo_bsp/ps7_cortexa9_0/lib -o "H3_echo.elf"  ./src/echo.o ./src/i2c_access.o ./src/iic_phyreset.o ./src/main.o ./src/platform.o ./src/platform_mb.o ./src/platform_ppc.o ./src/platform_zynq.o ./src/platform_zynqmp.o ./src/sfp.o ./src/si5324.o   -Wl,--start-group,-lxil,-lgcc,-lc,--end-group -Wl,--start-group,-lxil,-llwip4,-lgcc,-lc,--end-group
'Finished building target: H3_echo.elf'
' '
'Invoking: ARM v7 Print Size'
arm-none-eabi-size H3_echo.elf  |tee "H3_echo.elf.size"
   text	   data	    bss	    dec	    hex	filename
 101956	   3032	5364032	5469020	 53735c	H3_echo.elf
'Finished building: H3_echo.elf.size'
' '
17:54:16 **** Auto Build of configuration Debug for project H3_echo ****
make pre-build main-build 
a9-linaro-pre-build-step
' '
'Building file: ../src/echo.c'
'Invoking: ARM v7 gcc compiler'
arm-none-eabi-gcc -Wall -O0 -g3 -c -fmessage-length=0 -MT"src/echo.o" -mcpu=cortex-a9 -mfpu=vfpv3 -mfloat-abi=hard -I../../H3_echo_bsp/ps7_cortexa9_0/include -MMD -MP -MF"src/echo.d" -MT"src/echo.o" -o "src/echo.o" "../src/echo.c"
../src/echo.c: In function 'recv_callback':
../src/echo.c:82:15: warning: comparison between pointer and integer
   if (*sample == "0"){
               ^~
../src/echo.c:82:15: warning: comparison with string literal results in unspecified behavior [-Waddress]
../src/echo.c:85:19: warning: comparison of distinct pointer types lacks a cast
   else if (sample == "1"){
                   ^~
../src/echo.c:85:19: warning: comparison with string literal results in unspecified behavior [-Waddress]
../src/echo.c:88:19: warning: comparison of distinct pointer types lacks a cast
   else if (sample == "2"){
                   ^~
../src/echo.c:88:19: warning: comparison with string literal results in unspecified behavior [-Waddress]
'Finished building: ../src/echo.c'
' '
'Building target: H3_echo.elf'
'Invoking: ARM v7 gcc linker'
arm-none-eabi-gcc -mcpu=cortex-a9 -mfpu=vfpv3 -mfloat-abi=hard -Wl,-build-id=none -specs=Xilinx.spec -Wl,-T -Wl,../src/lscript.ld -L../../H3_echo_bsp/ps7_cortexa9_0/lib -o "H3_echo.elf"  ./src/echo.o ./src/i2c_access.o ./src/iic_phyreset.o ./src/main.o ./src/platform.o ./src/platform_mb.o ./src/platform_ppc.o ./src/platform_zynq.o ./src/platform_zynqmp.o ./src/sfp.o ./src/si5324.o   -Wl,--start-group,-lxil,-lgcc,-lc,--end-group -Wl,--start-group,-lxil,-llwip4,-lgcc,-lc,--end-group
'Finished building target: H3_echo.elf'
' '
'Invoking: ARM v7 Print Size'
arm-none-eabi-size H3_echo.elf  |tee "H3_echo.elf.size"
   text	   data	    bss	    dec	    hex	filename
 101956	   3032	5364032	5469020	 53735c	H3_echo.elf
'Finished building: H3_echo.elf.size'
' '
17:54:33 **** Auto Build of configuration Debug for project H3_echo ****
make pre-build main-build 
a9-linaro-pre-build-step
' '
'Building file: ../src/echo.c'
'Invoking: ARM v7 gcc compiler'
arm-none-eabi-gcc -Wall -O0 -g3 -c -fmessage-length=0 -MT"src/echo.o" -mcpu=cortex-a9 -mfpu=vfpv3 -mfloat-abi=hard -I../../H3_echo_bsp/ps7_cortexa9_0/include -MMD -MP -MF"src/echo.d" -MT"src/echo.o" -o "src/echo.o" "../src/echo.c"
../src/echo.c: In function 'recv_callback':
../src/echo.c:82:15: warning: comparison between pointer and integer
   if (*sample == "0"){
               ^~
../src/echo.c:82:15: warning: comparison with string literal results in unspecified behavior [-Waddress]
../src/echo.c:85:20: warning: comparison between pointer and integer
   else if (*sample == "1"){
                    ^~
../src/echo.c:85:20: warning: comparison with string literal results in unspecified behavior [-Waddress]
../src/echo.c:88:19: warning: comparison of distinct pointer types lacks a cast
   else if (sample == "2"){
                   ^~
../src/echo.c:88:19: warning: comparison with string literal results in unspecified behavior [-Waddress]
'Finished building: ../src/echo.c'
' '
'Building target: H3_echo.elf'
'Invoking: ARM v7 gcc linker'
arm-none-eabi-gcc -mcpu=cortex-a9 -mfpu=vfpv3 -mfloat-abi=hard -Wl,-build-id=none -specs=Xilinx.spec -Wl,-T -Wl,../src/lscript.ld -L../../H3_echo_bsp/ps7_cortexa9_0/lib -o "H3_echo.elf"  ./src/echo.o ./src/i2c_access.o ./src/iic_phyreset.o ./src/main.o ./src/platform.o ./src/platform_mb.o ./src/platform_ppc.o ./src/platform_zynq.o ./src/platform_zynqmp.o ./src/sfp.o ./src/si5324.o   -Wl,--start-group,-lxil,-lgcc,-lc,--end-group -Wl,--start-group,-lxil,-llwip4,-lgcc,-lc,--end-group
'Finished building target: H3_echo.elf'
' '
'Invoking: ARM v7 Print Size'
arm-none-eabi-size H3_echo.elf  |tee "H3_echo.elf.size"
   text	   data	    bss	    dec	    hex	filename
 101956	   3032	5364032	5469020	 53735c	H3_echo.elf
'Finished building: H3_echo.elf.size'
' '
17:54:59 **** Auto Build of configuration Debug for project H3_echo ****
make pre-build main-build 
a9-linaro-pre-build-step
' '
'Building file: ../src/echo.c'
'Invoking: ARM v7 gcc compiler'
arm-none-eabi-gcc -Wall -O0 -g3 -c -fmessage-length=0 -MT"src/echo.o" -mcpu=cortex-a9 -mfpu=vfpv3 -mfloat-abi=hard -I../../H3_echo_bsp/ps7_cortexa9_0/include -MMD -MP -MF"src/echo.d" -MT"src/echo.o" -o "src/echo.o" "../src/echo.c"
../src/echo.c: In function 'recv_callback':
../src/echo.c:82:15: warning: comparison of distinct pointer types lacks a cast
   if (&sample == "0"){
               ^~
../src/echo.c:82:15: warning: comparison with string literal results in unspecified behavior [-Waddress]
../src/echo.c:85:20: warning: comparison between pointer and integer
   else if (*sample == "1"){
                    ^~
../src/echo.c:85:20: warning: comparison with string literal results in unspecified behavior [-Waddress]
../src/echo.c:88:19: warning: comparison of distinct pointer types lacks a cast
   else if (sample == "2"){
                   ^~
../src/echo.c:88:19: warning: comparison with string literal results in unspecified behavior [-Waddress]
'Finished building: ../src/echo.c'
' '
'Building target: H3_echo.elf'
'Invoking: ARM v7 gcc linker'
arm-none-eabi-gcc -mcpu=cortex-a9 -mfpu=vfpv3 -mfloat-abi=hard -Wl,-build-id=none -specs=Xilinx.spec -Wl,-T -Wl,../src/lscript.ld -L../../H3_echo_bsp/ps7_cortexa9_0/lib -o "H3_echo.elf"  ./src/echo.o ./src/i2c_access.o ./src/iic_phyreset.o ./src/main.o ./src/platform.o ./src/platform_mb.o ./src/platform_ppc.o ./src/platform_zynq.o ./src/platform_zynqmp.o ./src/sfp.o ./src/si5324.o   -Wl,--start-group,-lxil,-lgcc,-lc,--end-group -Wl,--start-group,-lxil,-llwip4,-lgcc,-lc,--end-group
'Finished building target: H3_echo.elf'
' '
'Invoking: ARM v7 Print Size'
arm-none-eabi-size H3_echo.elf  |tee "H3_echo.elf.size"
   text	   data	    bss	    dec	    hex	filename
 101956	   3032	5364032	5469020	 53735c	H3_echo.elf
'Finished building: H3_echo.elf.size'
' '
17:55:10 **** Auto Build of configuration Debug for project H3_echo ****
make pre-build main-build 
a9-linaro-pre-build-step
' '
'Building file: ../src/echo.c'
'Invoking: ARM v7 gcc compiler'
arm-none-eabi-gcc -Wall -O0 -g3 -c -fmessage-length=0 -MT"src/echo.o" -mcpu=cortex-a9 -mfpu=vfpv3 -mfloat-abi=hard -I../../H3_echo_bsp/ps7_cortexa9_0/include -MMD -MP -MF"src/echo.d" -MT"src/echo.o" -o "src/echo.o" "../src/echo.c"
../src/echo.c: In function 'recv_callback':
../src/echo.c:82:14: warning: comparison of distinct pointer types lacks a cast
   if (sample == "0"){
              ^~
../src/echo.c:82:14: warning: comparison with string literal results in unspecified behavior [-Waddress]
../src/echo.c:85:20: warning: comparison between pointer and integer
   else if (*sample == "1"){
                    ^~
../src/echo.c:85:20: warning: comparison with string literal results in unspecified behavior [-Waddress]
../src/echo.c:88:19: warning: comparison of distinct pointer types lacks a cast
   else if (sample == "2"){
                   ^~
../src/echo.c:88:19: warning: comparison with string literal results in unspecified behavior [-Waddress]
'Finished building: ../src/echo.c'
' '
'Building target: H3_echo.elf'
'Invoking: ARM v7 gcc linker'
arm-none-eabi-gcc -mcpu=cortex-a9 -mfpu=vfpv3 -mfloat-abi=hard -Wl,-build-id=none -specs=Xilinx.spec -Wl,-T -Wl,../src/lscript.ld -L../../H3_echo_bsp/ps7_cortexa9_0/lib -o "H3_echo.elf"  ./src/echo.o ./src/i2c_access.o ./src/iic_phyreset.o ./src/main.o ./src/platform.o ./src/platform_mb.o ./src/platform_ppc.o ./src/platform_zynq.o ./src/platform_zynqmp.o ./src/sfp.o ./src/si5324.o   -Wl,--start-group,-lxil,-lgcc,-lc,--end-group -Wl,--start-group,-lxil,-llwip4,-lgcc,-lc,--end-group
'Finished building target: H3_echo.elf'
' '
'Invoking: ARM v7 Print Size'
arm-none-eabi-size H3_echo.elf  |tee "H3_echo.elf.size"
   text	   data	    bss	    dec	    hex	filename
 101956	   3032	5364032	5469020	 53735c	H3_echo.elf
'Finished building: H3_echo.elf.size'
' '
17:56:21 **** Auto Build of configuration Debug for project H3_echo ****
make pre-build main-build 
a9-linaro-pre-build-step
' '
'Building file: ../src/echo.c'
'Invoking: ARM v7 gcc compiler'
arm-none-eabi-gcc -Wall -O0 -g3 -c -fmessage-length=0 -MT"src/echo.o" -mcpu=cortex-a9 -mfpu=vfpv3 -mfloat-abi=hard -I../../H3_echo_bsp/ps7_cortexa9_0/include -MMD -MP -MF"src/echo.d" -MT"src/echo.o" -o "src/echo.o" "../src/echo.c"
../src/echo.c: In function 'recv_callback':
../src/echo.c:82:15: warning: comparison between pointer and integer
   if (*sample == "0"){
               ^~
../src/echo.c:82:15: warning: comparison with string literal results in unspecified behavior [-Waddress]
../src/echo.c:85:20: warning: comparison between pointer and integer
   else if (*sample == "1"){
                    ^~
../src/echo.c:85:20: warning: comparison with string literal results in unspecified behavior [-Waddress]
../src/echo.c:88:19: warning: comparison of distinct pointer types lacks a cast
   else if (sample == "2"){
                   ^~
../src/echo.c:88:19: warning: comparison with string literal results in unspecified behavior [-Waddress]
'Finished building: ../src/echo.c'
' '
'Building target: H3_echo.elf'
'Invoking: ARM v7 gcc linker'
arm-none-eabi-gcc -mcpu=cortex-a9 -mfpu=vfpv3 -mfloat-abi=hard -Wl,-build-id=none -specs=Xilinx.spec -Wl,-T -Wl,../src/lscript.ld -L../../H3_echo_bsp/ps7_cortexa9_0/lib -o "H3_echo.elf"  ./src/echo.o ./src/i2c_access.o ./src/iic_phyreset.o ./src/main.o ./src/platform.o ./src/platform_mb.o ./src/platform_ppc.o ./src/platform_zynq.o ./src/platform_zynqmp.o ./src/sfp.o ./src/si5324.o   -Wl,--start-group,-lxil,-lgcc,-lc,--end-group -Wl,--start-group,-lxil,-llwip4,-lgcc,-lc,--end-group
'Finished building target: H3_echo.elf'
' '
'Invoking: ARM v7 Print Size'
arm-none-eabi-size H3_echo.elf  |tee "H3_echo.elf.size"
   text	   data	    bss	    dec	    hex	filename
 101956	   3032	5364032	5469020	 53735c	H3_echo.elf
'Finished building: H3_echo.elf.size'
' '
17:56:37 **** Incremental Build of configuration Debug for project H3_echo ****
make pre-build main-build 
a9-linaro-pre-build-step
' '
make: Nothing to be done for 'main-build'.
17:59:25 **** Auto Build of configuration Debug for project H3_echo ****
make pre-build main-build 
a9-linaro-pre-build-step
' '
'Building file: ../src/echo.c'
'Invoking: ARM v7 gcc compiler'
arm-none-eabi-gcc -Wall -O0 -g3 -c -fmessage-length=0 -MT"src/echo.o" -mcpu=cortex-a9 -mfpu=vfpv3 -mfloat-abi=hard -I../../H3_echo_bsp/ps7_cortexa9_0/include -MMD -MP -MF"src/echo.d" -MT"src/echo.o" -o "src/echo.o" "../src/echo.c"
../src/echo.c: In function 'recv_callback':
../src/echo.c:82:14: warning: comparison of distinct pointer types lacks a cast
   if (sample == "0"){
              ^~
../src/echo.c:82:14: warning: comparison with string literal results in unspecified behavior [-Waddress]
../src/echo.c:85:19: warning: comparison of distinct pointer types lacks a cast
   else if (sample == "1"){
                   ^~
../src/echo.c:85:19: warning: comparison with string literal results in unspecified behavior [-Waddress]
../src/echo.c:88:19: warning: comparison of distinct pointer types lacks a cast
   else if (sample == "2"){
                   ^~
../src/echo.c:88:19: warning: comparison with string literal results in unspecified behavior [-Waddress]
'Finished building: ../src/echo.c'
' '
'Building target: H3_echo.elf'
'Invoking: ARM v7 gcc linker'
arm-none-eabi-gcc -mcpu=cortex-a9 -mfpu=vfpv3 -mfloat-abi=hard -Wl,-build-id=none -specs=Xilinx.spec -Wl,-T -Wl,../src/lscript.ld -L../../H3_echo_bsp/ps7_cortexa9_0/lib -o "H3_echo.elf"  ./src/echo.o ./src/i2c_access.o ./src/iic_phyreset.o ./src/main.o ./src/platform.o ./src/platform_mb.o ./src/platform_ppc.o ./src/platform_zynq.o ./src/platform_zynqmp.o ./src/sfp.o ./src/si5324.o   -Wl,--start-group,-lxil,-lgcc,-lc,--end-group -Wl,--start-group,-lxil,-llwip4,-lgcc,-lc,--end-group
'Finished building target: H3_echo.elf'
' '
'Invoking: ARM v7 Print Size'
arm-none-eabi-size H3_echo.elf  |tee "H3_echo.elf.size"
   text	   data	    bss	    dec	    hex	filename
 101956	   3032	5364032	5469020	 53735c	H3_echo.elf
'Finished building: H3_echo.elf.size'
' '
17:59:52 **** Incremental Build of configuration Debug for project H3_echo ****
make pre-build main-build 
a9-linaro-pre-build-step
' '
make: Nothing to be done for 'main-build'.
15:02:08 **** Incremental Build of configuration Debug for project H3_echo ****
make pre-build main-build 
a9-linaro-pre-build-step
' '
'Building file: ../src/echo.c'
'Invoking: ARM v7 gcc compiler'
arm-none-eabi-gcc -Wall -O0 -g3 -c -fmessage-length=0 -MT"src/echo.o" -mcpu=cortex-a9 -mfpu=vfpv3 -mfloat-abi=hard -I../../H3_echo_bsp/ps7_cortexa9_0/include -MMD -MP -MF"src/echo.d" -MT"src/echo.o" -o "src/echo.o" "../src/echo.c"
../src/echo.c: In function 'recv_callback':
../src/echo.c:82:14: warning: comparison of distinct pointer types lacks a cast
   if (sample == "0"){
              ^~
../src/echo.c:82:14: warning: comparison with string literal results in unspecified behavior [-Waddress]
../src/echo.c:85:19: warning: comparison of distinct pointer types lacks a cast
   else if (sample == "1"){
                   ^~
../src/echo.c:85:19: warning: comparison with string literal results in unspecified behavior [-Waddress]
../src/echo.c:88:19: warning: comparison of distinct pointer types lacks a cast
   else if (sample == "2"){
                   ^~
../src/echo.c:88:19: warning: comparison with string literal results in unspecified behavior [-Waddress]
../src/echo.c:91:19: warning: comparison of distinct pointer types lacks a cast
   else if (sample == "3"){
                   ^~
../src/echo.c:91:19: warning: comparison with string literal results in unspecified behavior [-Waddress]
'Finished building: ../src/echo.c'
' '
'Building target: H3_echo.elf'
'Invoking: ARM v7 gcc linker'
arm-none-eabi-gcc -mcpu=cortex-a9 -mfpu=vfpv3 -mfloat-abi=hard -Wl,-build-id=none -specs=Xilinx.spec -Wl,-T -Wl,../src/lscript.ld -L../../H3_echo_bsp/ps7_cortexa9_0/lib -o "H3_echo.elf"  ./src/echo.o ./src/i2c_access.o ./src/iic_phyreset.o ./src/main.o ./src/platform.o ./src/platform_mb.o ./src/platform_ppc.o ./src/platform_zynq.o ./src/platform_zynqmp.o ./src/sfp.o ./src/si5324.o   -Wl,--start-group,-lxil,-lgcc,-lc,--end-group -Wl,--start-group,-lxil,-llwip4,-lgcc,-lc,--end-group
'Finished building target: H3_echo.elf'
' '
'Invoking: ARM v7 Print Size'
arm-none-eabi-size H3_echo.elf  |tee "H3_echo.elf.size"
   text	   data	    bss	    dec	    hex	filename
 101960	   3032	5364032	5469024	 537360	H3_echo.elf
'Finished building: H3_echo.elf.size'
' '
15:06:23 **** Incremental Build of configuration Debug for project H3_echo ****
make pre-build main-build 
a9-linaro-pre-build-step
' '
make: Nothing to be done for 'main-build'.
15:10:47 **** Incremental Build of configuration Debug for project H3_echo ****
make pre-build main-build 
a9-linaro-pre-build-step
' '
make: Nothing to be done for 'main-build'.
15:39:56 **** Auto Build of configuration Debug for project H3_echo ****
make pre-build main-build 
a9-linaro-pre-build-step
' '
'Building file: ../src/echo.c'
'Invoking: ARM v7 gcc compiler'
arm-none-eabi-gcc -Wall -O0 -g3 -c -fmessage-length=0 -MT"src/echo.o" -mcpu=cortex-a9 -mfpu=vfpv3 -mfloat-abi=hard -I../../H3_echo_bsp/ps7_cortexa9_0/include -MMD -MP -MF"src/echo.d" -MT"src/echo.o" -o "src/echo.o" "../src/echo.c"
../src/echo.c: In function 'recv_callback':
../src/echo.c:82:14: warning: comparison of distinct pointer types lacks a cast
   if (sample == "0"){
              ^~
../src/echo.c:82:14: warning: comparison with string literal results in unspecified behavior [-Waddress]
../src/echo.c:86:19: warning: comparison of distinct pointer types lacks a cast
   else if (sample == "1"){
                   ^~
../src/echo.c:86:19: warning: comparison with string literal results in unspecified behavior [-Waddress]
../src/echo.c:89:19: warning: comparison of distinct pointer types lacks a cast
   else if (sample == "2"){
                   ^~
../src/echo.c:89:19: warning: comparison with string literal results in unspecified behavior [-Waddress]
../src/echo.c:92:19: warning: comparison of distinct pointer types lacks a cast
   else if (sample == "3"){
                   ^~
../src/echo.c:92:19: warning: comparison with string literal results in unspecified behavior [-Waddress]
'Finished building: ../src/echo.c'
' '
'Building target: H3_echo.elf'
'Invoking: ARM v7 gcc linker'
arm-none-eabi-gcc -mcpu=cortex-a9 -mfpu=vfpv3 -mfloat-abi=hard -Wl,-build-id=none -specs=Xilinx.spec -Wl,-T -Wl,../src/lscript.ld -L../../H3_echo_bsp/ps7_cortexa9_0/lib -o "H3_echo.elf"  ./src/echo.o ./src/i2c_access.o ./src/iic_phyreset.o ./src/main.o ./src/platform.o ./src/platform_mb.o ./src/platform_ppc.o ./src/platform_zynq.o ./src/platform_zynqmp.o ./src/sfp.o ./src/si5324.o   -Wl,--start-group,-lxil,-lgcc,-lc,--end-group -Wl,--start-group,-lxil,-llwip4,-lgcc,-lc,--end-group
'Finished building target: H3_echo.elf'
' '
'Invoking: ARM v7 Print Size'
arm-none-eabi-size H3_echo.elf  |tee "H3_echo.elf.size"
   text	   data	    bss	    dec	    hex	filename
 102048	   3032	5364032	5469112	 5373b8	H3_echo.elf
'Finished building: H3_echo.elf.size'
' '
15:40:14 **** Incremental Build of configuration Debug for project H3_echo ****
make pre-build main-build 
a9-linaro-pre-build-step
' '
make: Nothing to be done for 'main-build'.
15:44:05 **** Auto Build of configuration Debug for project H3_echo ****
make pre-build main-build 
a9-linaro-pre-build-step
' '
'Building file: ../src/echo.c'
'Invoking: ARM v7 gcc compiler'
arm-none-eabi-gcc -Wall -O0 -g3 -c -fmessage-length=0 -MT"src/echo.o" -mcpu=cortex-a9 -mfpu=vfpv3 -mfloat-abi=hard -I../../H3_echo_bsp/ps7_cortexa9_0/include -MMD -MP -MF"src/echo.d" -MT"src/echo.o" -o "src/echo.o" "../src/echo.c"
../src/echo.c: In function 'recv_callback':
../src/echo.c:83:14: warning: comparison of distinct pointer types lacks a cast
   if (sample == "0"){
              ^~
../src/echo.c:83:14: warning: comparison with string literal results in unspecified behavior [-Waddress]
../src/echo.c:87:19: warning: comparison of distinct pointer types lacks a cast
   else if (sample == "1"){
                   ^~
../src/echo.c:87:19: warning: comparison with string literal results in unspecified behavior [-Waddress]
../src/echo.c:90:19: warning: comparison of distinct pointer types lacks a cast
   else if (sample == "2"){
                   ^~
../src/echo.c:90:19: warning: comparison with string literal results in unspecified behavior [-Waddress]
../src/echo.c:93:19: warning: comparison of distinct pointer types lacks a cast
   else if (sample == "3"){
                   ^~
../src/echo.c:93:19: warning: comparison with string literal results in unspecified behavior [-Waddress]
'Finished building: ../src/echo.c'
' '
'Building target: H3_echo.elf'
'Invoking: ARM v7 gcc linker'
arm-none-eabi-gcc -mcpu=cortex-a9 -mfpu=vfpv3 -mfloat-abi=hard -Wl,-build-id=none -specs=Xilinx.spec -Wl,-T -Wl,../src/lscript.ld -L../../H3_echo_bsp/ps7_cortexa9_0/lib -o "H3_echo.elf"  ./src/echo.o ./src/i2c_access.o ./src/iic_phyreset.o ./src/main.o ./src/platform.o ./src/platform_mb.o ./src/platform_ppc.o ./src/platform_zynq.o ./src/platform_zynqmp.o ./src/sfp.o ./src/si5324.o   -Wl,--start-group,-lxil,-lgcc,-lc,--end-group -Wl,--start-group,-lxil,-llwip4,-lgcc,-lc,--end-group
'Finished building target: H3_echo.elf'
' '
'Invoking: ARM v7 Print Size'
arm-none-eabi-size H3_echo.elf  |tee "H3_echo.elf.size"
   text	   data	    bss	    dec	    hex	filename
 102052	   3032	5364032	5469116	 5373bc	H3_echo.elf
'Finished building: H3_echo.elf.size'
' '
15:44:22 **** Incremental Build of configuration Debug for project H3_echo ****
make pre-build main-build 
a9-linaro-pre-build-step
' '
make: Nothing to be done for 'main-build'.
15:45:26 **** Auto Build of configuration Debug for project H3_echo ****
make pre-build main-build 
a9-linaro-pre-build-step
' '
'Building file: ../src/echo.c'
'Invoking: ARM v7 gcc compiler'
arm-none-eabi-gcc -Wall -O0 -g3 -c -fmessage-length=0 -MT"src/echo.o" -mcpu=cortex-a9 -mfpu=vfpv3 -mfloat-abi=hard -I../../H3_echo_bsp/ps7_cortexa9_0/include -MMD -MP -MF"src/echo.d" -MT"src/echo.o" -o "src/echo.o" "../src/echo.c"
../src/echo.c: In function 'recv_callback':
../src/echo.c:83:14: warning: comparison of distinct pointer types lacks a cast
   if (sample == "0"){
              ^~
../src/echo.c:83:14: warning: comparison with string literal results in unspecified behavior [-Waddress]
../src/echo.c:87:19: warning: comparison of distinct pointer types lacks a cast
   else if (sample == "1"){
                   ^~
../src/echo.c:87:19: warning: comparison with string literal results in unspecified behavior [-Waddress]
../src/echo.c:90:19: warning: comparison of distinct pointer types lacks a cast
   else if (sample == "2"){
                   ^~
../src/echo.c:90:19: warning: comparison with string literal results in unspecified behavior [-Waddress]
../src/echo.c:93:19: warning: comparison of distinct pointer types lacks a cast
   else if (sample == "3"){
                   ^~
../src/echo.c:93:19: warning: comparison with string literal results in unspecified behavior [-Waddress]
'Finished building: ../src/echo.c'
' '
'Building target: H3_echo.elf'
'Invoking: ARM v7 gcc linker'
arm-none-eabi-gcc -mcpu=cortex-a9 -mfpu=vfpv3 -mfloat-abi=hard -Wl,-build-id=none -specs=Xilinx.spec -Wl,-T -Wl,../src/lscript.ld -L../../H3_echo_bsp/ps7_cortexa9_0/lib -o "H3_echo.elf"  ./src/echo.o ./src/i2c_access.o ./src/iic_phyreset.o ./src/main.o ./src/platform.o ./src/platform_mb.o ./src/platform_ppc.o ./src/platform_zynq.o ./src/platform_zynqmp.o ./src/sfp.o ./src/si5324.o   -Wl,--start-group,-lxil,-lgcc,-lc,--end-group -Wl,--start-group,-lxil,-llwip4,-lgcc,-lc,--end-group
'Finished building target: H3_echo.elf'
' '
'Invoking: ARM v7 Print Size'
arm-none-eabi-size H3_echo.elf  |tee "H3_echo.elf.size"
   text	   data	    bss	    dec	    hex	filename
 102056	   3032	5364032	5469120	 5373c0	H3_echo.elf
'Finished building: H3_echo.elf.size'
' '
16:19:31 **** Incremental Build of configuration Debug for project H3_echo ****
make pre-build main-build 
a9-linaro-pre-build-step
' '
make: Nothing to be done for 'main-build'.
16:21:39 **** Auto Build of configuration Debug for project H3_echo ****
make pre-build main-build 
a9-linaro-pre-build-step
' '
'Building file: ../src/echo.c'
'Invoking: ARM v7 gcc compiler'
arm-none-eabi-gcc -Wall -O0 -g3 -c -fmessage-length=0 -MT"src/echo.o" -mcpu=cortex-a9 -mfpu=vfpv3 -mfloat-abi=hard -I../../H3_echo_bsp/ps7_cortexa9_0/include -MMD -MP -MF"src/echo.d" -MT"src/echo.o" -o "src/echo.o" "../src/echo.c"
../src/echo.c: In function 'recv_callback':
../src/echo.c:83:14: warning: comparison of distinct pointer types lacks a cast
   if (sample == "0"){
              ^~
../src/echo.c:83:14: warning: comparison with string literal results in unspecified behavior [-Waddress]
../src/echo.c:87:19: warning: comparison of distinct pointer types lacks a cast
   else if (sample == "1"){
                   ^~
../src/echo.c:87:19: warning: comparison with string literal results in unspecified behavior [-Waddress]
../src/echo.c:90:19: warning: comparison of distinct pointer types lacks a cast
   else if (sample == "2"){
                   ^~
../src/echo.c:90:19: warning: comparison with string literal results in unspecified behavior [-Waddress]
../src/echo.c:93:19: warning: comparison of distinct pointer types lacks a cast
   else if (sample == "3"){
                   ^~
../src/echo.c:93:19: warning: comparison with string literal results in unspecified behavior [-Waddress]
'Finished building: ../src/echo.c'
' '
'Building target: H3_echo.elf'
'Invoking: ARM v7 gcc linker'
arm-none-eabi-gcc -mcpu=cortex-a9 -mfpu=vfpv3 -mfloat-abi=hard -Wl,-build-id=none -specs=Xilinx.spec -Wl,-T -Wl,../src/lscript.ld -L../../H3_echo_bsp/ps7_cortexa9_0/lib -o "H3_echo.elf"  ./src/echo.o ./src/i2c_access.o ./src/iic_phyreset.o ./src/main.o ./src/platform.o ./src/platform_mb.o ./src/platform_ppc.o ./src/platform_zynq.o ./src/platform_zynqmp.o ./src/sfp.o ./src/si5324.o   -Wl,--start-group,-lxil,-lgcc,-lc,--end-group -Wl,--start-group,-lxil,-llwip4,-lgcc,-lc,--end-group
'Finished building target: H3_echo.elf'
' '
'Invoking: ARM v7 Print Size'
arm-none-eabi-size H3_echo.elf  |tee "H3_echo.elf.size"
   text	   data	    bss	    dec	    hex	filename
 102056	   3032	5364032	5469120	 5373c0	H3_echo.elf
'Finished building: H3_echo.elf.size'
' '
16:21:51 **** Incremental Build of configuration Debug for project H3_echo ****
make pre-build main-build 
a9-linaro-pre-build-step
' '
make: Nothing to be done for 'main-build'.
16:23:11 **** Auto Build of configuration Debug for project H3_echo ****
make pre-build main-build 
a9-linaro-pre-build-step
' '
'Building file: ../src/echo.c'
'Invoking: ARM v7 gcc compiler'
arm-none-eabi-gcc -Wall -O0 -g3 -c -fmessage-length=0 -MT"src/echo.o" -mcpu=cortex-a9 -mfpu=vfpv3 -mfloat-abi=hard -I../../H3_echo_bsp/ps7_cortexa9_0/include -MMD -MP -MF"src/echo.d" -MT"src/echo.o" -o "src/echo.o" "../src/echo.c"
../src/echo.c: In function 'recv_callback':
../src/echo.c:83:14: warning: comparison of distinct pointer types lacks a cast
   if (sample == "0"){
              ^~
../src/echo.c:83:14: warning: comparison with string literal results in unspecified behavior [-Waddress]
../src/echo.c:87:19: warning: comparison of distinct pointer types lacks a cast
   else if (sample == "1"){
                   ^~
../src/echo.c:87:19: warning: comparison with string literal results in unspecified behavior [-Waddress]
../src/echo.c:90:19: warning: comparison of distinct pointer types lacks a cast
   else if (sample == "2"){
                   ^~
../src/echo.c:90:19: warning: comparison with string literal results in unspecified behavior [-Waddress]
../src/echo.c:93:19: warning: comparison of distinct pointer types lacks a cast
   else if (sample == "3"){
                   ^~
../src/echo.c:93:19: warning: comparison with string literal results in unspecified behavior [-Waddress]
'Finished building: ../src/echo.c'
' '
'Building target: H3_echo.elf'
'Invoking: ARM v7 gcc linker'
arm-none-eabi-gcc -mcpu=cortex-a9 -mfpu=vfpv3 -mfloat-abi=hard -Wl,-build-id=none -specs=Xilinx.spec -Wl,-T -Wl,../src/lscript.ld -L../../H3_echo_bsp/ps7_cortexa9_0/lib -o "H3_echo.elf"  ./src/echo.o ./src/i2c_access.o ./src/iic_phyreset.o ./src/main.o ./src/platform.o ./src/platform_mb.o ./src/platform_ppc.o ./src/platform_zynq.o ./src/platform_zynqmp.o ./src/sfp.o ./src/si5324.o   -Wl,--start-group,-lxil,-lgcc,-lc,--end-group -Wl,--start-group,-lxil,-llwip4,-lgcc,-lc,--end-group
'Finished building target: H3_echo.elf'
' '
'Invoking: ARM v7 Print Size'
arm-none-eabi-size H3_echo.elf  |tee "H3_echo.elf.size"
   text	   data	    bss	    dec	    hex	filename
 102056	   3032	5364032	5469120	 5373c0	H3_echo.elf
'Finished building: H3_echo.elf.size'
' '
16:23:38 **** Incremental Build of configuration Debug for project H3_echo ****
make pre-build main-build 
a9-linaro-pre-build-step
' '
make: Nothing to be done for 'main-build'.
16:24:03 **** Auto Build of configuration Debug for project H3_echo ****
make pre-build main-build 
a9-linaro-pre-build-step
' '
'Building file: ../src/echo.c'
'Invoking: ARM v7 gcc compiler'
arm-none-eabi-gcc -Wall -O0 -g3 -c -fmessage-length=0 -MT"src/echo.o" -mcpu=cortex-a9 -mfpu=vfpv3 -mfloat-abi=hard -I../../H3_echo_bsp/ps7_cortexa9_0/include -MMD -MP -MF"src/echo.d" -MT"src/echo.o" -o "src/echo.o" "../src/echo.c"
../src/echo.c: In function 'recv_callback':
../src/echo.c:83:14: warning: comparison of distinct pointer types lacks a cast
   if (sample == "0"){
              ^~
../src/echo.c:83:14: warning: comparison with string literal results in unspecified behavior [-Waddress]
../src/echo.c:87:19: warning: comparison of distinct pointer types lacks a cast
   else if (sample == "1"){
                   ^~
../src/echo.c:87:19: warning: comparison with string literal results in unspecified behavior [-Waddress]
../src/echo.c:90:19: warning: comparison of distinct pointer types lacks a cast
   else if (sample == "2"){
                   ^~
../src/echo.c:90:19: warning: comparison with string literal results in unspecified behavior [-Waddress]
../src/echo.c:93:19: warning: comparison of distinct pointer types lacks a cast
   else if (sample == "3"){
                   ^~
../src/echo.c:93:19: warning: comparison with string literal results in unspecified behavior [-Waddress]
'Finished building: ../src/echo.c'
' '
'Building target: H3_echo.elf'
'Invoking: ARM v7 gcc linker'
arm-none-eabi-gcc -mcpu=cortex-a9 -mfpu=vfpv3 -mfloat-abi=hard -Wl,-build-id=none -specs=Xilinx.spec -Wl,-T -Wl,../src/lscript.ld -L../../H3_echo_bsp/ps7_cortexa9_0/lib -o "H3_echo.elf"  ./src/echo.o ./src/i2c_access.o ./src/iic_phyreset.o ./src/main.o ./src/platform.o ./src/platform_mb.o ./src/platform_ppc.o ./src/platform_zynq.o ./src/platform_zynqmp.o ./src/sfp.o ./src/si5324.o   -Wl,--start-group,-lxil,-lgcc,-lc,--end-group -Wl,--start-group,-lxil,-llwip4,-lgcc,-lc,--end-group
'Finished building target: H3_echo.elf'
' '
'Invoking: ARM v7 Print Size'
arm-none-eabi-size H3_echo.elf  |tee "H3_echo.elf.size"
   text	   data	    bss	    dec	    hex	filename
 102056	   3032	5364032	5469120	 5373c0	H3_echo.elf
'Finished building: H3_echo.elf.size'
' '
16:24:26 **** Incremental Build of configuration Debug for project H3_echo ****
make pre-build main-build 
a9-linaro-pre-build-step
' '
make: Nothing to be done for 'main-build'.
16:26:06 **** Auto Build of configuration Debug for project H3_echo ****
make pre-build main-build 
a9-linaro-pre-build-step
' '
'Building file: ../src/echo.c'
'Invoking: ARM v7 gcc compiler'
arm-none-eabi-gcc -Wall -O0 -g3 -c -fmessage-length=0 -MT"src/echo.o" -mcpu=cortex-a9 -mfpu=vfpv3 -mfloat-abi=hard -I../../H3_echo_bsp/ps7_cortexa9_0/include -MMD -MP -MF"src/echo.d" -MT"src/echo.o" -o "src/echo.o" "../src/echo.c"
../src/echo.c: In function 'recv_callback':
../src/echo.c:83:14: warning: comparison of distinct pointer types lacks a cast
   if (sample == "0"){
              ^~
../src/echo.c:83:14: warning: comparison with string literal results in unspecified behavior [-Waddress]
../src/echo.c:87:19: warning: comparison of distinct pointer types lacks a cast
   else if (sample == "1"){
                   ^~
../src/echo.c:87:19: warning: comparison with string literal results in unspecified behavior [-Waddress]
../src/echo.c:90:19: warning: comparison of distinct pointer types lacks a cast
   else if (sample == "2"){
                   ^~
../src/echo.c:90:19: warning: comparison with string literal results in unspecified behavior [-Waddress]
../src/echo.c:93:19: warning: comparison of distinct pointer types lacks a cast
   else if (sample == "3"){
                   ^~
../src/echo.c:93:19: warning: comparison with string literal results in unspecified behavior [-Waddress]
'Finished building: ../src/echo.c'
' '
'Building target: H3_echo.elf'
'Invoking: ARM v7 gcc linker'
arm-none-eabi-gcc -mcpu=cortex-a9 -mfpu=vfpv3 -mfloat-abi=hard -Wl,-build-id=none -specs=Xilinx.spec -Wl,-T -Wl,../src/lscript.ld -L../../H3_echo_bsp/ps7_cortexa9_0/lib -o "H3_echo.elf"  ./src/echo.o ./src/i2c_access.o ./src/iic_phyreset.o ./src/main.o ./src/platform.o ./src/platform_mb.o ./src/platform_ppc.o ./src/platform_zynq.o ./src/platform_zynqmp.o ./src/sfp.o ./src/si5324.o   -Wl,--start-group,-lxil,-lgcc,-lc,--end-group -Wl,--start-group,-lxil,-llwip4,-lgcc,-lc,--end-group
'Finished building target: H3_echo.elf'
' '
'Invoking: ARM v7 Print Size'
arm-none-eabi-size H3_echo.elf  |tee "H3_echo.elf.size"
   text	   data	    bss	    dec	    hex	filename
 102056	   3032	5364032	5469120	 5373c0	H3_echo.elf
'Finished building: H3_echo.elf.size'
' '
16:26:31 **** Incremental Build of configuration Debug for project H3_echo ****
make pre-build main-build 
a9-linaro-pre-build-step
' '
make: Nothing to be done for 'main-build'.
16:27:21 **** Auto Build of configuration Debug for project H3_echo ****
make pre-build main-build 
a9-linaro-pre-build-step
' '
'Building file: ../src/echo.c'
'Invoking: ARM v7 gcc compiler'
arm-none-eabi-gcc -Wall -O0 -g3 -c -fmessage-length=0 -MT"src/echo.o" -mcpu=cortex-a9 -mfpu=vfpv3 -mfloat-abi=hard -I../../H3_echo_bsp/ps7_cortexa9_0/include -MMD -MP -MF"src/echo.d" -MT"src/echo.o" -o "src/echo.o" "../src/echo.c"
../src/echo.c: In function 'recv_callback':
../src/echo.c:83:15: warning: comparison between pointer and integer
   if (*sample == "0"){
               ^~
../src/echo.c:83:15: warning: comparison with string literal results in unspecified behavior [-Waddress]
../src/echo.c:87:19: warning: comparison of distinct pointer types lacks a cast
   else if (sample == "1"){
                   ^~
../src/echo.c:87:19: warning: comparison with string literal results in unspecified behavior [-Waddress]
../src/echo.c:90:19: warning: comparison of distinct pointer types lacks a cast
   else if (sample == "2"){
                   ^~
../src/echo.c:90:19: warning: comparison with string literal results in unspecified behavior [-Waddress]
../src/echo.c:93:19: warning: comparison of distinct pointer types lacks a cast
   else if (sample == "3"){
                   ^~
../src/echo.c:93:19: warning: comparison with string literal results in unspecified behavior [-Waddress]
'Finished building: ../src/echo.c'
' '
'Building target: H3_echo.elf'
'Invoking: ARM v7 gcc linker'
arm-none-eabi-gcc -mcpu=cortex-a9 -mfpu=vfpv3 -mfloat-abi=hard -Wl,-build-id=none -specs=Xilinx.spec -Wl,-T -Wl,../src/lscript.ld -L../../H3_echo_bsp/ps7_cortexa9_0/lib -o "H3_echo.elf"  ./src/echo.o ./src/i2c_access.o ./src/iic_phyreset.o ./src/main.o ./src/platform.o ./src/platform_mb.o ./src/platform_ppc.o ./src/platform_zynq.o ./src/platform_zynqmp.o ./src/sfp.o ./src/si5324.o   -Wl,--start-group,-lxil,-lgcc,-lc,--end-group -Wl,--start-group,-lxil,-llwip4,-lgcc,-lc,--end-group
'Finished building target: H3_echo.elf'
' '
'Invoking: ARM v7 Print Size'
arm-none-eabi-size H3_echo.elf  |tee "H3_echo.elf.size"
   text	   data	    bss	    dec	    hex	filename
 102056	   3032	5364032	5469120	 5373c0	H3_echo.elf
'Finished building: H3_echo.elf.size'
' '
16:27:37 **** Incremental Build of configuration Debug for project H3_echo ****
make pre-build main-build 
a9-linaro-pre-build-step
' '
make: Nothing to be done for 'main-build'.
16:28:08 **** Auto Build of configuration Debug for project H3_echo ****
make pre-build main-build 
a9-linaro-pre-build-step
' '
'Building file: ../src/echo.c'
'Invoking: ARM v7 gcc compiler'
arm-none-eabi-gcc -Wall -O0 -g3 -c -fmessage-length=0 -MT"src/echo.o" -mcpu=cortex-a9 -mfpu=vfpv3 -mfloat-abi=hard -I../../H3_echo_bsp/ps7_cortexa9_0/include -MMD -MP -MF"src/echo.d" -MT"src/echo.o" -o "src/echo.o" "../src/echo.c"
../src/echo.c: In function 'recv_callback':
../src/echo.c:87:19: warning: comparison of distinct pointer types lacks a cast
   else if (sample == "1"){
                   ^~
../src/echo.c:87:19: warning: comparison with string literal results in unspecified behavior [-Waddress]
../src/echo.c:90:19: warning: comparison of distinct pointer types lacks a cast
   else if (sample == "2"){
                   ^~
../src/echo.c:90:19: warning: comparison with string literal results in unspecified behavior [-Waddress]
../src/echo.c:93:19: warning: comparison of distinct pointer types lacks a cast
   else if (sample == "3"){
                   ^~
../src/echo.c:93:19: warning: comparison with string literal results in unspecified behavior [-Waddress]
'Finished building: ../src/echo.c'
' '
'Building target: H3_echo.elf'
'Invoking: ARM v7 gcc linker'
arm-none-eabi-gcc -mcpu=cortex-a9 -mfpu=vfpv3 -mfloat-abi=hard -Wl,-build-id=none -specs=Xilinx.spec -Wl,-T -Wl,../src/lscript.ld -L../../H3_echo_bsp/ps7_cortexa9_0/lib -o "H3_echo.elf"  ./src/echo.o ./src/i2c_access.o ./src/iic_phyreset.o ./src/main.o ./src/platform.o ./src/platform_mb.o ./src/platform_ppc.o ./src/platform_zynq.o ./src/platform_zynqmp.o ./src/sfp.o ./src/si5324.o   -Wl,--start-group,-lxil,-lgcc,-lc,--end-group -Wl,--start-group,-lxil,-llwip4,-lgcc,-lc,--end-group
'Finished building target: H3_echo.elf'
' '
'Invoking: ARM v7 Print Size'
arm-none-eabi-size H3_echo.elf  |tee "H3_echo.elf.size"
   text	   data	    bss	    dec	    hex	filename
 102052	   3032	5364032	5469116	 5373bc	H3_echo.elf
'Finished building: H3_echo.elf.size'
' '
16:28:23 **** Incremental Build of configuration Debug for project H3_echo ****
make pre-build main-build 
a9-linaro-pre-build-step
' '
make: Nothing to be done for 'main-build'.
16:29:42 **** Auto Build of configuration Debug for project H3_echo ****
make pre-build main-build 
a9-linaro-pre-build-step
' '
'Building file: ../src/echo.c'
'Invoking: ARM v7 gcc compiler'
arm-none-eabi-gcc -Wall -O0 -g3 -c -fmessage-length=0 -MT"src/echo.o" -mcpu=cortex-a9 -mfpu=vfpv3 -mfloat-abi=hard -I../../H3_echo_bsp/ps7_cortexa9_0/include -MMD -MP -MF"src/echo.d" -MT"src/echo.o" -o "src/echo.o" "../src/echo.c"
../src/echo.c: In function 'recv_callback':
../src/echo.c:87:19: warning: comparison between pointer and integer
   else if (sample == 49){ // 1
                   ^~
../src/echo.c:90:19: warning: comparison between pointer and integer
   else if (sample == 50){ // 2
                   ^~
../src/echo.c:93:19: warning: comparison between pointer and integer
   else if (sample == 51){ // 3
                   ^~
'Finished building: ../src/echo.c'
' '
'Building target: H3_echo.elf'
'Invoking: ARM v7 gcc linker'
arm-none-eabi-gcc -mcpu=cortex-a9 -mfpu=vfpv3 -mfloat-abi=hard -Wl,-build-id=none -specs=Xilinx.spec -Wl,-T -Wl,../src/lscript.ld -L../../H3_echo_bsp/ps7_cortexa9_0/lib -o "H3_echo.elf"  ./src/echo.o ./src/i2c_access.o ./src/iic_phyreset.o ./src/main.o ./src/platform.o ./src/platform_mb.o ./src/platform_ppc.o ./src/platform_zynq.o ./src/platform_zynqmp.o ./src/sfp.o ./src/si5324.o   -Wl,--start-group,-lxil,-lgcc,-lc,--end-group -Wl,--start-group,-lxil,-llwip4,-lgcc,-lc,--end-group
'Finished building target: H3_echo.elf'
' '
'Invoking: ARM v7 Print Size'
arm-none-eabi-size H3_echo.elf  |tee "H3_echo.elf.size"
   text	   data	    bss	    dec	    hex	filename
 102040	   3032	5364032	5469104	 5373b0	H3_echo.elf
'Finished building: H3_echo.elf.size'
' '
16:30:15 **** Incremental Build of configuration Debug for project H3_echo ****
make pre-build main-build 
a9-linaro-pre-build-step
' '
make: Nothing to be done for 'main-build'.
16:32:28 **** Incremental Build of configuration Debug for project H3_echo ****
make pre-build main-build 
a9-linaro-pre-build-step
' '
make: Nothing to be done for 'main-build'.
16:34:33 **** Auto Build of configuration Debug for project H3_echo ****
make pre-build main-build 
a9-linaro-pre-build-step
' '
'Building file: ../src/echo.c'
'Invoking: ARM v7 gcc compiler'
arm-none-eabi-gcc -Wall -O0 -g3 -c -fmessage-length=0 -MT"src/echo.o" -mcpu=cortex-a9 -mfpu=vfpv3 -mfloat-abi=hard -I../../H3_echo_bsp/ps7_cortexa9_0/include -MMD -MP -MF"src/echo.d" -MT"src/echo.o" -o "src/echo.o" "../src/echo.c"
'Finished building: ../src/echo.c'
' '
'Building target: H3_echo.elf'
'Invoking: ARM v7 gcc linker'
arm-none-eabi-gcc -mcpu=cortex-a9 -mfpu=vfpv3 -mfloat-abi=hard -Wl,-build-id=none -specs=Xilinx.spec -Wl,-T -Wl,../src/lscript.ld -L../../H3_echo_bsp/ps7_cortexa9_0/lib -o "H3_echo.elf"  ./src/echo.o ./src/i2c_access.o ./src/iic_phyreset.o ./src/main.o ./src/platform.o ./src/platform_mb.o ./src/platform_ppc.o ./src/platform_zynq.o ./src/platform_zynqmp.o ./src/sfp.o ./src/si5324.o   -Wl,--start-group,-lxil,-lgcc,-lc,--end-group -Wl,--start-group,-lxil,-llwip4,-lgcc,-lc,--end-group
'Finished building target: H3_echo.elf'
' '
'Invoking: ARM v7 Print Size'
arm-none-eabi-size H3_echo.elf  |tee "H3_echo.elf.size"
   text	   data	    bss	    dec	    hex	filename
 102040	   3032	5364032	5469104	 5373b0	H3_echo.elf
'Finished building: H3_echo.elf.size'
' '
16:35:55 **** Incremental Build of configuration Debug for project H3_echo ****
make pre-build main-build 
a9-linaro-pre-build-step
' '
make: Nothing to be done for 'main-build'.
16:40:52 **** Auto Build of configuration Debug for project H3_echo ****
make pre-build main-build 
a9-linaro-pre-build-step
' '
'Building file: ../src/echo.c'
'Invoking: ARM v7 gcc compiler'
arm-none-eabi-gcc -Wall -O0 -g3 -c -fmessage-length=0 -MT"src/echo.o" -mcpu=cortex-a9 -mfpu=vfpv3 -mfloat-abi=hard -I../../H3_echo_bsp/ps7_cortexa9_0/include -MMD -MP -MF"src/echo.d" -MT"src/echo.o" -o "src/echo.o" "../src/echo.c"
'Finished building: ../src/echo.c'
' '
'Building target: H3_echo.elf'
'Invoking: ARM v7 gcc linker'
arm-none-eabi-gcc -mcpu=cortex-a9 -mfpu=vfpv3 -mfloat-abi=hard -Wl,-build-id=none -specs=Xilinx.spec -Wl,-T -Wl,../src/lscript.ld -L../../H3_echo_bsp/ps7_cortexa9_0/lib -o "H3_echo.elf"  ./src/echo.o ./src/i2c_access.o ./src/iic_phyreset.o ./src/main.o ./src/platform.o ./src/platform_mb.o ./src/platform_ppc.o ./src/platform_zynq.o ./src/platform_zynqmp.o ./src/sfp.o ./src/si5324.o   -Wl,--start-group,-lxil,-lgcc,-lc,--end-group -Wl,--start-group,-lxil,-llwip4,-lgcc,-lc,--end-group
'Finished building target: H3_echo.elf'
' '
'Invoking: ARM v7 Print Size'
arm-none-eabi-size H3_echo.elf  |tee "H3_echo.elf.size"
   text	   data	    bss	    dec	    hex	filename
 102112	   3032	5364032	5469176	 5373f8	H3_echo.elf
'Finished building: H3_echo.elf.size'
' '
16:42:19 **** Incremental Build of configuration Debug for project H3_echo ****
make pre-build main-build 
a9-linaro-pre-build-step
' '
make: Nothing to be done for 'main-build'.
