Copyright 1986-2018 Xilinx, Inc. All Rights Reserved.
-----------------------------------------------------------------------------------------------------------------------------------------------------------------------------------------------------------------
| Tool Version : Vivado v.2018.3 (win64) Build 2405991 Thu Dec  6 23:38:27 MST 2018
| Date         : Fri Mar 21 16:44:51 2025
| Host         : U211170 running 64-bit major release  (build 9200)
| Command      : report_timing_summary -max_paths 10 -file system_wrapper_timing_summary_routed.rpt -pb system_wrapper_timing_summary_routed.pb -rpx system_wrapper_timing_summary_routed.rpx -warn_on_violation
| Design       : system_wrapper
| Device       : 7z020-clg484
| Speed File   : -1  PRODUCTION 1.11 2014-09-11
-----------------------------------------------------------------------------------------------------------------------------------------------------------------------------------------------------------------

Timing Summary Report

------------------------------------------------------------------------------------------------
| Timer Settings
| --------------
------------------------------------------------------------------------------------------------

  Enable Multi Corner Analysis               :  Yes
  Enable Pessimism Removal                   :  Yes
  Pessimism Removal Resolution               :  Nearest Common Node
  Enable Input Delay Default Clock           :  No
  Enable Preset / Clear Arcs                 :  No
  Disable Flight Delays                      :  No
  Ignore I/O Paths                           :  No
  Timing Early Launch at Borrowing Latches   :  false

  Corner  Analyze    Analyze    
  Name    Max Paths  Min Paths  
  ------  ---------  ---------  
  Slow    Yes        Yes        
  Fast    Yes        Yes        



check_timing report

Table of Contents
-----------------
1. checking no_clock
2. checking constant_clock
3. checking pulse_width_clock
4. checking unconstrained_internal_endpoints
5. checking no_input_delay
6. checking no_output_delay
7. checking multiple_clock
8. checking generated_clocks
9. checking loops
10. checking partial_input_delay
11. checking partial_output_delay
12. checking latch_loops

1. checking no_clock
--------------------
 There are 0 register/latch pins with no clock.


2. checking constant_clock
--------------------------
 There are 0 register/latch pins with constant_clock.


3. checking pulse_width_clock
-----------------------------
 There are 0 register/latch pins which need pulse_width check


4. checking unconstrained_internal_endpoints
--------------------------------------------
 There are 0 pins that are not constrained for maximum delay.

 There are 0 pins that are not constrained for maximum delay due to constant clock.


5. checking no_input_delay
--------------------------
 There are 13 input ports with no input delay specified. (HIGH)

 There are 0 input ports with no input delay but user has a false path constraint.


6. checking no_output_delay
---------------------------
 There are 8 ports with no output delay specified. (HIGH)

 There are 0 ports with no output delay but user has a false path constraint

 There are 0 ports with no output delay but with a timing clock defined on it or propagating through it


7. checking multiple_clock
--------------------------
 There are 0 register/latch pins with multiple clocks.


8. checking generated_clocks
----------------------------
 There are 0 generated clocks that are not connected to a clock source.


9. checking loops
-----------------
 There are 0 combinational loops in the design.


10. checking partial_input_delay
--------------------------------
 There are 0 input ports with partial input delay specified.


11. checking partial_output_delay
---------------------------------
 There are 0 ports with partial output delay specified.


12. checking latch_loops
------------------------
 There are 0 combinational latch loops in the design through latch input



------------------------------------------------------------------------------------------------
| Design Timing Summary
| ---------------------
------------------------------------------------------------------------------------------------

    WNS(ns)      TNS(ns)  TNS Failing Endpoints  TNS Total Endpoints      WHS(ns)      THS(ns)  THS Failing Endpoints  THS Total Endpoints     WPWS(ns)     TPWS(ns)  TPWS Failing Endpoints  TPWS Total Endpoints  
    -------      -------  ---------------------  -------------------      -------      -------  ---------------------  -------------------     --------     --------  ----------------------  --------------------  
     -9.456     -143.055                     76                 3881        0.073        0.000                      0                 3881        4.020        0.000                       0                  1820  


Timing constraints are not met.


------------------------------------------------------------------------------------------------
| Clock Summary
| -------------
------------------------------------------------------------------------------------------------

Clock       Waveform(ns)       Period(ns)      Frequency(MHz)
-----       ------------       ----------      --------------
clk_fpga_0  {0.000 5.000}      10.000          100.000         


------------------------------------------------------------------------------------------------
| Intra Clock Table
| -----------------
------------------------------------------------------------------------------------------------

Clock             WNS(ns)      TNS(ns)  TNS Failing Endpoints  TNS Total Endpoints      WHS(ns)      THS(ns)  THS Failing Endpoints  THS Total Endpoints     WPWS(ns)     TPWS(ns)  TPWS Failing Endpoints  TPWS Total Endpoints  
-----             -------      -------  ---------------------  -------------------      -------      -------  ---------------------  -------------------     --------     --------  ----------------------  --------------------  
clk_fpga_0         -9.456     -143.055                     76                 3881        0.073        0.000                      0                 3881        4.020        0.000                       0                  1820  


------------------------------------------------------------------------------------------------
| Inter Clock Table
| -----------------
------------------------------------------------------------------------------------------------

From Clock    To Clock          WNS(ns)      TNS(ns)  TNS Failing Endpoints  TNS Total Endpoints      WHS(ns)      THS(ns)  THS Failing Endpoints  THS Total Endpoints  
----------    --------          -------      -------  ---------------------  -------------------      -------      -------  ---------------------  -------------------  


------------------------------------------------------------------------------------------------
| Other Path Groups Table
| -----------------------
------------------------------------------------------------------------------------------------

Path Group    From Clock    To Clock          WNS(ns)      TNS(ns)  TNS Failing Endpoints  TNS Total Endpoints      WHS(ns)      THS(ns)  THS Failing Endpoints  THS Total Endpoints  
----------    ----------    --------          -------      -------  ---------------------  -------------------      -------      -------  ---------------------  -------------------  


------------------------------------------------------------------------------------------------
| Timing Details
| --------------
------------------------------------------------------------------------------------------------


---------------------------------------------------------------------------------------------------
From Clock:  clk_fpga_0
  To Clock:  clk_fpga_0

Setup :           76  Failing Endpoints,  Worst Slack       -9.456ns,  Total Violation     -143.055ns
Hold  :            0  Failing Endpoints,  Worst Slack        0.073ns,  Total Violation        0.000ns
PW    :            0  Failing Endpoints,  Worst Slack        4.020ns,  Total Violation        0.000ns
---------------------------------------------------------------------------------------------------


Max Delay Paths
--------------------------------------------------------------------------------------
Slack (VIOLATED) :        -9.456ns  (required time - arrival time)
  Source:                 system_i/ps7_0_axi_periph/m02_couplers/auto_pc/inst/gen_axilite.gen_b2s_conv.axilite_b2s/SI_REG/aw.aw_pipe/m_payload_i_reg[35]/C
                            (rising edge-triggered cell FDRE clocked by clk_fpga_0  {rise@0.000ns fall@5.000ns period=10.000ns})
  Destination:            system_i/ps7_0_axi_periph/m02_couplers/auto_pc/inst/gen_axilite.gen_b2s_conv.axilite_b2s/WR.aw_channel_0/cmd_translator_0/wrap_cmd_0/wrap_cnt_r_reg[2]/D
                            (rising edge-triggered cell FDRE clocked by clk_fpga_0  {rise@0.000ns fall@5.000ns period=10.000ns})
  Path Group:             clk_fpga_0
  Path Type:              Setup (Max at Slow Process Corner)
  Requirement:            10.000ns  (clk_fpga_0 rise@10.000ns - clk_fpga_0 rise@0.000ns)
  Data Path Delay:        22.205ns  (logic 0.952ns (4.287%)  route 21.253ns (95.713%))
  Logic Levels:           4  (LUT3=1 LUT6=3)
  Clock Path Skew:        2.875ns (DCD - SCD + CPR)
    Destination Clock Delay (DCD):    5.290ns = ( 15.290 - 10.000 ) 
    Source Clock Delay      (SCD):    2.532ns
    Clock Pessimism Removal (CPR):    0.117ns
  Clock Uncertainty:      0.154ns  ((TSJ^2 + TIJ^2)^1/2 + DJ) / 2 + PE
    Total System Jitter     (TSJ):    0.071ns
    Total Input Jitter      (TIJ):    0.300ns
    Discrete Jitter          (DJ):    0.000ns
    Phase Error              (PE):    0.000ns

    Location             Delay type                Incr(ns)  Path(ns)    Netlist Resource(s)
  -------------------------------------------------------------------    -------------------
                         (clock clk_fpga_0 rise edge)
                                                      0.000     0.000 r  
    PS7_X0Y0             PS7                          0.000     0.000 r  system_i/processing_system7_0/inst/PS7_i/FCLKCLK[0]
                         net (fo=1821, routed)        2.532     2.532    system_i/ps7_0_axi_periph/m02_couplers/auto_pc/inst/gen_axilite.gen_b2s_conv.axilite_b2s/SI_REG/aw.aw_pipe/aclk
    SLICE_X37Y104        FDRE                                         r  system_i/ps7_0_axi_periph/m02_couplers/auto_pc/inst/gen_axilite.gen_b2s_conv.axilite_b2s/SI_REG/aw.aw_pipe/m_payload_i_reg[35]/C
  -------------------------------------------------------------------    -------------------
    SLICE_X37Y104        FDRE (Prop_fdre_C_Q)         0.456     2.988 r  system_i/ps7_0_axi_periph/m02_couplers/auto_pc/inst/gen_axilite.gen_b2s_conv.axilite_b2s/SI_REG/aw.aw_pipe/m_payload_i_reg[35]/Q
                         net (fo=23, routed)          6.070     9.058    system_i/ps7_0_axi_periph/m02_couplers/auto_pc/inst/gen_axilite.gen_b2s_conv.axilite_b2s/SI_REG/aw.aw_pipe/m_payload_i_reg[53]_0[35]
    SLICE_X40Y107        LUT6 (Prop_lut6_I4_O)        0.124     9.182 r  system_i/ps7_0_axi_periph/m02_couplers/auto_pc/inst/gen_axilite.gen_b2s_conv.axilite_b2s/SI_REG/aw.aw_pipe/axaddr_offset_r[0]_i_2/O
                         net (fo=1, routed)           5.463    14.645    system_i/ps7_0_axi_periph/m02_couplers/auto_pc/inst/gen_axilite.gen_b2s_conv.axilite_b2s/SI_REG/aw.aw_pipe/axaddr_offset_r[0]_i_2_n_0
    SLICE_X41Y107        LUT6 (Prop_lut6_I0_O)        0.124    14.769 r  system_i/ps7_0_axi_periph/m02_couplers/auto_pc/inst/gen_axilite.gen_b2s_conv.axilite_b2s/SI_REG/aw.aw_pipe/axaddr_offset_r[0]_i_1/O
                         net (fo=7, routed)           5.105    19.874    system_i/ps7_0_axi_periph/m02_couplers/auto_pc/inst/gen_axilite.gen_b2s_conv.axilite_b2s/SI_REG/aw.aw_pipe/m_payload_i_reg[44]_0
    SLICE_X41Y107        LUT6 (Prop_lut6_I4_O)        0.124    19.998 r  system_i/ps7_0_axi_periph/m02_couplers/auto_pc/inst/gen_axilite.gen_b2s_conv.axilite_b2s/SI_REG/aw.aw_pipe/wrap_second_len_r[2]_i_1/O
                         net (fo=3, routed)           4.616    24.613    system_i/ps7_0_axi_periph/m02_couplers/auto_pc/inst/gen_axilite.gen_b2s_conv.axilite_b2s/SI_REG/aw.aw_pipe/wrap_second_len[1]
    SLICE_X41Y107        LUT3 (Prop_lut3_I2_O)        0.124    24.737 r  system_i/ps7_0_axi_periph/m02_couplers/auto_pc/inst/gen_axilite.gen_b2s_conv.axilite_b2s/SI_REG/aw.aw_pipe/wrap_cnt_r[2]_i_1/O
                         net (fo=1, routed)           0.000    24.737    system_i/ps7_0_axi_periph/m02_couplers/auto_pc/inst/gen_axilite.gen_b2s_conv.axilite_b2s/WR.aw_channel_0/cmd_translator_0/wrap_cmd_0/wrap_cnt_r_reg[3]_0[2]
    SLICE_X41Y107        FDRE                                         r  system_i/ps7_0_axi_periph/m02_couplers/auto_pc/inst/gen_axilite.gen_b2s_conv.axilite_b2s/WR.aw_channel_0/cmd_translator_0/wrap_cmd_0/wrap_cnt_r_reg[2]/D
  -------------------------------------------------------------------    -------------------

                         (clock clk_fpga_0 rise edge)
                                                     10.000    10.000 r  
    PS7_X0Y0             PS7                          0.000    10.000 r  system_i/processing_system7_0/inst/PS7_i/FCLKCLK[0]
                         net (fo=1821, routed)        5.290    15.290    system_i/ps7_0_axi_periph/m02_couplers/auto_pc/inst/gen_axilite.gen_b2s_conv.axilite_b2s/WR.aw_channel_0/cmd_translator_0/wrap_cmd_0/aclk
    SLICE_X41Y107        FDRE                                         r  system_i/ps7_0_axi_periph/m02_couplers/auto_pc/inst/gen_axilite.gen_b2s_conv.axilite_b2s/WR.aw_channel_0/cmd_translator_0/wrap_cmd_0/wrap_cnt_r_reg[2]/C
                         clock pessimism              0.117    15.407    
                         clock uncertainty           -0.154    15.253    
    SLICE_X41Y107        FDRE (Setup_fdre_C_D)        0.029    15.282    system_i/ps7_0_axi_periph/m02_couplers/auto_pc/inst/gen_axilite.gen_b2s_conv.axilite_b2s/WR.aw_channel_0/cmd_translator_0/wrap_cmd_0/wrap_cnt_r_reg[2]
  -------------------------------------------------------------------
                         required time                         15.282    
                         arrival time                         -24.737    
  -------------------------------------------------------------------
                         slack                                 -9.456    

Slack (VIOLATED) :        -9.436ns  (required time - arrival time)
  Source:                 system_i/ps7_0_axi_periph/m02_couplers/auto_pc/inst/gen_axilite.gen_b2s_conv.axilite_b2s/SI_REG/aw.aw_pipe/m_payload_i_reg[35]/C
                            (rising edge-triggered cell FDRE clocked by clk_fpga_0  {rise@0.000ns fall@5.000ns period=10.000ns})
  Destination:            system_i/ps7_0_axi_periph/m02_couplers/auto_pc/inst/gen_axilite.gen_b2s_conv.axilite_b2s/WR.aw_channel_0/cmd_translator_0/wrap_cmd_0/wrap_cnt_r_reg[3]/D
                            (rising edge-triggered cell FDRE clocked by clk_fpga_0  {rise@0.000ns fall@5.000ns period=10.000ns})
  Path Group:             clk_fpga_0
  Path Type:              Setup (Max at Slow Process Corner)
  Requirement:            10.000ns  (clk_fpga_0 rise@10.000ns - clk_fpga_0 rise@0.000ns)
  Data Path Delay:        22.231ns  (logic 0.978ns (4.399%)  route 21.253ns (95.601%))
  Logic Levels:           4  (LUT4=1 LUT6=3)
  Clock Path Skew:        2.875ns (DCD - SCD + CPR)
    Destination Clock Delay (DCD):    5.290ns = ( 15.290 - 10.000 ) 
    Source Clock Delay      (SCD):    2.532ns
    Clock Pessimism Removal (CPR):    0.117ns
  Clock Uncertainty:      0.154ns  ((TSJ^2 + TIJ^2)^1/2 + DJ) / 2 + PE
    Total System Jitter     (TSJ):    0.071ns
    Total Input Jitter      (TIJ):    0.300ns
    Discrete Jitter          (DJ):    0.000ns
    Phase Error              (PE):    0.000ns

    Location             Delay type                Incr(ns)  Path(ns)    Netlist Resource(s)
  -------------------------------------------------------------------    -------------------
                         (clock clk_fpga_0 rise edge)
                                                      0.000     0.000 r  
    PS7_X0Y0             PS7                          0.000     0.000 r  system_i/processing_system7_0/inst/PS7_i/FCLKCLK[0]
                         net (fo=1821, routed)        2.532     2.532    system_i/ps7_0_axi_periph/m02_couplers/auto_pc/inst/gen_axilite.gen_b2s_conv.axilite_b2s/SI_REG/aw.aw_pipe/aclk
    SLICE_X37Y104        FDRE                                         r  system_i/ps7_0_axi_periph/m02_couplers/auto_pc/inst/gen_axilite.gen_b2s_conv.axilite_b2s/SI_REG/aw.aw_pipe/m_payload_i_reg[35]/C
  -------------------------------------------------------------------    -------------------
    SLICE_X37Y104        FDRE (Prop_fdre_C_Q)         0.456     2.988 r  system_i/ps7_0_axi_periph/m02_couplers/auto_pc/inst/gen_axilite.gen_b2s_conv.axilite_b2s/SI_REG/aw.aw_pipe/m_payload_i_reg[35]/Q
                         net (fo=23, routed)          6.070     9.058    system_i/ps7_0_axi_periph/m02_couplers/auto_pc/inst/gen_axilite.gen_b2s_conv.axilite_b2s/SI_REG/aw.aw_pipe/m_payload_i_reg[53]_0[35]
    SLICE_X40Y107        LUT6 (Prop_lut6_I4_O)        0.124     9.182 r  system_i/ps7_0_axi_periph/m02_couplers/auto_pc/inst/gen_axilite.gen_b2s_conv.axilite_b2s/SI_REG/aw.aw_pipe/axaddr_offset_r[0]_i_2/O
                         net (fo=1, routed)           5.463    14.645    system_i/ps7_0_axi_periph/m02_couplers/auto_pc/inst/gen_axilite.gen_b2s_conv.axilite_b2s/SI_REG/aw.aw_pipe/axaddr_offset_r[0]_i_2_n_0
    SLICE_X41Y107        LUT6 (Prop_lut6_I0_O)        0.124    14.769 r  system_i/ps7_0_axi_periph/m02_couplers/auto_pc/inst/gen_axilite.gen_b2s_conv.axilite_b2s/SI_REG/aw.aw_pipe/axaddr_offset_r[0]_i_1/O
                         net (fo=7, routed)           5.105    19.874    system_i/ps7_0_axi_periph/m02_couplers/auto_pc/inst/gen_axilite.gen_b2s_conv.axilite_b2s/SI_REG/aw.aw_pipe/m_payload_i_reg[44]_0
    SLICE_X41Y107        LUT6 (Prop_lut6_I4_O)        0.124    19.998 r  system_i/ps7_0_axi_periph/m02_couplers/auto_pc/inst/gen_axilite.gen_b2s_conv.axilite_b2s/SI_REG/aw.aw_pipe/wrap_second_len_r[2]_i_1/O
                         net (fo=3, routed)           4.616    24.613    system_i/ps7_0_axi_periph/m02_couplers/auto_pc/inst/gen_axilite.gen_b2s_conv.axilite_b2s/SI_REG/aw.aw_pipe/wrap_second_len[1]
    SLICE_X41Y107        LUT4 (Prop_lut4_I2_O)        0.150    24.763 r  system_i/ps7_0_axi_periph/m02_couplers/auto_pc/inst/gen_axilite.gen_b2s_conv.axilite_b2s/SI_REG/aw.aw_pipe/wrap_cnt_r[3]_i_1/O
                         net (fo=1, routed)           0.000    24.763    system_i/ps7_0_axi_periph/m02_couplers/auto_pc/inst/gen_axilite.gen_b2s_conv.axilite_b2s/WR.aw_channel_0/cmd_translator_0/wrap_cmd_0/wrap_cnt_r_reg[3]_0[3]
    SLICE_X41Y107        FDRE                                         r  system_i/ps7_0_axi_periph/m02_couplers/auto_pc/inst/gen_axilite.gen_b2s_conv.axilite_b2s/WR.aw_channel_0/cmd_translator_0/wrap_cmd_0/wrap_cnt_r_reg[3]/D
  -------------------------------------------------------------------    -------------------

                         (clock clk_fpga_0 rise edge)
                                                     10.000    10.000 r  
    PS7_X0Y0             PS7                          0.000    10.000 r  system_i/processing_system7_0/inst/PS7_i/FCLKCLK[0]
                         net (fo=1821, routed)        5.290    15.290    system_i/ps7_0_axi_periph/m02_couplers/auto_pc/inst/gen_axilite.gen_b2s_conv.axilite_b2s/WR.aw_channel_0/cmd_translator_0/wrap_cmd_0/aclk
    SLICE_X41Y107        FDRE                                         r  system_i/ps7_0_axi_periph/m02_couplers/auto_pc/inst/gen_axilite.gen_b2s_conv.axilite_b2s/WR.aw_channel_0/cmd_translator_0/wrap_cmd_0/wrap_cnt_r_reg[3]/C
                         clock pessimism              0.117    15.407    
                         clock uncertainty           -0.154    15.253    
    SLICE_X41Y107        FDRE (Setup_fdre_C_D)        0.075    15.328    system_i/ps7_0_axi_periph/m02_couplers/auto_pc/inst/gen_axilite.gen_b2s_conv.axilite_b2s/WR.aw_channel_0/cmd_translator_0/wrap_cmd_0/wrap_cnt_r_reg[3]
  -------------------------------------------------------------------
                         required time                         15.328    
                         arrival time                         -24.763    
  -------------------------------------------------------------------
                         slack                                 -9.436    

Slack (VIOLATED) :        -7.039ns  (required time - arrival time)
  Source:                 system_i/ps7_0_axi_periph/m02_couplers/auto_pc/inst/gen_axilite.gen_b2s_conv.axilite_b2s/SI_REG/ar.ar_pipe/m_payload_i_reg[35]/C
                            (rising edge-triggered cell FDRE clocked by clk_fpga_0  {rise@0.000ns fall@5.000ns period=10.000ns})
  Destination:            system_i/ps7_0_axi_periph/m02_couplers/auto_pc/inst/gen_axilite.gen_b2s_conv.axilite_b2s/RD.ar_channel_0/cmd_translator_0/wrap_cmd_0/wrap_cnt_r_reg[2]/D
                            (rising edge-triggered cell FDRE clocked by clk_fpga_0  {rise@0.000ns fall@5.000ns period=10.000ns})
  Path Group:             clk_fpga_0
  Path Type:              Setup (Max at Slow Process Corner)
  Requirement:            10.000ns  (clk_fpga_0 rise@10.000ns - clk_fpga_0 rise@0.000ns)
  Data Path Delay:        19.141ns  (logic 0.952ns (4.974%)  route 18.189ns (95.026%))
  Logic Levels:           4  (LUT3=1 LUT6=3)
  Clock Path Skew:        2.225ns (DCD - SCD + CPR)
    Destination Clock Delay (DCD):    5.027ns = ( 15.027 - 10.000 ) 
    Source Clock Delay      (SCD):    2.865ns
    Clock Pessimism Removal (CPR):    0.063ns
  Clock Uncertainty:      0.154ns  ((TSJ^2 + TIJ^2)^1/2 + DJ) / 2 + PE
    Total System Jitter     (TSJ):    0.071ns
    Total Input Jitter      (TIJ):    0.300ns
    Discrete Jitter          (DJ):    0.000ns
    Phase Error              (PE):    0.000ns

    Location             Delay type                Incr(ns)  Path(ns)    Netlist Resource(s)
  -------------------------------------------------------------------    -------------------
                         (clock clk_fpga_0 rise edge)
                                                      0.000     0.000 r  
    PS7_X0Y0             PS7                          0.000     0.000 r  system_i/processing_system7_0/inst/PS7_i/FCLKCLK[0]
                         net (fo=1821, routed)        2.865     2.865    system_i/ps7_0_axi_periph/m02_couplers/auto_pc/inst/gen_axilite.gen_b2s_conv.axilite_b2s/SI_REG/ar.ar_pipe/aclk
    SLICE_X31Y108        FDRE                                         r  system_i/ps7_0_axi_periph/m02_couplers/auto_pc/inst/gen_axilite.gen_b2s_conv.axilite_b2s/SI_REG/ar.ar_pipe/m_payload_i_reg[35]/C
  -------------------------------------------------------------------    -------------------
    SLICE_X31Y108        FDRE (Prop_fdre_C_Q)         0.456     3.321 r  system_i/ps7_0_axi_periph/m02_couplers/auto_pc/inst/gen_axilite.gen_b2s_conv.axilite_b2s/SI_REG/ar.ar_pipe/m_payload_i_reg[35]/Q
                         net (fo=23, routed)          4.700     8.021    system_i/ps7_0_axi_periph/m02_couplers/auto_pc/inst/gen_axilite.gen_b2s_conv.axilite_b2s/SI_REG/ar.ar_pipe/Q[35]
    SLICE_X29Y107        LUT6 (Prop_lut6_I4_O)        0.124     8.145 r  system_i/ps7_0_axi_periph/m02_couplers/auto_pc/inst/gen_axilite.gen_b2s_conv.axilite_b2s/SI_REG/ar.ar_pipe/axaddr_offset_r[1]_i_2__0/O
                         net (fo=1, routed)           5.153    13.297    system_i/ps7_0_axi_periph/m02_couplers/auto_pc/inst/gen_axilite.gen_b2s_conv.axilite_b2s/SI_REG/ar.ar_pipe/axaddr_offset_r[1]_i_2__0_n_0
    SLICE_X34Y107        LUT6 (Prop_lut6_I0_O)        0.124    13.421 r  system_i/ps7_0_axi_periph/m02_couplers/auto_pc/inst/gen_axilite.gen_b2s_conv.axilite_b2s/SI_REG/ar.ar_pipe/axaddr_offset_r[1]_i_1__0/O
                         net (fo=7, routed)           3.809    17.230    system_i/ps7_0_axi_periph/m02_couplers/auto_pc/inst/gen_axilite.gen_b2s_conv.axilite_b2s/SI_REG/ar.ar_pipe/m_payload_i_reg[45]_0
    SLICE_X33Y107        LUT6 (Prop_lut6_I3_O)        0.124    17.354 r  system_i/ps7_0_axi_periph/m02_couplers/auto_pc/inst/gen_axilite.gen_b2s_conv.axilite_b2s/SI_REG/ar.ar_pipe/wrap_second_len_r[2]_i_1__0/O
                         net (fo=3, routed)           4.527    21.882    system_i/ps7_0_axi_periph/m02_couplers/auto_pc/inst/gen_axilite.gen_b2s_conv.axilite_b2s/SI_REG/ar.ar_pipe/wrap_second_len_r_reg[3][1]
    SLICE_X33Y108        LUT3 (Prop_lut3_I2_O)        0.124    22.006 r  system_i/ps7_0_axi_periph/m02_couplers/auto_pc/inst/gen_axilite.gen_b2s_conv.axilite_b2s/SI_REG/ar.ar_pipe/wrap_cnt_r[2]_i_1__0/O
                         net (fo=1, routed)           0.000    22.006    system_i/ps7_0_axi_periph/m02_couplers/auto_pc/inst/gen_axilite.gen_b2s_conv.axilite_b2s/RD.ar_channel_0/cmd_translator_0/wrap_cmd_0/wrap_cnt_r_reg[3]_0[2]
    SLICE_X33Y108        FDRE                                         r  system_i/ps7_0_axi_periph/m02_couplers/auto_pc/inst/gen_axilite.gen_b2s_conv.axilite_b2s/RD.ar_channel_0/cmd_translator_0/wrap_cmd_0/wrap_cnt_r_reg[2]/D
  -------------------------------------------------------------------    -------------------

                         (clock clk_fpga_0 rise edge)
                                                     10.000    10.000 r  
    PS7_X0Y0             PS7                          0.000    10.000 r  system_i/processing_system7_0/inst/PS7_i/FCLKCLK[0]
                         net (fo=1821, routed)        5.027    15.027    system_i/ps7_0_axi_periph/m02_couplers/auto_pc/inst/gen_axilite.gen_b2s_conv.axilite_b2s/RD.ar_channel_0/cmd_translator_0/wrap_cmd_0/aclk
    SLICE_X33Y108        FDRE                                         r  system_i/ps7_0_axi_periph/m02_couplers/auto_pc/inst/gen_axilite.gen_b2s_conv.axilite_b2s/RD.ar_channel_0/cmd_translator_0/wrap_cmd_0/wrap_cnt_r_reg[2]/C
                         clock pessimism              0.063    15.090    
                         clock uncertainty           -0.154    14.936    
    SLICE_X33Y108        FDRE (Setup_fdre_C_D)        0.031    14.967    system_i/ps7_0_axi_periph/m02_couplers/auto_pc/inst/gen_axilite.gen_b2s_conv.axilite_b2s/RD.ar_channel_0/cmd_translator_0/wrap_cmd_0/wrap_cnt_r_reg[2]
  -------------------------------------------------------------------
                         required time                         14.967    
                         arrival time                         -22.006    
  -------------------------------------------------------------------
                         slack                                 -7.039    

Slack (VIOLATED) :        -6.990ns  (required time - arrival time)
  Source:                 system_i/ps7_0_axi_periph/m02_couplers/auto_pc/inst/gen_axilite.gen_b2s_conv.axilite_b2s/SI_REG/ar.ar_pipe/m_payload_i_reg[35]/C
                            (rising edge-triggered cell FDRE clocked by clk_fpga_0  {rise@0.000ns fall@5.000ns period=10.000ns})
  Destination:            system_i/ps7_0_axi_periph/m02_couplers/auto_pc/inst/gen_axilite.gen_b2s_conv.axilite_b2s/RD.ar_channel_0/cmd_translator_0/wrap_cmd_0/wrap_cnt_r_reg[3]/D
                            (rising edge-triggered cell FDRE clocked by clk_fpga_0  {rise@0.000ns fall@5.000ns period=10.000ns})
  Path Group:             clk_fpga_0
  Path Type:              Setup (Max at Slow Process Corner)
  Requirement:            10.000ns  (clk_fpga_0 rise@10.000ns - clk_fpga_0 rise@0.000ns)
  Data Path Delay:        19.136ns  (logic 0.947ns (4.949%)  route 18.189ns (95.051%))
  Logic Levels:           4  (LUT4=1 LUT6=3)
  Clock Path Skew:        2.225ns (DCD - SCD + CPR)
    Destination Clock Delay (DCD):    5.027ns = ( 15.027 - 10.000 ) 
    Source Clock Delay      (SCD):    2.865ns
    Clock Pessimism Removal (CPR):    0.063ns
  Clock Uncertainty:      0.154ns  ((TSJ^2 + TIJ^2)^1/2 + DJ) / 2 + PE
    Total System Jitter     (TSJ):    0.071ns
    Total Input Jitter      (TIJ):    0.300ns
    Discrete Jitter          (DJ):    0.000ns
    Phase Error              (PE):    0.000ns

    Location             Delay type                Incr(ns)  Path(ns)    Netlist Resource(s)
  -------------------------------------------------------------------    -------------------
                         (clock clk_fpga_0 rise edge)
                                                      0.000     0.000 r  
    PS7_X0Y0             PS7                          0.000     0.000 r  system_i/processing_system7_0/inst/PS7_i/FCLKCLK[0]
                         net (fo=1821, routed)        2.865     2.865    system_i/ps7_0_axi_periph/m02_couplers/auto_pc/inst/gen_axilite.gen_b2s_conv.axilite_b2s/SI_REG/ar.ar_pipe/aclk
    SLICE_X31Y108        FDRE                                         r  system_i/ps7_0_axi_periph/m02_couplers/auto_pc/inst/gen_axilite.gen_b2s_conv.axilite_b2s/SI_REG/ar.ar_pipe/m_payload_i_reg[35]/C
  -------------------------------------------------------------------    -------------------
    SLICE_X31Y108        FDRE (Prop_fdre_C_Q)         0.456     3.321 r  system_i/ps7_0_axi_periph/m02_couplers/auto_pc/inst/gen_axilite.gen_b2s_conv.axilite_b2s/SI_REG/ar.ar_pipe/m_payload_i_reg[35]/Q
                         net (fo=23, routed)          4.700     8.021    system_i/ps7_0_axi_periph/m02_couplers/auto_pc/inst/gen_axilite.gen_b2s_conv.axilite_b2s/SI_REG/ar.ar_pipe/Q[35]
    SLICE_X29Y107        LUT6 (Prop_lut6_I4_O)        0.124     8.145 r  system_i/ps7_0_axi_periph/m02_couplers/auto_pc/inst/gen_axilite.gen_b2s_conv.axilite_b2s/SI_REG/ar.ar_pipe/axaddr_offset_r[1]_i_2__0/O
                         net (fo=1, routed)           5.153    13.297    system_i/ps7_0_axi_periph/m02_couplers/auto_pc/inst/gen_axilite.gen_b2s_conv.axilite_b2s/SI_REG/ar.ar_pipe/axaddr_offset_r[1]_i_2__0_n_0
    SLICE_X34Y107        LUT6 (Prop_lut6_I0_O)        0.124    13.421 r  system_i/ps7_0_axi_periph/m02_couplers/auto_pc/inst/gen_axilite.gen_b2s_conv.axilite_b2s/SI_REG/ar.ar_pipe/axaddr_offset_r[1]_i_1__0/O
                         net (fo=7, routed)           3.809    17.230    system_i/ps7_0_axi_periph/m02_couplers/auto_pc/inst/gen_axilite.gen_b2s_conv.axilite_b2s/SI_REG/ar.ar_pipe/m_payload_i_reg[45]_0
    SLICE_X33Y107        LUT6 (Prop_lut6_I3_O)        0.124    17.354 r  system_i/ps7_0_axi_periph/m02_couplers/auto_pc/inst/gen_axilite.gen_b2s_conv.axilite_b2s/SI_REG/ar.ar_pipe/wrap_second_len_r[2]_i_1__0/O
                         net (fo=3, routed)           4.527    21.882    system_i/ps7_0_axi_periph/m02_couplers/auto_pc/inst/gen_axilite.gen_b2s_conv.axilite_b2s/SI_REG/ar.ar_pipe/wrap_second_len_r_reg[3][1]
    SLICE_X33Y108        LUT4 (Prop_lut4_I2_O)        0.119    22.001 r  system_i/ps7_0_axi_periph/m02_couplers/auto_pc/inst/gen_axilite.gen_b2s_conv.axilite_b2s/SI_REG/ar.ar_pipe/wrap_cnt_r[3]_i_1__0/O
                         net (fo=1, routed)           0.000    22.001    system_i/ps7_0_axi_periph/m02_couplers/auto_pc/inst/gen_axilite.gen_b2s_conv.axilite_b2s/RD.ar_channel_0/cmd_translator_0/wrap_cmd_0/wrap_cnt_r_reg[3]_0[3]
    SLICE_X33Y108        FDRE                                         r  system_i/ps7_0_axi_periph/m02_couplers/auto_pc/inst/gen_axilite.gen_b2s_conv.axilite_b2s/RD.ar_channel_0/cmd_translator_0/wrap_cmd_0/wrap_cnt_r_reg[3]/D
  -------------------------------------------------------------------    -------------------

                         (clock clk_fpga_0 rise edge)
                                                     10.000    10.000 r  
    PS7_X0Y0             PS7                          0.000    10.000 r  system_i/processing_system7_0/inst/PS7_i/FCLKCLK[0]
                         net (fo=1821, routed)        5.027    15.027    system_i/ps7_0_axi_periph/m02_couplers/auto_pc/inst/gen_axilite.gen_b2s_conv.axilite_b2s/RD.ar_channel_0/cmd_translator_0/wrap_cmd_0/aclk
    SLICE_X33Y108        FDRE                                         r  system_i/ps7_0_axi_periph/m02_couplers/auto_pc/inst/gen_axilite.gen_b2s_conv.axilite_b2s/RD.ar_channel_0/cmd_translator_0/wrap_cmd_0/wrap_cnt_r_reg[3]/C
                         clock pessimism              0.063    15.090    
                         clock uncertainty           -0.154    14.936    
    SLICE_X33Y108        FDRE (Setup_fdre_C_D)        0.075    15.011    system_i/ps7_0_axi_periph/m02_couplers/auto_pc/inst/gen_axilite.gen_b2s_conv.axilite_b2s/RD.ar_channel_0/cmd_translator_0/wrap_cmd_0/wrap_cnt_r_reg[3]
  -------------------------------------------------------------------
                         required time                         15.011    
                         arrival time                         -22.001    
  -------------------------------------------------------------------
                         slack                                 -6.990    

Slack (VIOLATED) :        -6.273ns  (required time - arrival time)
  Source:                 system_i/ps7_0_axi_periph/m02_couplers/auto_pc/inst/gen_axilite.gen_b2s_conv.axilite_b2s/SI_REG/ar.ar_pipe/m_payload_i_reg[35]/C
                            (rising edge-triggered cell FDRE clocked by clk_fpga_0  {rise@0.000ns fall@5.000ns period=10.000ns})
  Destination:            system_i/ps7_0_axi_periph/m02_couplers/auto_pc/inst/gen_axilite.gen_b2s_conv.axilite_b2s/RD.ar_channel_0/cmd_translator_0/wrap_cmd_0/wrap_cnt_r_reg[1]/D
                            (rising edge-triggered cell FDRE clocked by clk_fpga_0  {rise@0.000ns fall@5.000ns period=10.000ns})
  Path Group:             clk_fpga_0
  Path Type:              Setup (Max at Slow Process Corner)
  Requirement:            10.000ns  (clk_fpga_0 rise@10.000ns - clk_fpga_0 rise@0.000ns)
  Data Path Delay:        18.372ns  (logic 0.952ns (5.182%)  route 17.420ns (94.818%))
  Logic Levels:           4  (LUT2=1 LUT6=3)
  Clock Path Skew:        2.225ns (DCD - SCD + CPR)
    Destination Clock Delay (DCD):    5.027ns = ( 15.027 - 10.000 ) 
    Source Clock Delay      (SCD):    2.865ns
    Clock Pessimism Removal (CPR):    0.063ns
  Clock Uncertainty:      0.154ns  ((TSJ^2 + TIJ^2)^1/2 + DJ) / 2 + PE
    Total System Jitter     (TSJ):    0.071ns
    Total Input Jitter      (TIJ):    0.300ns
    Discrete Jitter          (DJ):    0.000ns
    Phase Error              (PE):    0.000ns

    Location             Delay type                Incr(ns)  Path(ns)    Netlist Resource(s)
  -------------------------------------------------------------------    -------------------
                         (clock clk_fpga_0 rise edge)
                                                      0.000     0.000 r  
    PS7_X0Y0             PS7                          0.000     0.000 r  system_i/processing_system7_0/inst/PS7_i/FCLKCLK[0]
                         net (fo=1821, routed)        2.865     2.865    system_i/ps7_0_axi_periph/m02_couplers/auto_pc/inst/gen_axilite.gen_b2s_conv.axilite_b2s/SI_REG/ar.ar_pipe/aclk
    SLICE_X31Y108        FDRE                                         r  system_i/ps7_0_axi_periph/m02_couplers/auto_pc/inst/gen_axilite.gen_b2s_conv.axilite_b2s/SI_REG/ar.ar_pipe/m_payload_i_reg[35]/C
  -------------------------------------------------------------------    -------------------
    SLICE_X31Y108        FDRE (Prop_fdre_C_Q)         0.456     3.321 r  system_i/ps7_0_axi_periph/m02_couplers/auto_pc/inst/gen_axilite.gen_b2s_conv.axilite_b2s/SI_REG/ar.ar_pipe/m_payload_i_reg[35]/Q
                         net (fo=23, routed)          4.700     8.021    system_i/ps7_0_axi_periph/m02_couplers/auto_pc/inst/gen_axilite.gen_b2s_conv.axilite_b2s/SI_REG/ar.ar_pipe/Q[35]
    SLICE_X29Y107        LUT6 (Prop_lut6_I4_O)        0.124     8.145 r  system_i/ps7_0_axi_periph/m02_couplers/auto_pc/inst/gen_axilite.gen_b2s_conv.axilite_b2s/SI_REG/ar.ar_pipe/axaddr_offset_r[1]_i_2__0/O
                         net (fo=1, routed)           5.153    13.297    system_i/ps7_0_axi_periph/m02_couplers/auto_pc/inst/gen_axilite.gen_b2s_conv.axilite_b2s/SI_REG/ar.ar_pipe/axaddr_offset_r[1]_i_2__0_n_0
    SLICE_X34Y107        LUT6 (Prop_lut6_I0_O)        0.124    13.421 r  system_i/ps7_0_axi_periph/m02_couplers/auto_pc/inst/gen_axilite.gen_b2s_conv.axilite_b2s/SI_REG/ar.ar_pipe/axaddr_offset_r[1]_i_1__0/O
                         net (fo=7, routed)           3.490    16.911    system_i/ps7_0_axi_periph/m02_couplers/auto_pc/inst/gen_axilite.gen_b2s_conv.axilite_b2s/SI_REG/ar.ar_pipe/m_payload_i_reg[45]_0
    SLICE_X33Y107        LUT6 (Prop_lut6_I3_O)        0.124    17.035 r  system_i/ps7_0_axi_periph/m02_couplers/auto_pc/inst/gen_axilite.gen_b2s_conv.axilite_b2s/SI_REG/ar.ar_pipe/wrap_second_len_r[1]_i_1__0/O
                         net (fo=4, routed)           4.078    21.113    system_i/ps7_0_axi_periph/m02_couplers/auto_pc/inst/gen_axilite.gen_b2s_conv.axilite_b2s/SI_REG/ar.ar_pipe/wrap_second_len_r_reg[1]_0
    SLICE_X33Y108        LUT2 (Prop_lut2_I1_O)        0.124    21.237 r  system_i/ps7_0_axi_periph/m02_couplers/auto_pc/inst/gen_axilite.gen_b2s_conv.axilite_b2s/SI_REG/ar.ar_pipe/wrap_cnt_r[1]_i_1__0/O
                         net (fo=1, routed)           0.000    21.237    system_i/ps7_0_axi_periph/m02_couplers/auto_pc/inst/gen_axilite.gen_b2s_conv.axilite_b2s/RD.ar_channel_0/cmd_translator_0/wrap_cmd_0/wrap_cnt_r_reg[3]_0[1]
    SLICE_X33Y108        FDRE                                         r  system_i/ps7_0_axi_periph/m02_couplers/auto_pc/inst/gen_axilite.gen_b2s_conv.axilite_b2s/RD.ar_channel_0/cmd_translator_0/wrap_cmd_0/wrap_cnt_r_reg[1]/D
  -------------------------------------------------------------------    -------------------

                         (clock clk_fpga_0 rise edge)
                                                     10.000    10.000 r  
    PS7_X0Y0             PS7                          0.000    10.000 r  system_i/processing_system7_0/inst/PS7_i/FCLKCLK[0]
                         net (fo=1821, routed)        5.027    15.027    system_i/ps7_0_axi_periph/m02_couplers/auto_pc/inst/gen_axilite.gen_b2s_conv.axilite_b2s/RD.ar_channel_0/cmd_translator_0/wrap_cmd_0/aclk
    SLICE_X33Y108        FDRE                                         r  system_i/ps7_0_axi_periph/m02_couplers/auto_pc/inst/gen_axilite.gen_b2s_conv.axilite_b2s/RD.ar_channel_0/cmd_translator_0/wrap_cmd_0/wrap_cnt_r_reg[1]/C
                         clock pessimism              0.063    15.090    
                         clock uncertainty           -0.154    14.936    
    SLICE_X33Y108        FDRE (Setup_fdre_C_D)        0.029    14.965    system_i/ps7_0_axi_periph/m02_couplers/auto_pc/inst/gen_axilite.gen_b2s_conv.axilite_b2s/RD.ar_channel_0/cmd_translator_0/wrap_cmd_0/wrap_cnt_r_reg[1]
  -------------------------------------------------------------------
                         required time                         14.965    
                         arrival time                         -21.237    
  -------------------------------------------------------------------
                         slack                                 -6.273    

Slack (VIOLATED) :        -5.695ns  (required time - arrival time)
  Source:                 system_i/ps7_0_axi_periph/m02_couplers/auto_pc/inst/gen_axilite.gen_b2s_conv.axilite_b2s/SI_REG/aw.aw_pipe/m_payload_i_reg[35]/C
                            (rising edge-triggered cell FDRE clocked by clk_fpga_0  {rise@0.000ns fall@5.000ns period=10.000ns})
  Destination:            system_i/ps7_0_axi_periph/m02_couplers/auto_pc/inst/gen_axilite.gen_b2s_conv.axilite_b2s/WR.aw_channel_0/cmd_translator_0/wrap_cmd_0/wrap_cnt_r_reg[1]/D
                            (rising edge-triggered cell FDRE clocked by clk_fpga_0  {rise@0.000ns fall@5.000ns period=10.000ns})
  Path Group:             clk_fpga_0
  Path Type:              Setup (Max at Slow Process Corner)
  Requirement:            10.000ns  (clk_fpga_0 rise@10.000ns - clk_fpga_0 rise@0.000ns)
  Data Path Delay:        18.972ns  (logic 0.952ns (5.018%)  route 18.020ns (94.982%))
  Logic Levels:           4  (LUT2=1 LUT6=3)
  Clock Path Skew:        3.402ns (DCD - SCD + CPR)
    Destination Clock Delay (DCD):    5.817ns = ( 15.817 - 10.000 ) 
    Source Clock Delay      (SCD):    2.532ns
    Clock Pessimism Removal (CPR):    0.117ns
  Clock Uncertainty:      0.154ns  ((TSJ^2 + TIJ^2)^1/2 + DJ) / 2 + PE
    Total System Jitter     (TSJ):    0.071ns
    Total Input Jitter      (TIJ):    0.300ns
    Discrete Jitter          (DJ):    0.000ns
    Phase Error              (PE):    0.000ns

    Location             Delay type                Incr(ns)  Path(ns)    Netlist Resource(s)
  -------------------------------------------------------------------    -------------------
                         (clock clk_fpga_0 rise edge)
                                                      0.000     0.000 r  
    PS7_X0Y0             PS7                          0.000     0.000 r  system_i/processing_system7_0/inst/PS7_i/FCLKCLK[0]
                         net (fo=1821, routed)        2.532     2.532    system_i/ps7_0_axi_periph/m02_couplers/auto_pc/inst/gen_axilite.gen_b2s_conv.axilite_b2s/SI_REG/aw.aw_pipe/aclk
    SLICE_X37Y104        FDRE                                         r  system_i/ps7_0_axi_periph/m02_couplers/auto_pc/inst/gen_axilite.gen_b2s_conv.axilite_b2s/SI_REG/aw.aw_pipe/m_payload_i_reg[35]/C
  -------------------------------------------------------------------    -------------------
    SLICE_X37Y104        FDRE (Prop_fdre_C_Q)         0.456     2.988 r  system_i/ps7_0_axi_periph/m02_couplers/auto_pc/inst/gen_axilite.gen_b2s_conv.axilite_b2s/SI_REG/aw.aw_pipe/m_payload_i_reg[35]/Q
                         net (fo=23, routed)          6.070     9.058    system_i/ps7_0_axi_periph/m02_couplers/auto_pc/inst/gen_axilite.gen_b2s_conv.axilite_b2s/SI_REG/aw.aw_pipe/m_payload_i_reg[53]_0[35]
    SLICE_X40Y107        LUT6 (Prop_lut6_I4_O)        0.124     9.182 r  system_i/ps7_0_axi_periph/m02_couplers/auto_pc/inst/gen_axilite.gen_b2s_conv.axilite_b2s/SI_REG/aw.aw_pipe/axaddr_offset_r[0]_i_2/O
                         net (fo=1, routed)           5.463    14.645    system_i/ps7_0_axi_periph/m02_couplers/auto_pc/inst/gen_axilite.gen_b2s_conv.axilite_b2s/SI_REG/aw.aw_pipe/axaddr_offset_r[0]_i_2_n_0
    SLICE_X41Y107        LUT6 (Prop_lut6_I0_O)        0.124    14.769 r  system_i/ps7_0_axi_periph/m02_couplers/auto_pc/inst/gen_axilite.gen_b2s_conv.axilite_b2s/SI_REG/aw.aw_pipe/axaddr_offset_r[0]_i_1/O
                         net (fo=7, routed)           0.458    15.228    system_i/ps7_0_axi_periph/m02_couplers/auto_pc/inst/gen_axilite.gen_b2s_conv.axilite_b2s/SI_REG/aw.aw_pipe/m_payload_i_reg[44]_0
    SLICE_X41Y106        LUT6 (Prop_lut6_I4_O)        0.124    15.352 r  system_i/ps7_0_axi_periph/m02_couplers/auto_pc/inst/gen_axilite.gen_b2s_conv.axilite_b2s/SI_REG/aw.aw_pipe/wrap_cnt_r[3]_i_2/O
                         net (fo=3, routed)           6.029    21.380    system_i/ps7_0_axi_periph/m02_couplers/auto_pc/inst/gen_axilite.gen_b2s_conv.axilite_b2s/SI_REG/aw.aw_pipe/wrap_cnt_r[3]_i_2_n_0
    SLICE_X43Y107        LUT2 (Prop_lut2_I0_O)        0.124    21.504 r  system_i/ps7_0_axi_periph/m02_couplers/auto_pc/inst/gen_axilite.gen_b2s_conv.axilite_b2s/SI_REG/aw.aw_pipe/wrap_cnt_r[1]_i_1/O
                         net (fo=1, routed)           0.000    21.504    system_i/ps7_0_axi_periph/m02_couplers/auto_pc/inst/gen_axilite.gen_b2s_conv.axilite_b2s/WR.aw_channel_0/cmd_translator_0/wrap_cmd_0/wrap_cnt_r_reg[3]_0[1]
    SLICE_X43Y107        FDRE                                         r  system_i/ps7_0_axi_periph/m02_couplers/auto_pc/inst/gen_axilite.gen_b2s_conv.axilite_b2s/WR.aw_channel_0/cmd_translator_0/wrap_cmd_0/wrap_cnt_r_reg[1]/D
  -------------------------------------------------------------------    -------------------

                         (clock clk_fpga_0 rise edge)
                                                     10.000    10.000 r  
    PS7_X0Y0             PS7                          0.000    10.000 r  system_i/processing_system7_0/inst/PS7_i/FCLKCLK[0]
                         net (fo=1821, routed)        5.817    15.817    system_i/ps7_0_axi_periph/m02_couplers/auto_pc/inst/gen_axilite.gen_b2s_conv.axilite_b2s/WR.aw_channel_0/cmd_translator_0/wrap_cmd_0/aclk
    SLICE_X43Y107        FDRE                                         r  system_i/ps7_0_axi_periph/m02_couplers/auto_pc/inst/gen_axilite.gen_b2s_conv.axilite_b2s/WR.aw_channel_0/cmd_translator_0/wrap_cmd_0/wrap_cnt_r_reg[1]/C
                         clock pessimism              0.117    15.934    
                         clock uncertainty           -0.154    15.780    
    SLICE_X43Y107        FDRE (Setup_fdre_C_D)        0.029    15.809    system_i/ps7_0_axi_periph/m02_couplers/auto_pc/inst/gen_axilite.gen_b2s_conv.axilite_b2s/WR.aw_channel_0/cmd_translator_0/wrap_cmd_0/wrap_cnt_r_reg[1]
  -------------------------------------------------------------------
                         required time                         15.809    
                         arrival time                         -21.504    
  -------------------------------------------------------------------
                         slack                                 -5.695    

Slack (VIOLATED) :        -5.622ns  (required time - arrival time)
  Source:                 system_i/ps7_0_axi_periph/m02_couplers/auto_pc/inst/gen_axilite.gen_b2s_conv.axilite_b2s/SI_REG/aw.aw_pipe/m_payload_i_reg[35]/C
                            (rising edge-triggered cell FDRE clocked by clk_fpga_0  {rise@0.000ns fall@5.000ns period=10.000ns})
  Destination:            system_i/ps7_0_axi_periph/m02_couplers/auto_pc/inst/gen_axilite.gen_b2s_conv.axilite_b2s/WR.aw_channel_0/cmd_translator_0/wrap_cmd_0/wrap_second_len_r_reg[1]/D
                            (rising edge-triggered cell FDRE clocked by clk_fpga_0  {rise@0.000ns fall@5.000ns period=10.000ns})
  Path Group:             clk_fpga_0
  Path Type:              Setup (Max at Slow Process Corner)
  Requirement:            10.000ns  (clk_fpga_0 rise@10.000ns - clk_fpga_0 rise@0.000ns)
  Data Path Delay:        18.932ns  (logic 0.828ns (4.374%)  route 18.104ns (95.626%))
  Logic Levels:           3  (LUT6=3)
  Clock Path Skew:        3.525ns (DCD - SCD + CPR)
    Destination Clock Delay (DCD):    5.940ns = ( 15.940 - 10.000 ) 
    Source Clock Delay      (SCD):    2.532ns
    Clock Pessimism Removal (CPR):    0.117ns
  Clock Uncertainty:      0.154ns  ((TSJ^2 + TIJ^2)^1/2 + DJ) / 2 + PE
    Total System Jitter     (TSJ):    0.071ns
    Total Input Jitter      (TIJ):    0.300ns
    Discrete Jitter          (DJ):    0.000ns
    Phase Error              (PE):    0.000ns

    Location             Delay type                Incr(ns)  Path(ns)    Netlist Resource(s)
  -------------------------------------------------------------------    -------------------
                         (clock clk_fpga_0 rise edge)
                                                      0.000     0.000 r  
    PS7_X0Y0             PS7                          0.000     0.000 r  system_i/processing_system7_0/inst/PS7_i/FCLKCLK[0]
                         net (fo=1821, routed)        2.532     2.532    system_i/ps7_0_axi_periph/m02_couplers/auto_pc/inst/gen_axilite.gen_b2s_conv.axilite_b2s/SI_REG/aw.aw_pipe/aclk
    SLICE_X37Y104        FDRE                                         r  system_i/ps7_0_axi_periph/m02_couplers/auto_pc/inst/gen_axilite.gen_b2s_conv.axilite_b2s/SI_REG/aw.aw_pipe/m_payload_i_reg[35]/C
  -------------------------------------------------------------------    -------------------
    SLICE_X37Y104        FDRE (Prop_fdre_C_Q)         0.456     2.988 r  system_i/ps7_0_axi_periph/m02_couplers/auto_pc/inst/gen_axilite.gen_b2s_conv.axilite_b2s/SI_REG/aw.aw_pipe/m_payload_i_reg[35]/Q
                         net (fo=23, routed)          6.070     9.058    system_i/ps7_0_axi_periph/m02_couplers/auto_pc/inst/gen_axilite.gen_b2s_conv.axilite_b2s/SI_REG/aw.aw_pipe/m_payload_i_reg[53]_0[35]
    SLICE_X40Y107        LUT6 (Prop_lut6_I4_O)        0.124     9.182 r  system_i/ps7_0_axi_periph/m02_couplers/auto_pc/inst/gen_axilite.gen_b2s_conv.axilite_b2s/SI_REG/aw.aw_pipe/axaddr_offset_r[0]_i_2/O
                         net (fo=1, routed)           5.463    14.645    system_i/ps7_0_axi_periph/m02_couplers/auto_pc/inst/gen_axilite.gen_b2s_conv.axilite_b2s/SI_REG/aw.aw_pipe/axaddr_offset_r[0]_i_2_n_0
    SLICE_X41Y107        LUT6 (Prop_lut6_I0_O)        0.124    14.769 r  system_i/ps7_0_axi_periph/m02_couplers/auto_pc/inst/gen_axilite.gen_b2s_conv.axilite_b2s/SI_REG/aw.aw_pipe/axaddr_offset_r[0]_i_1/O
                         net (fo=7, routed)           0.463    15.233    system_i/ps7_0_axi_periph/m02_couplers/auto_pc/inst/gen_axilite.gen_b2s_conv.axilite_b2s/SI_REG/aw.aw_pipe/m_payload_i_reg[44]_0
    SLICE_X41Y106        LUT6 (Prop_lut6_I4_O)        0.124    15.357 r  system_i/ps7_0_axi_periph/m02_couplers/auto_pc/inst/gen_axilite.gen_b2s_conv.axilite_b2s/SI_REG/aw.aw_pipe/wrap_second_len_r[1]_i_1/O
                         net (fo=4, routed)           6.108    21.464    system_i/ps7_0_axi_periph/m02_couplers/auto_pc/inst/gen_axilite.gen_b2s_conv.axilite_b2s/WR.aw_channel_0/cmd_translator_0/wrap_cmd_0/wrap_second_len_r_reg[3]_1[1]
    SLICE_X41Y106        FDRE                                         r  system_i/ps7_0_axi_periph/m02_couplers/auto_pc/inst/gen_axilite.gen_b2s_conv.axilite_b2s/WR.aw_channel_0/cmd_translator_0/wrap_cmd_0/wrap_second_len_r_reg[1]/D
  -------------------------------------------------------------------    -------------------

                         (clock clk_fpga_0 rise edge)
                                                     10.000    10.000 r  
    PS7_X0Y0             PS7                          0.000    10.000 r  system_i/processing_system7_0/inst/PS7_i/FCLKCLK[0]
                         net (fo=1821, routed)        5.940    15.940    system_i/ps7_0_axi_periph/m02_couplers/auto_pc/inst/gen_axilite.gen_b2s_conv.axilite_b2s/WR.aw_channel_0/cmd_translator_0/wrap_cmd_0/aclk
    SLICE_X41Y106        FDRE                                         r  system_i/ps7_0_axi_periph/m02_couplers/auto_pc/inst/gen_axilite.gen_b2s_conv.axilite_b2s/WR.aw_channel_0/cmd_translator_0/wrap_cmd_0/wrap_second_len_r_reg[1]/C
                         clock pessimism              0.117    16.057    
                         clock uncertainty           -0.154    15.903    
    SLICE_X41Y106        FDRE (Setup_fdre_C_D)       -0.061    15.842    system_i/ps7_0_axi_periph/m02_couplers/auto_pc/inst/gen_axilite.gen_b2s_conv.axilite_b2s/WR.aw_channel_0/cmd_translator_0/wrap_cmd_0/wrap_second_len_r_reg[1]
  -------------------------------------------------------------------
                         required time                         15.842    
                         arrival time                         -21.464    
  -------------------------------------------------------------------
                         slack                                 -5.622    

Slack (VIOLATED) :        -5.095ns  (required time - arrival time)
  Source:                 system_i/ps7_0_axi_periph/m02_couplers/auto_pc/inst/gen_axilite.gen_b2s_conv.axilite_b2s/SI_REG/ar.ar_pipe/m_payload_i_reg[35]/C
                            (rising edge-triggered cell FDRE clocked by clk_fpga_0  {rise@0.000ns fall@5.000ns period=10.000ns})
  Destination:            system_i/ps7_0_axi_periph/m02_couplers/auto_pc/inst/gen_axilite.gen_b2s_conv.axilite_b2s/RD.ar_channel_0/cmd_translator_0/wrap_cmd_0/wrap_second_len_r_reg[2]/D
                            (rising edge-triggered cell FDRE clocked by clk_fpga_0  {rise@0.000ns fall@5.000ns period=10.000ns})
  Path Group:             clk_fpga_0
  Path Type:              Setup (Max at Slow Process Corner)
  Requirement:            10.000ns  (clk_fpga_0 rise@10.000ns - clk_fpga_0 rise@0.000ns)
  Data Path Delay:        14.489ns  (logic 0.828ns (5.715%)  route 13.661ns (94.285%))
  Logic Levels:           3  (LUT6=3)
  Clock Path Skew:        -0.483ns (DCD - SCD + CPR)
    Destination Clock Delay (DCD):    2.319ns = ( 12.319 - 10.000 ) 
    Source Clock Delay      (SCD):    2.865ns
    Clock Pessimism Removal (CPR):    0.063ns
  Clock Uncertainty:      0.154ns  ((TSJ^2 + TIJ^2)^1/2 + DJ) / 2 + PE
    Total System Jitter     (TSJ):    0.071ns
    Total Input Jitter      (TIJ):    0.300ns
    Discrete Jitter          (DJ):    0.000ns
    Phase Error              (PE):    0.000ns

    Location             Delay type                Incr(ns)  Path(ns)    Netlist Resource(s)
  -------------------------------------------------------------------    -------------------
                         (clock clk_fpga_0 rise edge)
                                                      0.000     0.000 r  
    PS7_X0Y0             PS7                          0.000     0.000 r  system_i/processing_system7_0/inst/PS7_i/FCLKCLK[0]
                         net (fo=1821, routed)        2.865     2.865    system_i/ps7_0_axi_periph/m02_couplers/auto_pc/inst/gen_axilite.gen_b2s_conv.axilite_b2s/SI_REG/ar.ar_pipe/aclk
    SLICE_X31Y108        FDRE                                         r  system_i/ps7_0_axi_periph/m02_couplers/auto_pc/inst/gen_axilite.gen_b2s_conv.axilite_b2s/SI_REG/ar.ar_pipe/m_payload_i_reg[35]/C
  -------------------------------------------------------------------    -------------------
    SLICE_X31Y108        FDRE (Prop_fdre_C_Q)         0.456     3.321 r  system_i/ps7_0_axi_periph/m02_couplers/auto_pc/inst/gen_axilite.gen_b2s_conv.axilite_b2s/SI_REG/ar.ar_pipe/m_payload_i_reg[35]/Q
                         net (fo=23, routed)          4.700     8.021    system_i/ps7_0_axi_periph/m02_couplers/auto_pc/inst/gen_axilite.gen_b2s_conv.axilite_b2s/SI_REG/ar.ar_pipe/Q[35]
    SLICE_X29Y107        LUT6 (Prop_lut6_I4_O)        0.124     8.145 r  system_i/ps7_0_axi_periph/m02_couplers/auto_pc/inst/gen_axilite.gen_b2s_conv.axilite_b2s/SI_REG/ar.ar_pipe/axaddr_offset_r[1]_i_2__0/O
                         net (fo=1, routed)           5.153    13.297    system_i/ps7_0_axi_periph/m02_couplers/auto_pc/inst/gen_axilite.gen_b2s_conv.axilite_b2s/SI_REG/ar.ar_pipe/axaddr_offset_r[1]_i_2__0_n_0
    SLICE_X34Y107        LUT6 (Prop_lut6_I0_O)        0.124    13.421 r  system_i/ps7_0_axi_periph/m02_couplers/auto_pc/inst/gen_axilite.gen_b2s_conv.axilite_b2s/SI_REG/ar.ar_pipe/axaddr_offset_r[1]_i_1__0/O
                         net (fo=7, routed)           3.809    17.230    system_i/ps7_0_axi_periph/m02_couplers/auto_pc/inst/gen_axilite.gen_b2s_conv.axilite_b2s/SI_REG/ar.ar_pipe/m_payload_i_reg[45]_0
    SLICE_X33Y107        LUT6 (Prop_lut6_I3_O)        0.124    17.354 r  system_i/ps7_0_axi_periph/m02_couplers/auto_pc/inst/gen_axilite.gen_b2s_conv.axilite_b2s/SI_REG/ar.ar_pipe/wrap_second_len_r[2]_i_1__0/O
                         net (fo=3, routed)           0.000    17.354    system_i/ps7_0_axi_periph/m02_couplers/auto_pc/inst/gen_axilite.gen_b2s_conv.axilite_b2s/RD.ar_channel_0/cmd_translator_0/wrap_cmd_0/D[2]
    SLICE_X33Y107        FDRE                                         r  system_i/ps7_0_axi_periph/m02_couplers/auto_pc/inst/gen_axilite.gen_b2s_conv.axilite_b2s/RD.ar_channel_0/cmd_translator_0/wrap_cmd_0/wrap_second_len_r_reg[2]/D
  -------------------------------------------------------------------    -------------------

                         (clock clk_fpga_0 rise edge)
                                                     10.000    10.000 r  
    PS7_X0Y0             PS7                          0.000    10.000 r  system_i/processing_system7_0/inst/PS7_i/FCLKCLK[0]
                         net (fo=1821, routed)        2.319    12.319    system_i/ps7_0_axi_periph/m02_couplers/auto_pc/inst/gen_axilite.gen_b2s_conv.axilite_b2s/RD.ar_channel_0/cmd_translator_0/wrap_cmd_0/aclk
    SLICE_X33Y107        FDRE                                         r  system_i/ps7_0_axi_periph/m02_couplers/auto_pc/inst/gen_axilite.gen_b2s_conv.axilite_b2s/RD.ar_channel_0/cmd_translator_0/wrap_cmd_0/wrap_second_len_r_reg[2]/C
                         clock pessimism              0.063    12.382    
                         clock uncertainty           -0.154    12.228    
    SLICE_X33Y107        FDRE (Setup_fdre_C_D)        0.031    12.259    system_i/ps7_0_axi_periph/m02_couplers/auto_pc/inst/gen_axilite.gen_b2s_conv.axilite_b2s/RD.ar_channel_0/cmd_translator_0/wrap_cmd_0/wrap_second_len_r_reg[2]
  -------------------------------------------------------------------
                         required time                         12.259    
                         arrival time                         -17.354    
  -------------------------------------------------------------------
                         slack                                 -5.095    

Slack (VIOLATED) :        -4.961ns  (required time - arrival time)
  Source:                 system_i/ps7_0_axi_periph/m02_couplers/auto_pc/inst/gen_axilite.gen_b2s_conv.axilite_b2s/SI_REG/aw.aw_pipe/m_payload_i_reg[35]/C
                            (rising edge-triggered cell FDRE clocked by clk_fpga_0  {rise@0.000ns fall@5.000ns period=10.000ns})
  Destination:            system_i/ps7_0_axi_periph/m02_couplers/auto_pc/inst/gen_axilite.gen_b2s_conv.axilite_b2s/WR.aw_channel_0/cmd_translator_0/wrap_cmd_0/wrap_second_len_r_reg[0]/D
                            (rising edge-triggered cell FDRE clocked by clk_fpga_0  {rise@0.000ns fall@5.000ns period=10.000ns})
  Path Group:             clk_fpga_0
  Path Type:              Setup (Max at Slow Process Corner)
  Requirement:            10.000ns  (clk_fpga_0 rise@10.000ns - clk_fpga_0 rise@0.000ns)
  Data Path Delay:        18.363ns  (logic 0.828ns (4.509%)  route 17.535ns (95.491%))
  Logic Levels:           3  (LUT6=3)
  Clock Path Skew:        3.525ns (DCD - SCD + CPR)
    Destination Clock Delay (DCD):    5.940ns = ( 15.940 - 10.000 ) 
    Source Clock Delay      (SCD):    2.532ns
    Clock Pessimism Removal (CPR):    0.117ns
  Clock Uncertainty:      0.154ns  ((TSJ^2 + TIJ^2)^1/2 + DJ) / 2 + PE
    Total System Jitter     (TSJ):    0.071ns
    Total Input Jitter      (TIJ):    0.300ns
    Discrete Jitter          (DJ):    0.000ns
    Phase Error              (PE):    0.000ns

    Location             Delay type                Incr(ns)  Path(ns)    Netlist Resource(s)
  -------------------------------------------------------------------    -------------------
                         (clock clk_fpga_0 rise edge)
                                                      0.000     0.000 r  
    PS7_X0Y0             PS7                          0.000     0.000 r  system_i/processing_system7_0/inst/PS7_i/FCLKCLK[0]
                         net (fo=1821, routed)        2.532     2.532    system_i/ps7_0_axi_periph/m02_couplers/auto_pc/inst/gen_axilite.gen_b2s_conv.axilite_b2s/SI_REG/aw.aw_pipe/aclk
    SLICE_X37Y104        FDRE                                         r  system_i/ps7_0_axi_periph/m02_couplers/auto_pc/inst/gen_axilite.gen_b2s_conv.axilite_b2s/SI_REG/aw.aw_pipe/m_payload_i_reg[35]/C
  -------------------------------------------------------------------    -------------------
    SLICE_X37Y104        FDRE (Prop_fdre_C_Q)         0.456     2.988 r  system_i/ps7_0_axi_periph/m02_couplers/auto_pc/inst/gen_axilite.gen_b2s_conv.axilite_b2s/SI_REG/aw.aw_pipe/m_payload_i_reg[35]/Q
                         net (fo=23, routed)          6.070     9.058    system_i/ps7_0_axi_periph/m02_couplers/auto_pc/inst/gen_axilite.gen_b2s_conv.axilite_b2s/SI_REG/aw.aw_pipe/m_payload_i_reg[53]_0[35]
    SLICE_X40Y107        LUT6 (Prop_lut6_I4_O)        0.124     9.182 f  system_i/ps7_0_axi_periph/m02_couplers/auto_pc/inst/gen_axilite.gen_b2s_conv.axilite_b2s/SI_REG/aw.aw_pipe/axaddr_offset_r[0]_i_2/O
                         net (fo=1, routed)           5.463    14.645    system_i/ps7_0_axi_periph/m02_couplers/auto_pc/inst/gen_axilite.gen_b2s_conv.axilite_b2s/SI_REG/aw.aw_pipe/axaddr_offset_r[0]_i_2_n_0
    SLICE_X41Y107        LUT6 (Prop_lut6_I0_O)        0.124    14.769 f  system_i/ps7_0_axi_periph/m02_couplers/auto_pc/inst/gen_axilite.gen_b2s_conv.axilite_b2s/SI_REG/aw.aw_pipe/axaddr_offset_r[0]_i_1/O
                         net (fo=7, routed)           6.002    20.771    system_i/ps7_0_axi_periph/m02_couplers/auto_pc/inst/gen_axilite.gen_b2s_conv.axilite_b2s/SI_REG/aw.aw_pipe/m_payload_i_reg[44]_0
    SLICE_X41Y106        LUT6 (Prop_lut6_I1_O)        0.124    20.895 r  system_i/ps7_0_axi_periph/m02_couplers/auto_pc/inst/gen_axilite.gen_b2s_conv.axilite_b2s/SI_REG/aw.aw_pipe/wrap_second_len_r[0]_i_1/O
                         net (fo=1, routed)           0.000    20.895    system_i/ps7_0_axi_periph/m02_couplers/auto_pc/inst/gen_axilite.gen_b2s_conv.axilite_b2s/WR.aw_channel_0/cmd_translator_0/wrap_cmd_0/wrap_second_len_r_reg[3]_1[0]
    SLICE_X41Y106        FDRE                                         r  system_i/ps7_0_axi_periph/m02_couplers/auto_pc/inst/gen_axilite.gen_b2s_conv.axilite_b2s/WR.aw_channel_0/cmd_translator_0/wrap_cmd_0/wrap_second_len_r_reg[0]/D
  -------------------------------------------------------------------    -------------------

                         (clock clk_fpga_0 rise edge)
                                                     10.000    10.000 r  
    PS7_X0Y0             PS7                          0.000    10.000 r  system_i/processing_system7_0/inst/PS7_i/FCLKCLK[0]
                         net (fo=1821, routed)        5.940    15.940    system_i/ps7_0_axi_periph/m02_couplers/auto_pc/inst/gen_axilite.gen_b2s_conv.axilite_b2s/WR.aw_channel_0/cmd_translator_0/wrap_cmd_0/aclk
    SLICE_X41Y106        FDRE                                         r  system_i/ps7_0_axi_periph/m02_couplers/auto_pc/inst/gen_axilite.gen_b2s_conv.axilite_b2s/WR.aw_channel_0/cmd_translator_0/wrap_cmd_0/wrap_second_len_r_reg[0]/C
                         clock pessimism              0.117    16.057    
                         clock uncertainty           -0.154    15.903    
    SLICE_X41Y106        FDRE (Setup_fdre_C_D)        0.031    15.934    system_i/ps7_0_axi_periph/m02_couplers/auto_pc/inst/gen_axilite.gen_b2s_conv.axilite_b2s/WR.aw_channel_0/cmd_translator_0/wrap_cmd_0/wrap_second_len_r_reg[0]
  -------------------------------------------------------------------
                         required time                         15.934    
                         arrival time                         -20.895    
  -------------------------------------------------------------------
                         slack                                 -4.961    

Slack (VIOLATED) :        -4.865ns  (required time - arrival time)
  Source:                 system_i/ps7_0_axi_periph/m02_couplers/auto_pc/inst/gen_axilite.gen_b2s_conv.axilite_b2s/SI_REG/aw.aw_pipe/m_payload_i_reg[35]/C
                            (rising edge-triggered cell FDRE clocked by clk_fpga_0  {rise@0.000ns fall@5.000ns period=10.000ns})
  Destination:            system_i/ps7_0_axi_periph/m02_couplers/auto_pc/inst/gen_axilite.gen_b2s_conv.axilite_b2s/WR.aw_channel_0/cmd_translator_0/wrap_cmd_0/wrap_cnt_r_reg[0]/D
                            (rising edge-triggered cell FDRE clocked by clk_fpga_0  {rise@0.000ns fall@5.000ns period=10.000ns})
  Path Group:             clk_fpga_0
  Path Type:              Setup (Max at Slow Process Corner)
  Requirement:            10.000ns  (clk_fpga_0 rise@10.000ns - clk_fpga_0 rise@0.000ns)
  Data Path Delay:        18.265ns  (logic 0.828ns (4.533%)  route 17.437ns (95.467%))
  Logic Levels:           3  (LUT6=3)
  Clock Path Skew:        3.525ns (DCD - SCD + CPR)
    Destination Clock Delay (DCD):    5.940ns = ( 15.940 - 10.000 ) 
    Source Clock Delay      (SCD):    2.532ns
    Clock Pessimism Removal (CPR):    0.117ns
  Clock Uncertainty:      0.154ns  ((TSJ^2 + TIJ^2)^1/2 + DJ) / 2 + PE
    Total System Jitter     (TSJ):    0.071ns
    Total Input Jitter      (TIJ):    0.300ns
    Discrete Jitter          (DJ):    0.000ns
    Phase Error              (PE):    0.000ns

    Location             Delay type                Incr(ns)  Path(ns)    Netlist Resource(s)
  -------------------------------------------------------------------    -------------------
                         (clock clk_fpga_0 rise edge)
                                                      0.000     0.000 r  
    PS7_X0Y0             PS7                          0.000     0.000 r  system_i/processing_system7_0/inst/PS7_i/FCLKCLK[0]
                         net (fo=1821, routed)        2.532     2.532    system_i/ps7_0_axi_periph/m02_couplers/auto_pc/inst/gen_axilite.gen_b2s_conv.axilite_b2s/SI_REG/aw.aw_pipe/aclk
    SLICE_X37Y104        FDRE                                         r  system_i/ps7_0_axi_periph/m02_couplers/auto_pc/inst/gen_axilite.gen_b2s_conv.axilite_b2s/SI_REG/aw.aw_pipe/m_payload_i_reg[35]/C
  -------------------------------------------------------------------    -------------------
    SLICE_X37Y104        FDRE (Prop_fdre_C_Q)         0.456     2.988 r  system_i/ps7_0_axi_periph/m02_couplers/auto_pc/inst/gen_axilite.gen_b2s_conv.axilite_b2s/SI_REG/aw.aw_pipe/m_payload_i_reg[35]/Q
                         net (fo=23, routed)          6.070     9.058    system_i/ps7_0_axi_periph/m02_couplers/auto_pc/inst/gen_axilite.gen_b2s_conv.axilite_b2s/SI_REG/aw.aw_pipe/m_payload_i_reg[53]_0[35]
    SLICE_X40Y107        LUT6 (Prop_lut6_I4_O)        0.124     9.182 r  system_i/ps7_0_axi_periph/m02_couplers/auto_pc/inst/gen_axilite.gen_b2s_conv.axilite_b2s/SI_REG/aw.aw_pipe/axaddr_offset_r[0]_i_2/O
                         net (fo=1, routed)           5.463    14.645    system_i/ps7_0_axi_periph/m02_couplers/auto_pc/inst/gen_axilite.gen_b2s_conv.axilite_b2s/SI_REG/aw.aw_pipe/axaddr_offset_r[0]_i_2_n_0
    SLICE_X41Y107        LUT6 (Prop_lut6_I0_O)        0.124    14.769 r  system_i/ps7_0_axi_periph/m02_couplers/auto_pc/inst/gen_axilite.gen_b2s_conv.axilite_b2s/SI_REG/aw.aw_pipe/axaddr_offset_r[0]_i_1/O
                         net (fo=7, routed)           5.904    20.673    system_i/ps7_0_axi_periph/m02_couplers/auto_pc/inst/gen_axilite.gen_b2s_conv.axilite_b2s/SI_REG/aw.aw_pipe/m_payload_i_reg[44]_0
    SLICE_X41Y106        LUT6 (Prop_lut6_I0_O)        0.124    20.797 r  system_i/ps7_0_axi_periph/m02_couplers/auto_pc/inst/gen_axilite.gen_b2s_conv.axilite_b2s/SI_REG/aw.aw_pipe/wrap_cnt_r[0]_i_1/O
                         net (fo=1, routed)           0.000    20.797    system_i/ps7_0_axi_periph/m02_couplers/auto_pc/inst/gen_axilite.gen_b2s_conv.axilite_b2s/WR.aw_channel_0/cmd_translator_0/wrap_cmd_0/wrap_cnt_r_reg[3]_0[0]
    SLICE_X41Y106        FDRE                                         r  system_i/ps7_0_axi_periph/m02_couplers/auto_pc/inst/gen_axilite.gen_b2s_conv.axilite_b2s/WR.aw_channel_0/cmd_translator_0/wrap_cmd_0/wrap_cnt_r_reg[0]/D
  -------------------------------------------------------------------    -------------------

                         (clock clk_fpga_0 rise edge)
                                                     10.000    10.000 r  
    PS7_X0Y0             PS7                          0.000    10.000 r  system_i/processing_system7_0/inst/PS7_i/FCLKCLK[0]
                         net (fo=1821, routed)        5.940    15.940    system_i/ps7_0_axi_periph/m02_couplers/auto_pc/inst/gen_axilite.gen_b2s_conv.axilite_b2s/WR.aw_channel_0/cmd_translator_0/wrap_cmd_0/aclk
    SLICE_X41Y106        FDRE                                         r  system_i/ps7_0_axi_periph/m02_couplers/auto_pc/inst/gen_axilite.gen_b2s_conv.axilite_b2s/WR.aw_channel_0/cmd_translator_0/wrap_cmd_0/wrap_cnt_r_reg[0]/C
                         clock pessimism              0.117    16.057    
                         clock uncertainty           -0.154    15.903    
    SLICE_X41Y106        FDRE (Setup_fdre_C_D)        0.029    15.932    system_i/ps7_0_axi_periph/m02_couplers/auto_pc/inst/gen_axilite.gen_b2s_conv.axilite_b2s/WR.aw_channel_0/cmd_translator_0/wrap_cmd_0/wrap_cnt_r_reg[0]
  -------------------------------------------------------------------
                         required time                         15.932    
                         arrival time                         -20.797    
  -------------------------------------------------------------------
                         slack                                 -4.865    





Min Delay Paths
--------------------------------------------------------------------------------------
Slack (MET) :             0.073ns  (arrival time - required time)
  Source:                 system_i/ps7_0_axi_periph/m02_couplers/auto_pc/inst/gen_axilite.gen_b2s_conv.axilite_b2s/SI_REG/r.r_pipe/m_payload_i_reg[4]/C
                            (rising edge-triggered cell FDRE clocked by clk_fpga_0  {rise@0.000ns fall@5.000ns period=10.000ns})
  Destination:            system_i/ps7_0_axi_periph/xbar/inst/gen_sasd.crossbar_sasd_0/reg_slice_r/skid_buffer_reg[7]/D
                            (rising edge-triggered cell FDRE clocked by clk_fpga_0  {rise@0.000ns fall@5.000ns period=10.000ns})
  Path Group:             clk_fpga_0
  Path Type:              Hold (Min at Fast Process Corner)
  Requirement:            0.000ns  (clk_fpga_0 rise@0.000ns - clk_fpga_0 rise@0.000ns)
  Data Path Delay:        0.808ns  (logic 0.231ns (28.595%)  route 0.577ns (71.405%))
  Logic Levels:           2  (LUT4=1 LUT6=1)
  Clock Path Skew:        0.665ns (DCD - SCD - CPR)
    Destination Clock Delay (DCD):    1.344ns
    Source Clock Delay      (SCD):    0.666ns
    Clock Pessimism Removal (CPR):    0.013ns

    Location             Delay type                Incr(ns)  Path(ns)    Netlist Resource(s)
  -------------------------------------------------------------------    -------------------
                         (clock clk_fpga_0 rise edge)
                                                      0.000     0.000 r  
    PS7_X0Y0             PS7                          0.000     0.000 r  system_i/processing_system7_0/inst/PS7_i/FCLKCLK[0]
                         net (fo=1821, routed)        0.666     0.666    system_i/ps7_0_axi_periph/m02_couplers/auto_pc/inst/gen_axilite.gen_b2s_conv.axilite_b2s/SI_REG/r.r_pipe/aclk
    SLICE_X29Y91         FDRE                                         r  system_i/ps7_0_axi_periph/m02_couplers/auto_pc/inst/gen_axilite.gen_b2s_conv.axilite_b2s/SI_REG/r.r_pipe/m_payload_i_reg[4]/C
  -------------------------------------------------------------------    -------------------
    SLICE_X29Y91         FDRE (Prop_fdre_C_Q)         0.141     0.807 r  system_i/ps7_0_axi_periph/m02_couplers/auto_pc/inst/gen_axilite.gen_b2s_conv.axilite_b2s/SI_REG/r.r_pipe/m_payload_i_reg[4]/Q
                         net (fo=1, routed)           0.279     1.086    system_i/ps7_0_axi_periph/xbar/inst/gen_sasd.crossbar_sasd_0/reg_slice_r/m_axi_rdata[68]
    SLICE_X33Y90         LUT6 (Prop_lut6_I0_O)        0.045     1.131 r  system_i/ps7_0_axi_periph/xbar/inst/gen_sasd.crossbar_sasd_0/reg_slice_r/m_payload_i[7]_i_2/O
                         net (fo=1, routed)           0.168     1.298    system_i/ps7_0_axi_periph/xbar/inst/gen_sasd.crossbar_sasd_0/reg_slice_r/m_payload_i[7]_i_2_n_0
    SLICE_X33Y88         LUT4 (Prop_lut4_I2_O)        0.045     1.343 r  system_i/ps7_0_axi_periph/xbar/inst/gen_sasd.crossbar_sasd_0/reg_slice_r/m_payload_i[7]_i_1/O
                         net (fo=2, routed)           0.130     1.473    system_i/ps7_0_axi_periph/xbar/inst/gen_sasd.crossbar_sasd_0/reg_slice_r/skid_buffer[7]
    SLICE_X33Y88         FDRE                                         r  system_i/ps7_0_axi_periph/xbar/inst/gen_sasd.crossbar_sasd_0/reg_slice_r/skid_buffer_reg[7]/D
  -------------------------------------------------------------------    -------------------

                         (clock clk_fpga_0 rise edge)
                                                      0.000     0.000 r  
    PS7_X0Y0             PS7                          0.000     0.000 r  system_i/processing_system7_0/inst/PS7_i/FCLKCLK[0]
                         net (fo=1821, routed)        1.344     1.344    system_i/ps7_0_axi_periph/xbar/inst/gen_sasd.crossbar_sasd_0/reg_slice_r/aclk
    SLICE_X33Y88         FDRE                                         r  system_i/ps7_0_axi_periph/xbar/inst/gen_sasd.crossbar_sasd_0/reg_slice_r/skid_buffer_reg[7]/C
                         clock pessimism             -0.013     1.331    
    SLICE_X33Y88         FDRE (Hold_fdre_C_D)         0.070     1.401    system_i/ps7_0_axi_periph/xbar/inst/gen_sasd.crossbar_sasd_0/reg_slice_r/skid_buffer_reg[7]
  -------------------------------------------------------------------
                         required time                         -1.401    
                         arrival time                           1.473    
  -------------------------------------------------------------------
                         slack                                  0.073    

Slack (MET) :             0.074ns  (arrival time - required time)
  Source:                 system_i/led_ip/inst/led_ip_v1_0_S_AXI_inst/axi_rdata_reg[17]/C
                            (rising edge-triggered cell FDRE clocked by clk_fpga_0  {rise@0.000ns fall@5.000ns period=10.000ns})
  Destination:            system_i/ps7_0_axi_periph/m02_couplers/auto_pc/inst/gen_axilite.gen_b2s_conv.axilite_b2s/RD.r_channel_0/rd_data_fifo_0/memory_reg[31][17]_srl32/D
                            (rising edge-triggered cell SRLC32E clocked by clk_fpga_0  {rise@0.000ns fall@5.000ns period=10.000ns})
  Path Group:             clk_fpga_0
  Path Type:              Hold (Min at Fast Process Corner)
  Requirement:            0.000ns  (clk_fpga_0 rise@0.000ns - clk_fpga_0 rise@0.000ns)
  Data Path Delay:        0.499ns  (logic 0.141ns (28.232%)  route 0.358ns (71.768%))
  Logic Levels:           0  
  Clock Path Skew:        0.308ns (DCD - SCD - CPR)
    Destination Clock Delay (DCD):    0.753ns
    Source Clock Delay      (SCD):    0.424ns
    Clock Pessimism Removal (CPR):    0.021ns

    Location             Delay type                Incr(ns)  Path(ns)    Netlist Resource(s)
  -------------------------------------------------------------------    -------------------
                         (clock clk_fpga_0 rise edge)
                                                      0.000     0.000 r  
    PS7_X0Y0             PS7                          0.000     0.000 r  system_i/processing_system7_0/inst/PS7_i/FCLKCLK[0]
                         net (fo=1821, routed)        0.424     0.424    system_i/led_ip/inst/led_ip_v1_0_S_AXI_inst/s_axi_aclk
    SLICE_X27Y88         FDRE                                         r  system_i/led_ip/inst/led_ip_v1_0_S_AXI_inst/axi_rdata_reg[17]/C
  -------------------------------------------------------------------    -------------------
    SLICE_X27Y88         FDRE (Prop_fdre_C_Q)         0.141     0.565 r  system_i/led_ip/inst/led_ip_v1_0_S_AXI_inst/axi_rdata_reg[17]/Q
                         net (fo=1, routed)           0.358     0.923    system_i/ps7_0_axi_periph/m02_couplers/auto_pc/inst/gen_axilite.gen_b2s_conv.axilite_b2s/RD.r_channel_0/rd_data_fifo_0/in[17]
    SLICE_X26Y86         SRLC32E                                      r  system_i/ps7_0_axi_periph/m02_couplers/auto_pc/inst/gen_axilite.gen_b2s_conv.axilite_b2s/RD.r_channel_0/rd_data_fifo_0/memory_reg[31][17]_srl32/D
  -------------------------------------------------------------------    -------------------

                         (clock clk_fpga_0 rise edge)
                                                      0.000     0.000 r  
    PS7_X0Y0             PS7                          0.000     0.000 r  system_i/processing_system7_0/inst/PS7_i/FCLKCLK[0]
                         net (fo=1821, routed)        0.753     0.753    system_i/ps7_0_axi_periph/m02_couplers/auto_pc/inst/gen_axilite.gen_b2s_conv.axilite_b2s/RD.r_channel_0/rd_data_fifo_0/aclk
    SLICE_X26Y86         SRLC32E                                      r  system_i/ps7_0_axi_periph/m02_couplers/auto_pc/inst/gen_axilite.gen_b2s_conv.axilite_b2s/RD.r_channel_0/rd_data_fifo_0/memory_reg[31][17]_srl32/CLK
                         clock pessimism             -0.021     0.732    
    SLICE_X26Y86         SRLC32E (Hold_srlc32e_CLK_D)
                                                      0.117     0.849    system_i/ps7_0_axi_periph/m02_couplers/auto_pc/inst/gen_axilite.gen_b2s_conv.axilite_b2s/RD.r_channel_0/rd_data_fifo_0/memory_reg[31][17]_srl32
  -------------------------------------------------------------------
                         required time                         -0.849    
                         arrival time                           0.923    
  -------------------------------------------------------------------
                         slack                                  0.074    

Slack (MET) :             0.079ns  (arrival time - required time)
  Source:                 system_i/ps7_0_axi_periph/m02_couplers/auto_pc/inst/gen_axilite.gen_b2s_conv.axilite_b2s/RD.ar_channel_0/cmd_translator_0/wrap_cmd_0/wrap_boundary_axaddr_r_reg[0]/C
                            (rising edge-triggered cell FDRE clocked by clk_fpga_0  {rise@0.000ns fall@5.000ns period=10.000ns})
  Destination:            system_i/ps7_0_axi_periph/m02_couplers/auto_pc/inst/gen_axilite.gen_b2s_conv.axilite_b2s/RD.ar_channel_0/cmd_translator_0/wrap_cmd_0/axaddr_wrap_reg[0]/D
                            (rising edge-triggered cell FDRE clocked by clk_fpga_0  {rise@0.000ns fall@5.000ns period=10.000ns})
  Path Group:             clk_fpga_0
  Path Type:              Hold (Min at Fast Process Corner)
  Requirement:            0.000ns  (clk_fpga_0 rise@0.000ns - clk_fpga_0 rise@0.000ns)
  Data Path Delay:        0.350ns  (logic 0.209ns (59.685%)  route 0.141ns (40.315%))
  Logic Levels:           1  (LUT6=1)
  Clock Path Skew:        0.151ns (DCD - SCD - CPR)
    Destination Clock Delay (DCD):    1.546ns
    Source Clock Delay      (SCD):    1.368ns
    Clock Pessimism Removal (CPR):    0.027ns

    Location             Delay type                Incr(ns)  Path(ns)    Netlist Resource(s)
  -------------------------------------------------------------------    -------------------
                         (clock clk_fpga_0 rise edge)
                                                      0.000     0.000 r  
    PS7_X0Y0             PS7                          0.000     0.000 r  system_i/processing_system7_0/inst/PS7_i/FCLKCLK[0]
                         net (fo=1821, routed)        1.368     1.368    system_i/ps7_0_axi_periph/m02_couplers/auto_pc/inst/gen_axilite.gen_b2s_conv.axilite_b2s/RD.ar_channel_0/cmd_translator_0/wrap_cmd_0/aclk
    SLICE_X30Y109        FDRE                                         r  system_i/ps7_0_axi_periph/m02_couplers/auto_pc/inst/gen_axilite.gen_b2s_conv.axilite_b2s/RD.ar_channel_0/cmd_translator_0/wrap_cmd_0/wrap_boundary_axaddr_r_reg[0]/C
  -------------------------------------------------------------------    -------------------
    SLICE_X30Y109        FDRE (Prop_fdre_C_Q)         0.164     1.532 r  system_i/ps7_0_axi_periph/m02_couplers/auto_pc/inst/gen_axilite.gen_b2s_conv.axilite_b2s/RD.ar_channel_0/cmd_translator_0/wrap_cmd_0/wrap_boundary_axaddr_r_reg[0]/Q
                         net (fo=1, routed)           0.141     1.674    system_i/ps7_0_axi_periph/m02_couplers/auto_pc/inst/gen_axilite.gen_b2s_conv.axilite_b2s/RD.ar_channel_0/ar_cmd_fsm_0/axaddr_wrap_reg[11]_0[0]
    SLICE_X30Y108        LUT6 (Prop_lut6_I4_O)        0.045     1.719 r  system_i/ps7_0_axi_periph/m02_couplers/auto_pc/inst/gen_axilite.gen_b2s_conv.axilite_b2s/RD.ar_channel_0/ar_cmd_fsm_0/axaddr_wrap[0]_i_1/O
                         net (fo=1, routed)           0.000     1.719    system_i/ps7_0_axi_periph/m02_couplers/auto_pc/inst/gen_axilite.gen_b2s_conv.axilite_b2s/RD.ar_channel_0/cmd_translator_0/wrap_cmd_0/axaddr_wrap_reg[11]_1[0]
    SLICE_X30Y108        FDRE                                         r  system_i/ps7_0_axi_periph/m02_couplers/auto_pc/inst/gen_axilite.gen_b2s_conv.axilite_b2s/RD.ar_channel_0/cmd_translator_0/wrap_cmd_0/axaddr_wrap_reg[0]/D
  -------------------------------------------------------------------    -------------------

                         (clock clk_fpga_0 rise edge)
                                                      0.000     0.000 r  
    PS7_X0Y0             PS7                          0.000     0.000 r  system_i/processing_system7_0/inst/PS7_i/FCLKCLK[0]
                         net (fo=1821, routed)        1.546     1.546    system_i/ps7_0_axi_periph/m02_couplers/auto_pc/inst/gen_axilite.gen_b2s_conv.axilite_b2s/RD.ar_channel_0/cmd_translator_0/wrap_cmd_0/aclk
    SLICE_X30Y108        FDRE                                         r  system_i/ps7_0_axi_periph/m02_couplers/auto_pc/inst/gen_axilite.gen_b2s_conv.axilite_b2s/RD.ar_channel_0/cmd_translator_0/wrap_cmd_0/axaddr_wrap_reg[0]/C
                         clock pessimism             -0.027     1.519    
    SLICE_X30Y108        FDRE (Hold_fdre_C_D)         0.120     1.639    system_i/ps7_0_axi_periph/m02_couplers/auto_pc/inst/gen_axilite.gen_b2s_conv.axilite_b2s/RD.ar_channel_0/cmd_translator_0/wrap_cmd_0/axaddr_wrap_reg[0]
  -------------------------------------------------------------------
                         required time                         -1.639    
                         arrival time                           1.719    
  -------------------------------------------------------------------
                         slack                                  0.079    

Slack (MET) :             0.080ns  (arrival time - required time)
  Source:                 system_i/led_ip/inst/led_ip_v1_0_S_AXI_inst/slv_reg1_reg[21]/C
                            (rising edge-triggered cell FDRE clocked by clk_fpga_0  {rise@0.000ns fall@5.000ns period=10.000ns})
  Destination:            system_i/led_ip/inst/led_ip_v1_0_S_AXI_inst/axi_rdata_reg[21]/D
                            (rising edge-triggered cell FDRE clocked by clk_fpga_0  {rise@0.000ns fall@5.000ns period=10.000ns})
  Path Group:             clk_fpga_0
  Path Type:              Hold (Min at Fast Process Corner)
  Requirement:            0.000ns  (clk_fpga_0 rise@0.000ns - clk_fpga_0 rise@0.000ns)
  Data Path Delay:        0.416ns  (logic 0.226ns (54.343%)  route 0.190ns (45.657%))
  Logic Levels:           1  (LUT6=1)
  Clock Path Skew:        0.245ns (DCD - SCD - CPR)
    Destination Clock Delay (DCD):    0.916ns
    Source Clock Delay      (SCD):    0.658ns
    Clock Pessimism Removal (CPR):    0.013ns

    Location             Delay type                Incr(ns)  Path(ns)    Netlist Resource(s)
  -------------------------------------------------------------------    -------------------
                         (clock clk_fpga_0 rise edge)
                                                      0.000     0.000 r  
    PS7_X0Y0             PS7                          0.000     0.000 r  system_i/processing_system7_0/inst/PS7_i/FCLKCLK[0]
                         net (fo=1821, routed)        0.658     0.658    system_i/led_ip/inst/led_ip_v1_0_S_AXI_inst/s_axi_aclk
    SLICE_X27Y90         FDRE                                         r  system_i/led_ip/inst/led_ip_v1_0_S_AXI_inst/slv_reg1_reg[21]/C
  -------------------------------------------------------------------    -------------------
    SLICE_X27Y90         FDRE (Prop_fdre_C_Q)         0.128     0.786 r  system_i/led_ip/inst/led_ip_v1_0_S_AXI_inst/slv_reg1_reg[21]/Q
                         net (fo=1, routed)           0.190     0.976    system_i/led_ip/inst/led_ip_v1_0_S_AXI_inst/slv_reg1[21]
    SLICE_X31Y90         LUT6 (Prop_lut6_I0_O)        0.098     1.074 r  system_i/led_ip/inst/led_ip_v1_0_S_AXI_inst/axi_rdata[21]_i_1/O
                         net (fo=1, routed)           0.000     1.074    system_i/led_ip/inst/led_ip_v1_0_S_AXI_inst/reg_data_out[21]
    SLICE_X31Y90         FDRE                                         r  system_i/led_ip/inst/led_ip_v1_0_S_AXI_inst/axi_rdata_reg[21]/D
  -------------------------------------------------------------------    -------------------

                         (clock clk_fpga_0 rise edge)
                                                      0.000     0.000 r  
    PS7_X0Y0             PS7                          0.000     0.000 r  system_i/processing_system7_0/inst/PS7_i/FCLKCLK[0]
                         net (fo=1821, routed)        0.916     0.916    system_i/led_ip/inst/led_ip_v1_0_S_AXI_inst/s_axi_aclk
    SLICE_X31Y90         FDRE                                         r  system_i/led_ip/inst/led_ip_v1_0_S_AXI_inst/axi_rdata_reg[21]/C
                         clock pessimism             -0.013     0.903    
    SLICE_X31Y90         FDRE (Hold_fdre_C_D)         0.091     0.994    system_i/led_ip/inst/led_ip_v1_0_S_AXI_inst/axi_rdata_reg[21]
  -------------------------------------------------------------------
                         required time                         -0.994    
                         arrival time                           1.074    
  -------------------------------------------------------------------
                         slack                                  0.080    

Slack (MET) :             0.083ns  (arrival time - required time)
  Source:                 system_i/axi_bram_ctrl_0/U0/gext_inst.abcv4_0_ext_inst/GEN_AXI4.I_FULL_AXI/I_RD_CHNL/GEN_NO_RD_CMD_OPT.GEN_RDATA_NO_ECC.GEN_RDATA_NO_RL_NO_ECC.GEN_RDATA[14].axi_rdata_int_reg[14]/C
                            (rising edge-triggered cell FDRE clocked by clk_fpga_0  {rise@0.000ns fall@5.000ns period=10.000ns})
  Destination:            system_i/ps7_0_axi_periph/xbar/inst/gen_sasd.crossbar_sasd_0/reg_slice_r/skid_buffer_reg[17]/D
                            (rising edge-triggered cell FDRE clocked by clk_fpga_0  {rise@0.000ns fall@5.000ns period=10.000ns})
  Path Group:             clk_fpga_0
  Path Type:              Hold (Min at Fast Process Corner)
  Requirement:            0.000ns  (clk_fpga_0 rise@0.000ns - clk_fpga_0 rise@0.000ns)
  Data Path Delay:        1.042ns  (logic 0.275ns (26.387%)  route 0.767ns (73.613%))
  Logic Levels:           2  (LUT4=1 LUT5=1)
  Clock Path Skew:        0.973ns (DCD - SCD - CPR)
    Destination Clock Delay (DCD):    1.650ns
    Source Clock Delay      (SCD):    0.664ns
    Clock Pessimism Removal (CPR):    0.013ns

    Location             Delay type                Incr(ns)  Path(ns)    Netlist Resource(s)
  -------------------------------------------------------------------    -------------------
                         (clock clk_fpga_0 rise edge)
                                                      0.000     0.000 r  
    PS7_X0Y0             PS7                          0.000     0.000 r  system_i/processing_system7_0/inst/PS7_i/FCLKCLK[0]
                         net (fo=1821, routed)        0.664     0.664    system_i/axi_bram_ctrl_0/U0/gext_inst.abcv4_0_ext_inst/GEN_AXI4.I_FULL_AXI/I_RD_CHNL/s_axi_aclk
    SLICE_X33Y89         FDRE                                         r  system_i/axi_bram_ctrl_0/U0/gext_inst.abcv4_0_ext_inst/GEN_AXI4.I_FULL_AXI/I_RD_CHNL/GEN_NO_RD_CMD_OPT.GEN_RDATA_NO_ECC.GEN_RDATA_NO_RL_NO_ECC.GEN_RDATA[14].axi_rdata_int_reg[14]/C
  -------------------------------------------------------------------    -------------------
    SLICE_X33Y89         FDRE (Prop_fdre_C_Q)         0.128     0.792 r  system_i/axi_bram_ctrl_0/U0/gext_inst.abcv4_0_ext_inst/GEN_AXI4.I_FULL_AXI/I_RD_CHNL/GEN_NO_RD_CMD_OPT.GEN_RDATA_NO_ECC.GEN_RDATA_NO_RL_NO_ECC.GEN_RDATA[14].axi_rdata_int_reg[14]/Q
                         net (fo=1, routed)           0.402     1.194    system_i/ps7_0_axi_periph/xbar/inst/gen_sasd.crossbar_sasd_0/reg_slice_r/m_axi_rdata[110]
    SLICE_X33Y89         LUT5 (Prop_lut5_I4_O)        0.099     1.293 f  system_i/ps7_0_axi_periph/xbar/inst/gen_sasd.crossbar_sasd_0/reg_slice_r/m_payload_i[17]_i_3/O
                         net (fo=1, routed)           0.239     1.532    system_i/ps7_0_axi_periph/xbar/inst/gen_sasd.crossbar_sasd_0/reg_slice_r/m_payload_i[17]_i_3_n_0
    SLICE_X32Y93         LUT4 (Prop_lut4_I3_O)        0.048     1.580 r  system_i/ps7_0_axi_periph/xbar/inst/gen_sasd.crossbar_sasd_0/reg_slice_r/m_payload_i[17]_i_1/O
                         net (fo=2, routed)           0.126     1.706    system_i/ps7_0_axi_periph/xbar/inst/gen_sasd.crossbar_sasd_0/reg_slice_r/skid_buffer[17]
    SLICE_X32Y93         FDRE                                         r  system_i/ps7_0_axi_periph/xbar/inst/gen_sasd.crossbar_sasd_0/reg_slice_r/skid_buffer_reg[17]/D
  -------------------------------------------------------------------    -------------------

                         (clock clk_fpga_0 rise edge)
                                                      0.000     0.000 r  
    PS7_X0Y0             PS7                          0.000     0.000 r  system_i/processing_system7_0/inst/PS7_i/FCLKCLK[0]
                         net (fo=1821, routed)        1.650     1.650    system_i/ps7_0_axi_periph/xbar/inst/gen_sasd.crossbar_sasd_0/reg_slice_r/aclk
    SLICE_X32Y93         FDRE                                         r  system_i/ps7_0_axi_periph/xbar/inst/gen_sasd.crossbar_sasd_0/reg_slice_r/skid_buffer_reg[17]/C
                         clock pessimism             -0.013     1.637    
    SLICE_X32Y93         FDRE (Hold_fdre_C_D)        -0.014     1.623    system_i/ps7_0_axi_periph/xbar/inst/gen_sasd.crossbar_sasd_0/reg_slice_r/skid_buffer_reg[17]
  -------------------------------------------------------------------
                         required time                         -1.623    
                         arrival time                           1.706    
  -------------------------------------------------------------------
                         slack                                  0.083    

Slack (MET) :             0.084ns  (arrival time - required time)
  Source:                 system_i/led_ip/inst/led_ip_v1_0_S_AXI_inst/axi_rdata_reg[23]/C
                            (rising edge-triggered cell FDRE clocked by clk_fpga_0  {rise@0.000ns fall@5.000ns period=10.000ns})
  Destination:            system_i/ps7_0_axi_periph/m02_couplers/auto_pc/inst/gen_axilite.gen_b2s_conv.axilite_b2s/RD.r_channel_0/rd_data_fifo_0/memory_reg[31][23]_srl32/D
                            (rising edge-triggered cell SRLC32E clocked by clk_fpga_0  {rise@0.000ns fall@5.000ns period=10.000ns})
  Path Group:             clk_fpga_0
  Path Type:              Hold (Min at Fast Process Corner)
  Requirement:            0.000ns  (clk_fpga_0 rise@0.000ns - clk_fpga_0 rise@0.000ns)
  Data Path Delay:        0.446ns  (logic 0.141ns (31.583%)  route 0.305ns (68.417%))
  Logic Levels:           0  
  Clock Path Skew:        0.246ns (DCD - SCD - CPR)
    Destination Clock Delay (DCD):    0.682ns
    Source Clock Delay      (SCD):    0.424ns
    Clock Pessimism Removal (CPR):    0.013ns

    Location             Delay type                Incr(ns)  Path(ns)    Netlist Resource(s)
  -------------------------------------------------------------------    -------------------
                         (clock clk_fpga_0 rise edge)
                                                      0.000     0.000 r  
    PS7_X0Y0             PS7                          0.000     0.000 r  system_i/processing_system7_0/inst/PS7_i/FCLKCLK[0]
                         net (fo=1821, routed)        0.424     0.424    system_i/led_ip/inst/led_ip_v1_0_S_AXI_inst/s_axi_aclk
    SLICE_X27Y88         FDRE                                         r  system_i/led_ip/inst/led_ip_v1_0_S_AXI_inst/axi_rdata_reg[23]/C
  -------------------------------------------------------------------    -------------------
    SLICE_X27Y88         FDRE (Prop_fdre_C_Q)         0.141     0.565 r  system_i/led_ip/inst/led_ip_v1_0_S_AXI_inst/axi_rdata_reg[23]/Q
                         net (fo=1, routed)           0.305     0.870    system_i/ps7_0_axi_periph/m02_couplers/auto_pc/inst/gen_axilite.gen_b2s_conv.axilite_b2s/RD.r_channel_0/rd_data_fifo_0/in[23]
    SLICE_X26Y91         SRLC32E                                      r  system_i/ps7_0_axi_periph/m02_couplers/auto_pc/inst/gen_axilite.gen_b2s_conv.axilite_b2s/RD.r_channel_0/rd_data_fifo_0/memory_reg[31][23]_srl32/D
  -------------------------------------------------------------------    -------------------

                         (clock clk_fpga_0 rise edge)
                                                      0.000     0.000 r  
    PS7_X0Y0             PS7                          0.000     0.000 r  system_i/processing_system7_0/inst/PS7_i/FCLKCLK[0]
                         net (fo=1821, routed)        0.682     0.682    system_i/ps7_0_axi_periph/m02_couplers/auto_pc/inst/gen_axilite.gen_b2s_conv.axilite_b2s/RD.r_channel_0/rd_data_fifo_0/aclk
    SLICE_X26Y91         SRLC32E                                      r  system_i/ps7_0_axi_periph/m02_couplers/auto_pc/inst/gen_axilite.gen_b2s_conv.axilite_b2s/RD.r_channel_0/rd_data_fifo_0/memory_reg[31][23]_srl32/CLK
                         clock pessimism             -0.013     0.669    
    SLICE_X26Y91         SRLC32E (Hold_srlc32e_CLK_D)
                                                      0.117     0.786    system_i/ps7_0_axi_periph/m02_couplers/auto_pc/inst/gen_axilite.gen_b2s_conv.axilite_b2s/RD.r_channel_0/rd_data_fifo_0/memory_reg[31][23]_srl32
  -------------------------------------------------------------------
                         required time                         -0.786    
                         arrival time                           0.870    
  -------------------------------------------------------------------
                         slack                                  0.084    

Slack (MET) :             0.085ns  (arrival time - required time)
  Source:                 system_i/ps7_0_axi_periph/xbar/inst/gen_sasd.crossbar_sasd_0/addr_arbiter_inst/gen_no_arbiter.m_amesg_i_reg[44]/C
                            (rising edge-triggered cell FDRE clocked by clk_fpga_0  {rise@0.000ns fall@5.000ns period=10.000ns})
  Destination:            system_i/axi_bram_ctrl_0/U0/gext_inst.abcv4_0_ext_inst/GEN_AXI4.I_FULL_AXI/I_WR_CHNL/I_WRAP_BRST/wrap_burst_total_reg[2]/D
                            (rising edge-triggered cell FDRE clocked by clk_fpga_0  {rise@0.000ns fall@5.000ns period=10.000ns})
  Path Group:             clk_fpga_0
  Path Type:              Hold (Min at Fast Process Corner)
  Requirement:            0.000ns  (clk_fpga_0 rise@0.000ns - clk_fpga_0 rise@0.000ns)
  Data Path Delay:        0.670ns  (logic 0.212ns (31.654%)  route 0.458ns (68.346%))
  Logic Levels:           1  (LUT5=1)
  Clock Path Skew:        0.478ns (DCD - SCD - CPR)
    Destination Clock Delay (DCD):    1.149ns
    Source Clock Delay      (SCD):    0.658ns
    Clock Pessimism Removal (CPR):    0.013ns

    Location             Delay type                Incr(ns)  Path(ns)    Netlist Resource(s)
  -------------------------------------------------------------------    -------------------
                         (clock clk_fpga_0 rise edge)
                                                      0.000     0.000 r  
    PS7_X0Y0             PS7                          0.000     0.000 r  system_i/processing_system7_0/inst/PS7_i/FCLKCLK[0]
                         net (fo=1821, routed)        0.658     0.658    system_i/ps7_0_axi_periph/xbar/inst/gen_sasd.crossbar_sasd_0/addr_arbiter_inst/aclk
    SLICE_X26Y90         FDRE                                         r  system_i/ps7_0_axi_periph/xbar/inst/gen_sasd.crossbar_sasd_0/addr_arbiter_inst/gen_no_arbiter.m_amesg_i_reg[44]/C
  -------------------------------------------------------------------    -------------------
    SLICE_X26Y90         FDRE (Prop_fdre_C_Q)         0.164     0.822 r  system_i/ps7_0_axi_periph/xbar/inst/gen_sasd.crossbar_sasd_0/addr_arbiter_inst/gen_no_arbiter.m_amesg_i_reg[44]/Q
                         net (fo=23, routed)          0.458     1.280    system_i/axi_bram_ctrl_0/U0/gext_inst.abcv4_0_ext_inst/GEN_AXI4.I_FULL_AXI/I_WR_CHNL/I_WRAP_BRST/s_axi_awlen[0]
    SLICE_X33Y84         LUT5 (Prop_lut5_I1_O)        0.048     1.328 r  system_i/axi_bram_ctrl_0/U0/gext_inst.abcv4_0_ext_inst/GEN_AXI4.I_FULL_AXI/I_WR_CHNL/I_WRAP_BRST/wrap_burst_total[2]_i_1/O
                         net (fo=1, routed)           0.000     1.328    system_i/axi_bram_ctrl_0/U0/gext_inst.abcv4_0_ext_inst/GEN_AXI4.I_FULL_AXI/I_WR_CHNL/I_WRAP_BRST/wrap_burst_total[2]_i_1_n_0
    SLICE_X33Y84         FDRE                                         r  system_i/axi_bram_ctrl_0/U0/gext_inst.abcv4_0_ext_inst/GEN_AXI4.I_FULL_AXI/I_WR_CHNL/I_WRAP_BRST/wrap_burst_total_reg[2]/D
  -------------------------------------------------------------------    -------------------

                         (clock clk_fpga_0 rise edge)
                                                      0.000     0.000 r  
    PS7_X0Y0             PS7                          0.000     0.000 r  system_i/processing_system7_0/inst/PS7_i/FCLKCLK[0]
                         net (fo=1821, routed)        1.149     1.149    system_i/axi_bram_ctrl_0/U0/gext_inst.abcv4_0_ext_inst/GEN_AXI4.I_FULL_AXI/I_WR_CHNL/I_WRAP_BRST/s_axi_aclk
    SLICE_X33Y84         FDRE                                         r  system_i/axi_bram_ctrl_0/U0/gext_inst.abcv4_0_ext_inst/GEN_AXI4.I_FULL_AXI/I_WR_CHNL/I_WRAP_BRST/wrap_burst_total_reg[2]/C
                         clock pessimism             -0.013     1.136    
    SLICE_X33Y84         FDRE (Hold_fdre_C_D)         0.107     1.243    system_i/axi_bram_ctrl_0/U0/gext_inst.abcv4_0_ext_inst/GEN_AXI4.I_FULL_AXI/I_WR_CHNL/I_WRAP_BRST/wrap_burst_total_reg[2]
  -------------------------------------------------------------------
                         required time                         -1.243    
                         arrival time                           1.328    
  -------------------------------------------------------------------
                         slack                                  0.085    

Slack (MET) :             0.086ns  (arrival time - required time)
  Source:                 system_i/led_ip/inst/led_ip_v1_0_S_AXI_inst/slv_reg1_reg[27]/C
                            (rising edge-triggered cell FDRE clocked by clk_fpga_0  {rise@0.000ns fall@5.000ns period=10.000ns})
  Destination:            system_i/led_ip/inst/led_ip_v1_0_S_AXI_inst/axi_rdata_reg[27]/D
                            (rising edge-triggered cell FDRE clocked by clk_fpga_0  {rise@0.000ns fall@5.000ns period=10.000ns})
  Path Group:             clk_fpga_0
  Path Type:              Hold (Min at Fast Process Corner)
  Requirement:            0.000ns  (clk_fpga_0 rise@0.000ns - clk_fpga_0 rise@0.000ns)
  Data Path Delay:        0.741ns  (logic 0.186ns (25.104%)  route 0.555ns (74.896%))
  Logic Levels:           1  (LUT6=1)
  Clock Path Skew:        0.534ns (DCD - SCD - CPR)
    Destination Clock Delay (DCD):    1.225ns
    Source Clock Delay      (SCD):    0.665ns
    Clock Pessimism Removal (CPR):    0.027ns

    Location             Delay type                Incr(ns)  Path(ns)    Netlist Resource(s)
  -------------------------------------------------------------------    -------------------
                         (clock clk_fpga_0 rise edge)
                                                      0.000     0.000 r  
    PS7_X0Y0             PS7                          0.000     0.000 r  system_i/processing_system7_0/inst/PS7_i/FCLKCLK[0]
                         net (fo=1821, routed)        0.665     0.665    system_i/led_ip/inst/led_ip_v1_0_S_AXI_inst/s_axi_aclk
    SLICE_X31Y101        FDRE                                         r  system_i/led_ip/inst/led_ip_v1_0_S_AXI_inst/slv_reg1_reg[27]/C
  -------------------------------------------------------------------    -------------------
    SLICE_X31Y101        FDRE (Prop_fdre_C_Q)         0.141     0.806 r  system_i/led_ip/inst/led_ip_v1_0_S_AXI_inst/slv_reg1_reg[27]/Q
                         net (fo=1, routed)           0.555     1.361    system_i/led_ip/inst/led_ip_v1_0_S_AXI_inst/slv_reg1[27]
    SLICE_X30Y100        LUT6 (Prop_lut6_I0_O)        0.045     1.406 r  system_i/led_ip/inst/led_ip_v1_0_S_AXI_inst/axi_rdata[27]_i_1/O
                         net (fo=1, routed)           0.000     1.406    system_i/led_ip/inst/led_ip_v1_0_S_AXI_inst/reg_data_out[27]
    SLICE_X30Y100        FDRE                                         r  system_i/led_ip/inst/led_ip_v1_0_S_AXI_inst/axi_rdata_reg[27]/D
  -------------------------------------------------------------------    -------------------

                         (clock clk_fpga_0 rise edge)
                                                      0.000     0.000 r  
    PS7_X0Y0             PS7                          0.000     0.000 r  system_i/processing_system7_0/inst/PS7_i/FCLKCLK[0]
                         net (fo=1821, routed)        1.225     1.225    system_i/led_ip/inst/led_ip_v1_0_S_AXI_inst/s_axi_aclk
    SLICE_X30Y100        FDRE                                         r  system_i/led_ip/inst/led_ip_v1_0_S_AXI_inst/axi_rdata_reg[27]/C
                         clock pessimism             -0.027     1.198    
    SLICE_X30Y100        FDRE (Hold_fdre_C_D)         0.121     1.319    system_i/led_ip/inst/led_ip_v1_0_S_AXI_inst/axi_rdata_reg[27]
  -------------------------------------------------------------------
                         required time                         -1.319    
                         arrival time                           1.406    
  -------------------------------------------------------------------
                         slack                                  0.086    

Slack (MET) :             0.087ns  (arrival time - required time)
  Source:                 system_i/ps7_0_axi_periph/m01_couplers/auto_pc/inst/gen_axilite.gen_b2s_conv.axilite_b2s/RD.r_channel_0/rd_data_fifo_0/memory_reg[31][18]_srl32/CLK
                            (rising edge-triggered cell SRLC32E clocked by clk_fpga_0  {rise@0.000ns fall@5.000ns period=10.000ns})
  Destination:            system_i/ps7_0_axi_periph/m01_couplers/auto_pc/inst/gen_axilite.gen_b2s_conv.axilite_b2s/SI_REG/r.r_pipe/skid_buffer_reg[18]/D
                            (rising edge-triggered cell FDRE clocked by clk_fpga_0  {rise@0.000ns fall@5.000ns period=10.000ns})
  Path Group:             clk_fpga_0
  Path Type:              Hold (Min at Fast Process Corner)
  Requirement:            0.000ns  (clk_fpga_0 rise@0.000ns - clk_fpga_0 rise@0.000ns)
  Data Path Delay:        1.076ns  (logic 0.484ns (44.963%)  route 0.592ns (55.037%))
  Logic Levels:           0  
  Clock Path Skew:        0.944ns (DCD - SCD - CPR)
    Destination Clock Delay (DCD):    1.497ns
    Source Clock Delay      (SCD):    0.540ns
    Clock Pessimism Removal (CPR):    0.013ns

    Location             Delay type                Incr(ns)  Path(ns)    Netlist Resource(s)
  -------------------------------------------------------------------    -------------------
                         (clock clk_fpga_0 rise edge)
                                                      0.000     0.000 r  
    PS7_X0Y0             PS7                          0.000     0.000 r  system_i/processing_system7_0/inst/PS7_i/FCLKCLK[0]
                         net (fo=1821, routed)        0.540     0.540    system_i/ps7_0_axi_periph/m01_couplers/auto_pc/inst/gen_axilite.gen_b2s_conv.axilite_b2s/RD.r_channel_0/rd_data_fifo_0/aclk
    SLICE_X30Y91         SRLC32E                                      r  system_i/ps7_0_axi_periph/m01_couplers/auto_pc/inst/gen_axilite.gen_b2s_conv.axilite_b2s/RD.r_channel_0/rd_data_fifo_0/memory_reg[31][18]_srl32/CLK
  -------------------------------------------------------------------    -------------------
    SLICE_X30Y91         SRLC32E (Prop_srlc32e_CLK_Q)
                                                      0.484     1.024 r  system_i/ps7_0_axi_periph/m01_couplers/auto_pc/inst/gen_axilite.gen_b2s_conv.axilite_b2s/RD.r_channel_0/rd_data_fifo_0/memory_reg[31][18]_srl32/Q
                         net (fo=2, routed)           0.592     1.617    system_i/ps7_0_axi_periph/m01_couplers/auto_pc/inst/gen_axilite.gen_b2s_conv.axilite_b2s/SI_REG/r.r_pipe/skid_buffer_reg[33]_0[18]
    SLICE_X31Y92         FDRE                                         r  system_i/ps7_0_axi_periph/m01_couplers/auto_pc/inst/gen_axilite.gen_b2s_conv.axilite_b2s/SI_REG/r.r_pipe/skid_buffer_reg[18]/D
  -------------------------------------------------------------------    -------------------

                         (clock clk_fpga_0 rise edge)
                                                      0.000     0.000 r  
    PS7_X0Y0             PS7                          0.000     0.000 r  system_i/processing_system7_0/inst/PS7_i/FCLKCLK[0]
                         net (fo=1821, routed)        1.497     1.497    system_i/ps7_0_axi_periph/m01_couplers/auto_pc/inst/gen_axilite.gen_b2s_conv.axilite_b2s/SI_REG/r.r_pipe/aclk
    SLICE_X31Y92         FDRE                                         r  system_i/ps7_0_axi_periph/m01_couplers/auto_pc/inst/gen_axilite.gen_b2s_conv.axilite_b2s/SI_REG/r.r_pipe/skid_buffer_reg[18]/C
                         clock pessimism             -0.013     1.484    
    SLICE_X31Y92         FDRE (Hold_fdre_C_D)         0.046     1.530    system_i/ps7_0_axi_periph/m01_couplers/auto_pc/inst/gen_axilite.gen_b2s_conv.axilite_b2s/SI_REG/r.r_pipe/skid_buffer_reg[18]
  -------------------------------------------------------------------
                         required time                         -1.530    
                         arrival time                           1.617    
  -------------------------------------------------------------------
                         slack                                  0.087    

Slack (MET) :             0.087ns  (arrival time - required time)
  Source:                 system_i/ps7_0_axi_periph/m01_couplers/auto_pc/inst/gen_axilite.gen_b2s_conv.axilite_b2s/RD.r_channel_0/rd_data_fifo_0/memory_reg[31][9]_srl32/CLK
                            (rising edge-triggered cell SRLC32E clocked by clk_fpga_0  {rise@0.000ns fall@5.000ns period=10.000ns})
  Destination:            system_i/ps7_0_axi_periph/m01_couplers/auto_pc/inst/gen_axilite.gen_b2s_conv.axilite_b2s/SI_REG/r.r_pipe/skid_buffer_reg[9]/D
                            (rising edge-triggered cell FDRE clocked by clk_fpga_0  {rise@0.000ns fall@5.000ns period=10.000ns})
  Path Group:             clk_fpga_0
  Path Type:              Hold (Min at Fast Process Corner)
  Requirement:            0.000ns  (clk_fpga_0 rise@0.000ns - clk_fpga_0 rise@0.000ns)
  Data Path Delay:        1.092ns  (logic 0.484ns (44.305%)  route 0.608ns (55.695%))
  Logic Levels:           0  
  Clock Path Skew:        0.927ns (DCD - SCD - CPR)
    Destination Clock Delay (DCD):    2.167ns
    Source Clock Delay      (SCD):    1.227ns
    Clock Pessimism Removal (CPR):    0.013ns

    Location             Delay type                Incr(ns)  Path(ns)    Netlist Resource(s)
  -------------------------------------------------------------------    -------------------
                         (clock clk_fpga_0 rise edge)
                                                      0.000     0.000 r  
    PS7_X0Y0             PS7                          0.000     0.000 r  system_i/processing_system7_0/inst/PS7_i/FCLKCLK[0]
                         net (fo=1821, routed)        1.227     1.227    system_i/ps7_0_axi_periph/m01_couplers/auto_pc/inst/gen_axilite.gen_b2s_conv.axilite_b2s/RD.r_channel_0/rd_data_fifo_0/aclk
    SLICE_X34Y89         SRLC32E                                      r  system_i/ps7_0_axi_periph/m01_couplers/auto_pc/inst/gen_axilite.gen_b2s_conv.axilite_b2s/RD.r_channel_0/rd_data_fifo_0/memory_reg[31][9]_srl32/CLK
  -------------------------------------------------------------------    -------------------
    SLICE_X34Y89         SRLC32E (Prop_srlc32e_CLK_Q)
                                                      0.484     1.711 r  system_i/ps7_0_axi_periph/m01_couplers/auto_pc/inst/gen_axilite.gen_b2s_conv.axilite_b2s/RD.r_channel_0/rd_data_fifo_0/memory_reg[31][9]_srl32/Q
                         net (fo=2, routed)           0.608     2.320    system_i/ps7_0_axi_periph/m01_couplers/auto_pc/inst/gen_axilite.gen_b2s_conv.axilite_b2s/SI_REG/r.r_pipe/skid_buffer_reg[33]_0[9]
    SLICE_X35Y92         FDRE                                         r  system_i/ps7_0_axi_periph/m01_couplers/auto_pc/inst/gen_axilite.gen_b2s_conv.axilite_b2s/SI_REG/r.r_pipe/skid_buffer_reg[9]/D
  -------------------------------------------------------------------    -------------------

                         (clock clk_fpga_0 rise edge)
                                                      0.000     0.000 r  
    PS7_X0Y0             PS7                          0.000     0.000 r  system_i/processing_system7_0/inst/PS7_i/FCLKCLK[0]
                         net (fo=1821, routed)        2.167     2.167    system_i/ps7_0_axi_periph/m01_couplers/auto_pc/inst/gen_axilite.gen_b2s_conv.axilite_b2s/SI_REG/r.r_pipe/aclk
    SLICE_X35Y92         FDRE                                         r  system_i/ps7_0_axi_periph/m01_couplers/auto_pc/inst/gen_axilite.gen_b2s_conv.axilite_b2s/SI_REG/r.r_pipe/skid_buffer_reg[9]/C
                         clock pessimism             -0.013     2.154    
    SLICE_X35Y92         FDRE (Hold_fdre_C_D)         0.078     2.232    system_i/ps7_0_axi_periph/m01_couplers/auto_pc/inst/gen_axilite.gen_b2s_conv.axilite_b2s/SI_REG/r.r_pipe/skid_buffer_reg[9]
  -------------------------------------------------------------------
                         required time                         -2.232    
                         arrival time                           2.320    
  -------------------------------------------------------------------
                         slack                                  0.087    





Pulse Width Checks
--------------------------------------------------------------------------------------
Clock Name:         clk_fpga_0
Waveform(ns):       { 0.000 5.000 }
Period(ns):         10.000
Sources:            { system_i/processing_system7_0/inst/PS7_i/FCLKCLK[0] }

Check Type        Corner  Lib Pin             Reference Pin  Required(ns)  Actual(ns)  Slack(ns)  Location       Pin
Min Period        n/a     RAMB36E1/CLKARDCLK  n/a            2.576         10.000      7.424      RAMB36_X2Y17   system_i/axi_bram_ctrl_0_bram/U0/inst_blk_mem_gen/gnbram.gnative_mem_map_bmg.native_mem_map_blk_mem_gen/valid.cstr/ramloop[1].ram.r/prim_noinit.ram/DEVICE_7SERIES.WITH_BMM_INFO.SP.SIMPLE_PRIM36.SP_NO_ECC_ATTR.ram/CLKARDCLK
Min Period        n/a     RAMB36E1/CLKBWRCLK  n/a            2.576         10.000      7.424      RAMB36_X2Y17   system_i/axi_bram_ctrl_0_bram/U0/inst_blk_mem_gen/gnbram.gnative_mem_map_bmg.native_mem_map_blk_mem_gen/valid.cstr/ramloop[1].ram.r/prim_noinit.ram/DEVICE_7SERIES.WITH_BMM_INFO.SP.SIMPLE_PRIM36.SP_NO_ECC_ATTR.ram/CLKBWRCLK
Min Period        n/a     RAMB36E1/CLKARDCLK  n/a            2.576         10.000      7.424      RAMB36_X2Y16   system_i/axi_bram_ctrl_0_bram/U0/inst_blk_mem_gen/gnbram.gnative_mem_map_bmg.native_mem_map_blk_mem_gen/valid.cstr/ramloop[0].ram.r/prim_noinit.ram/DEVICE_7SERIES.WITH_BMM_INFO.SP.SIMPLE_PRIM36.SP_NO_ECC_ATTR.ram/CLKARDCLK
Min Period        n/a     RAMB36E1/CLKBWRCLK  n/a            2.576         10.000      7.424      RAMB36_X2Y16   system_i/axi_bram_ctrl_0_bram/U0/inst_blk_mem_gen/gnbram.gnative_mem_map_bmg.native_mem_map_blk_mem_gen/valid.cstr/ramloop[0].ram.r/prim_noinit.ram/DEVICE_7SERIES.WITH_BMM_INFO.SP.SIMPLE_PRIM36.SP_NO_ECC_ATTR.ram/CLKBWRCLK
Min Period        n/a     FDRE/C              n/a            1.000         10.000      9.000      SLICE_X31Y83   system_i/axi_bram_ctrl_0/U0/gext_inst.abcv4_0_ext_inst/GEN_AXI4.I_FULL_AXI/I_WR_CHNL/GEN_WRDATA[3].bram_wrdata_int_reg[3]/C
Min Period        n/a     FDRE/C              n/a            1.000         10.000      9.000      SLICE_X31Y82   system_i/axi_bram_ctrl_0/U0/gext_inst.abcv4_0_ext_inst/GEN_AXI4.I_FULL_AXI/I_WR_CHNL/GEN_WRDATA[4].bram_wrdata_int_reg[4]/C
Min Period        n/a     FDRE/C              n/a            1.000         10.000      9.000      SLICE_X31Y83   system_i/axi_bram_ctrl_0/U0/gext_inst.abcv4_0_ext_inst/GEN_AXI4.I_FULL_AXI/I_WR_CHNL/GEN_WRDATA[5].bram_wrdata_int_reg[5]/C
Min Period        n/a     FDRE/C              n/a            1.000         10.000      9.000      SLICE_X31Y82   system_i/axi_bram_ctrl_0/U0/gext_inst.abcv4_0_ext_inst/GEN_AXI4.I_FULL_AXI/I_WR_CHNL/GEN_WRDATA[6].bram_wrdata_int_reg[6]/C
Min Period        n/a     FDRE/C              n/a            1.000         10.000      9.000      SLICE_X31Y83   system_i/axi_bram_ctrl_0/U0/gext_inst.abcv4_0_ext_inst/GEN_AXI4.I_FULL_AXI/I_WR_CHNL/GEN_WRDATA[7].bram_wrdata_int_reg[7]/C
Min Period        n/a     FDRE/C              n/a            1.000         10.000      9.000      SLICE_X28Y81   system_i/axi_bram_ctrl_0/U0/gext_inst.abcv4_0_ext_inst/GEN_AXI4.I_FULL_AXI/I_WR_CHNL/GEN_WRDATA[8].bram_wrdata_int_reg[8]/C
Low Pulse Width   Slow    SRL16E/CLK          n/a            0.980         5.000       4.020      SLICE_X30Y82   system_i/axi_bram_ctrl_0_bram/U0/inst_blk_mem_gen/gnbram.gnative_mem_map_bmg.native_mem_map_blk_mem_gen/valid.cstr/ramloop[1].ram.r/SAFETY_CKT_GEN.RSTA_SHFT_REG_reg[3]_srl3/CLK
Low Pulse Width   Fast    SRL16E/CLK          n/a            0.980         5.000       4.020      SLICE_X38Y101  system_i/ps7_0_axi_periph/m01_couplers/auto_pc/inst/gen_axilite.gen_b2s_conv.axilite_b2s/WR.b_channel_0/bid_fifo_0/memory_reg[3][0]_srl4/CLK
Low Pulse Width   Fast    SRL16E/CLK          n/a            0.980         5.000       4.020      SLICE_X38Y101  system_i/ps7_0_axi_periph/m01_couplers/auto_pc/inst/gen_axilite.gen_b2s_conv.axilite_b2s/WR.b_channel_0/bid_fifo_0/memory_reg[3][1]_srl4/CLK
Low Pulse Width   Fast    SRL16E/CLK          n/a            0.980         5.000       4.020      SLICE_X38Y101  system_i/ps7_0_axi_periph/m01_couplers/auto_pc/inst/gen_axilite.gen_b2s_conv.axilite_b2s/WR.b_channel_0/bid_fifo_0/memory_reg[3][2]_srl4/CLK
Low Pulse Width   Fast    SRL16E/CLK          n/a            0.980         5.000       4.020      SLICE_X38Y101  system_i/ps7_0_axi_periph/m01_couplers/auto_pc/inst/gen_axilite.gen_b2s_conv.axilite_b2s/WR.b_channel_0/bid_fifo_0/memory_reg[3][3]_srl4/CLK
Low Pulse Width   Fast    SRL16E/CLK          n/a            0.980         5.000       4.020      SLICE_X38Y102  system_i/ps7_0_axi_periph/m01_couplers/auto_pc/inst/gen_axilite.gen_b2s_conv.axilite_b2s/WR.b_channel_0/bresp_fifo_0/memory_reg[3][0]_srl4/CLK
Low Pulse Width   Fast    SRL16E/CLK          n/a            0.980         5.000       4.020      SLICE_X38Y102  system_i/ps7_0_axi_periph/m01_couplers/auto_pc/inst/gen_axilite.gen_b2s_conv.axilite_b2s/WR.b_channel_0/bresp_fifo_0/memory_reg[3][1]_srl4/CLK
Low Pulse Width   Slow    SRLC32E/CLK         n/a            0.980         5.000       4.020      SLICE_X34Y96   system_i/ps7_0_axi_periph/m01_couplers/auto_pc/inst/gen_axilite.gen_b2s_conv.axilite_b2s/RD.r_channel_0/rd_data_fifo_0/memory_reg[31][0]_srl32/CLK
Low Pulse Width   Slow    SRLC32E/CLK         n/a            0.980         5.000       4.020      SLICE_X30Y91   system_i/ps7_0_axi_periph/m01_couplers/auto_pc/inst/gen_axilite.gen_b2s_conv.axilite_b2s/RD.r_channel_0/rd_data_fifo_0/memory_reg[31][10]_srl32/CLK
Low Pulse Width   Fast    SRLC32E/CLK         n/a            0.980         5.000       4.020      SLICE_X30Y91   system_i/ps7_0_axi_periph/m01_couplers/auto_pc/inst/gen_axilite.gen_b2s_conv.axilite_b2s/RD.r_channel_0/rd_data_fifo_0/memory_reg[31][10]_srl32/CLK
High Pulse Width  Slow    SRLC32E/CLK         n/a            0.980         5.000       4.020      SLICE_X34Y92   system_i/ps7_0_axi_periph/m01_couplers/auto_pc/inst/gen_axilite.gen_b2s_conv.axilite_b2s/RD.r_channel_0/rd_data_fifo_0/memory_reg[31][15]_srl32/CLK
High Pulse Width  Fast    SRLC32E/CLK         n/a            0.980         5.000       4.020      SLICE_X34Y92   system_i/ps7_0_axi_periph/m01_couplers/auto_pc/inst/gen_axilite.gen_b2s_conv.axilite_b2s/RD.r_channel_0/rd_data_fifo_0/memory_reg[31][15]_srl32/CLK
High Pulse Width  Slow    SRLC32E/CLK         n/a            0.980         5.000       4.020      SLICE_X34Y92   system_i/ps7_0_axi_periph/m01_couplers/auto_pc/inst/gen_axilite.gen_b2s_conv.axilite_b2s/RD.r_channel_0/rd_data_fifo_0/memory_reg[31][20]_srl32/CLK
High Pulse Width  Fast    SRLC32E/CLK         n/a            0.980         5.000       4.020      SLICE_X34Y92   system_i/ps7_0_axi_periph/m01_couplers/auto_pc/inst/gen_axilite.gen_b2s_conv.axilite_b2s/RD.r_channel_0/rd_data_fifo_0/memory_reg[31][20]_srl32/CLK
High Pulse Width  Slow    SRLC32E/CLK         n/a            0.980         5.000       4.020      SLICE_X34Y92   system_i/ps7_0_axi_periph/m01_couplers/auto_pc/inst/gen_axilite.gen_b2s_conv.axilite_b2s/RD.r_channel_0/rd_data_fifo_0/memory_reg[31][21]_srl32/CLK
High Pulse Width  Fast    SRLC32E/CLK         n/a            0.980         5.000       4.020      SLICE_X34Y92   system_i/ps7_0_axi_periph/m01_couplers/auto_pc/inst/gen_axilite.gen_b2s_conv.axilite_b2s/RD.r_channel_0/rd_data_fifo_0/memory_reg[31][21]_srl32/CLK
High Pulse Width  Slow    SRLC32E/CLK         n/a            0.980         5.000       4.020      SLICE_X30Y92   system_i/ps7_0_axi_periph/m01_couplers/auto_pc/inst/gen_axilite.gen_b2s_conv.axilite_b2s/RD.r_channel_0/rd_data_fifo_0/memory_reg[31][22]_srl32/CLK
High Pulse Width  Slow    SRLC32E/CLK         n/a            0.980         5.000       4.020      SLICE_X30Y92   system_i/ps7_0_axi_periph/m01_couplers/auto_pc/inst/gen_axilite.gen_b2s_conv.axilite_b2s/RD.r_channel_0/rd_data_fifo_0/memory_reg[31][23]_srl32/CLK
High Pulse Width  Fast    SRLC32E/CLK         n/a            0.980         5.000       4.020      SLICE_X34Y93   system_i/ps7_0_axi_periph/m01_couplers/auto_pc/inst/gen_axilite.gen_b2s_conv.axilite_b2s/RD.r_channel_0/rd_data_fifo_0/memory_reg[31][26]_srl32/CLK
High Pulse Width  Fast    SRLC32E/CLK         n/a            0.980         5.000       4.020      SLICE_X34Y93   system_i/ps7_0_axi_periph/m01_couplers/auto_pc/inst/gen_axilite.gen_b2s_conv.axilite_b2s/RD.r_channel_0/rd_data_fifo_0/memory_reg[31][27]_srl32/CLK



